DEBUG - 2025-05-20 03:45:57 --> Session: Class initialized using 'CodeIgniter\Session\Handlers\FileHandler' driver.
DEBUG - 2025-05-20 03:45:57 --> Session: Class initialized using 'CodeIgniter\Session\Handlers\FileHandler' driver.
DEBUG - 2025-05-20 03:48:12 --> Session: Class initialized using 'CodeIgniter\Session\Handlers\FileHandler' driver.
DEBUG - 2025-05-20 03:48:12 --> Session: Class initialized using 'CodeIgniter\Session\Handlers\FileHandler' driver.
DEBUG - 2025-05-20 03:48:18 --> Session: Class initialized using 'CodeIgniter\Session\Handlers\FileHandler' driver.
DEBUG - 2025-05-20 03:48:18 --> Session: Class initialized using 'CodeIgniter\Session\Handlers\FileHandler' driver.
DEBUG - 2025-05-20 03:48:38 --> Session: Class initialized using 'CodeIgniter\Session\Handlers\FileHandler' driver.
DEBUG - 2025-05-20 03:48:38 --> Session: Class initialized using 'CodeIgniter\Session\Handlers\FileHandler' driver.
DEBUG - 2025-05-20 03:48:40 --> Session: Class initialized using 'CodeIgniter\Session\Handlers\FileHandler' driver.
DEBUG - 2025-05-20 03:48:40 --> Session: Class initialized using 'CodeIgniter\Session\Handlers\FileHandler' driver.
DEBUG - 2025-05-20 03:51:23 --> Session: Class initialized using 'CodeIgniter\Session\Handlers\FileHandler' driver.
DEBUG - 2025-05-20 03:51:23 --> Session: Class initialized using 'CodeIgniter\Session\Handlers\FileHandler' driver.
DEBUG - 2025-05-20 03:51:24 --> Session: Class initialized using 'CodeIgniter\Session\Handlers\FileHandler' driver.
DEBUG - 2025-05-20 03:51:24 --> Session: Class initialized using 'CodeIgniter\Session\Handlers\FileHandler' driver.
DEBUG - 2025-05-20 03:51:25 --> Session: Class initialized using 'CodeIgniter\Session\Handlers\FileHandler' driver.
DEBUG - 2025-05-20 03:51:25 --> Session: Class initialized using 'CodeIgniter\Session\Handlers\FileHandler' driver.
DEBUG - 2025-05-20 03:51:25 --> Session: Class initialized using 'CodeIgniter\Session\Handlers\FileHandler' driver.
DEBUG - 2025-05-20 03:51:26 --> Session: Class initialized using 'CodeIgniter\Session\Handlers\FileHandler' driver.
DEBUG - 2025-05-20 03:51:26 --> Session: Class initialized using 'CodeIgniter\Session\Handlers\FileHandler' driver.
DEBUG - 2025-05-20 03:51:27 --> Session: Class initialized using 'CodeIgniter\Session\Handlers\FileHandler' driver.
DEBUG - 2025-05-20 03:51:27 --> Session: Class initialized using 'CodeIgniter\Session\Handlers\FileHandler' driver.
DEBUG - 2025-05-20 03:51:27 --> Session: Class initialized using 'CodeIgniter\Session\Handlers\FileHandler' driver.
DEBUG - 2025-05-20 03:51:28 --> Session: Class initialized using 'CodeIgniter\Session\Handlers\FileHandler' driver.
DEBUG - 2025-05-20 03:51:28 --> Session: Class initialized using 'CodeIgniter\Session\Handlers\FileHandler' driver.
DEBUG - 2025-05-20 03:51:29 --> Session: Class initialized using 'CodeIgniter\Session\Handlers\FileHandler' driver.
DEBUG - 2025-05-20 03:51:29 --> Session: Class initialized using 'CodeIgniter\Session\Handlers\FileHandler' driver.
DEBUG - 2025-05-20 03:51:30 --> Session: Class initialized using 'CodeIgniter\Session\Handlers\FileHandler' driver.
DEBUG - 2025-05-20 03:51:30 --> Session: Class initialized using 'CodeIgniter\Session\Handlers\FileHandler' driver.
DEBUG - 2025-05-20 04:00:05 --> Session: Class initialized using 'CodeIgniter\Session\Handlers\FileHandler' driver.
DEBUG - 2025-05-20 04:00:06 --> Session: Class initialized using 'CodeIgniter\Session\Handlers\FileHandler' driver.
ERROR - 2025-05-20 04:11:26 --> mysqli_sql_exception: Table 'saiyoojyam.saiyoojyam_settings' doesn't exist in C:\xampp\htdocs\saiyoojyam\system\Database\MySQLi\Connection.php:327
Stack trace:
#0 C:\xampp\htdocs\saiyoojyam\system\Database\MySQLi\Connection.php(327): mysqli->query('SELECT *\nFROM `...', 0)
#1 C:\xampp\htdocs\saiyoojyam\system\Database\BaseConnection.php(738): CodeIgniter\Database\MySQLi\Connection->execute('SELECT *\nFROM `...')
#2 C:\xampp\htdocs\saiyoojyam\system\Database\BaseConnection.php(652): CodeIgniter\Database\BaseConnection->simpleQuery('SELECT *\nFROM `...')
#3 C:\xampp\htdocs\saiyoojyam\system\Database\BaseBuilder.php(1649): CodeIgniter\Database\BaseConnection->query('SELECT *\nFROM `...', Array, false)
#4 C:\xampp\htdocs\saiyoojyam\vendor\codeigniter4\settings\src\Handlers\DatabaseHandler.php(186): CodeIgniter\Database\BaseBuilder->get()
#5 C:\xampp\htdocs\saiyoojyam\vendor\codeigniter4\settings\src\Handlers\DatabaseHandler.php(51): CodeIgniter\Settings\Handlers\DatabaseHandler->hydrate(NULL)
#6 C:\xampp\htdocs\saiyoojyam\vendor\codeigniter4\settings\src\Settings.php(59): CodeIgniter\Settings\Handlers\DatabaseHandler->has('Config\\Auth', 'sessionConfig', NULL)
#7 C:\xampp\htdocs\saiyoojyam\vendor\codeigniter4\settings\src\Helpers\setting_helper.php(25): CodeIgniter\Settings\Settings->get('Auth.sessionCon...')
#8 C:\xampp\htdocs\saiyoojyam\vendor\codeigniter4\shield\src\Authentication\Authenticators\Session.php(685): setting('Auth.sessionCon...')
#9 C:\xampp\htdocs\saiyoojyam\vendor\codeigniter4\shield\src\Authentication\Authenticators\Session.php(703): CodeIgniter\Shield\Authentication\Authenticators\Session->getSessionUserInfo()
#10 C:\xampp\htdocs\saiyoojyam\vendor\codeigniter4\shield\src\Authentication\Authenticators\Session.php(390): CodeIgniter\Shield\Authentication\Authenticators\Session->getSessionUserKey('id')
#11 C:\xampp\htdocs\saiyoojyam\vendor\codeigniter4\shield\src\Authentication\Authenticators\Session.php(374): CodeIgniter\Shield\Authentication\Authenticators\Session->checkUserState()
#12 C:\xampp\htdocs\saiyoojyam\vendor\codeigniter4\shield\src\Auth.php(191): CodeIgniter\Shield\Authentication\Authenticators\Session->loggedIn()
#13 C:\xampp\htdocs\saiyoojyam\vendor\codeigniter4\shield\src\Collectors\Auth.php(76): CodeIgniter\Shield\Auth->__call('loggedIn', Array)
#14 C:\xampp\htdocs\saiyoojyam\system\Debug\Toolbar\Collectors\BaseCollector.php(228): CodeIgniter\Shield\Collectors\Auth->display()
#15 C:\xampp\htdocs\saiyoojyam\system\Debug\Toolbar.php(95): CodeIgniter\Debug\Toolbar\Collectors\BaseCollector->getAsArray()
#16 C:\xampp\htdocs\saiyoojyam\system\Debug\Toolbar.php(390): CodeIgniter\Debug\Toolbar->run(1747714286.0542, 0.0912, Object(CodeIgniter\HTTP\IncomingRequest), Object(CodeIgniter\HTTP\Response))
#17 C:\xampp\htdocs\saiyoojyam\system\Filters\DebugToolbar.php(44): CodeIgniter\Debug\Toolbar->prepare(Object(CodeIgniter\HTTP\IncomingRequest), Object(CodeIgniter\HTTP\Response))
#18 C:\xampp\htdocs\saiyoojyam\system\Filters\Filters.php(278): CodeIgniter\Filters\DebugToolbar->after(Object(CodeIgniter\HTTP\IncomingRequest), Object(CodeIgniter\HTTP\Response), NULL)
#19 C:\xampp\htdocs\saiyoojyam\system\Filters\Filters.php(364): CodeIgniter\Filters\Filters->runAfter(Array)
#20 C:\xampp\htdocs\saiyoojyam\system\CodeIgniter.php(407): CodeIgniter\Filters\Filters->runRequired('after')
#21 C:\xampp\htdocs\saiyoojyam\system\CodeIgniter.php(368): CodeIgniter\CodeIgniter->runRequiredAfterFilters(Object(CodeIgniter\Filters\Filters))
#22 C:\xampp\htdocs\saiyoojyam\system\Boot.php(334): CodeIgniter\CodeIgniter->run()
#23 C:\xampp\htdocs\saiyoojyam\system\Boot.php(67): CodeIgniter\Boot::runCodeIgniter(Object(CodeIgniter\CodeIgniter))
#24 C:\xampp\htdocs\saiyoojyam\public\index.php(59): CodeIgniter\Boot::bootWeb(Object(Config\Paths))
#25 {main}
CRITICAL - 2025-05-20 04:11:26 --> CodeIgniter\Database\Exceptions\DatabaseException: Table 'saiyoojyam.saiyoojyam_settings' doesn't exist
[Method: GET, Route: Admin/RoomType]
in SYSTEMPATH\Database\BaseConnection.php on line 692.
 1 SYSTEMPATH\Database\BaseBuilder.php(1649): CodeIgniter\Database\BaseConnection->query('SELECT *
FROM `saiyoojyam_settings`
WHERE `context` IS NULL', [], false)
 2 VENDORPATH\codeigniter4\settings\src\Handlers\DatabaseHandler.php(186): CodeIgniter\Database\BaseBuilder->get()
 3 VENDORPATH\codeigniter4\settings\src\Handlers\DatabaseHandler.php(51): CodeIgniter\Settings\Handlers\DatabaseHandler->hydrate(null)
 4 VENDORPATH\codeigniter4\settings\src\Settings.php(59): CodeIgniter\Settings\Handlers\DatabaseHandler->has('Config\\Auth', 'sessionConfig', null)
 5 VENDORPATH\codeigniter4\settings\src\Helpers\setting_helper.php(25): CodeIgniter\Settings\Settings->get('Auth.sessionConfig')
 6 VENDORPATH\codeigniter4\shield\src\Authentication\Authenticators\Session.php(685): setting('Auth.sessionConfig')
 7 VENDORPATH\codeigniter4\shield\src\Authentication\Authenticators\Session.php(703): CodeIgniter\Shield\Authentication\Authenticators\Session->getSessionUserInfo()
 8 VENDORPATH\codeigniter4\shield\src\Authentication\Authenticators\Session.php(390): CodeIgniter\Shield\Authentication\Authenticators\Session->getSessionUserKey('id')
 9 VENDORPATH\codeigniter4\shield\src\Authentication\Authenticators\Session.php(374): CodeIgniter\Shield\Authentication\Authenticators\Session->checkUserState()
10 VENDORPATH\codeigniter4\shield\src\Auth.php(191): CodeIgniter\Shield\Authentication\Authenticators\Session->loggedIn()
11 VENDORPATH\codeigniter4\shield\src\Collectors\Auth.php(76): CodeIgniter\Shield\Auth->__call('loggedIn', [])
12 SYSTEMPATH\Debug\Toolbar\Collectors\BaseCollector.php(228): CodeIgniter\Shield\Collectors\Auth->display()
13 SYSTEMPATH\Debug\Toolbar.php(95): CodeIgniter\Debug\Toolbar\Collectors\BaseCollector->getAsArray()
14 SYSTEMPATH\Debug\Toolbar.php(390): CodeIgniter\Debug\Toolbar->run(1747714286.054214, 0.0912, Object(CodeIgniter\HTTP\IncomingRequest), Object(CodeIgniter\HTTP\Response))
15 SYSTEMPATH\Filters\DebugToolbar.php(44): CodeIgniter\Debug\Toolbar->prepare(Object(CodeIgniter\HTTP\IncomingRequest), Object(CodeIgniter\HTTP\Response))
16 SYSTEMPATH\Filters\Filters.php(278): CodeIgniter\Filters\DebugToolbar->after(Object(CodeIgniter\HTTP\IncomingRequest), Object(CodeIgniter\HTTP\Response), null)
17 SYSTEMPATH\Filters\Filters.php(364): CodeIgniter\Filters\Filters->runAfter([...])
18 SYSTEMPATH\CodeIgniter.php(407): CodeIgniter\Filters\Filters->runRequired('after')
19 SYSTEMPATH\CodeIgniter.php(368): CodeIgniter\CodeIgniter->runRequiredAfterFilters(Object(CodeIgniter\Filters\Filters))
20 SYSTEMPATH\Boot.php(334): CodeIgniter\CodeIgniter->run()
21 SYSTEMPATH\Boot.php(67): CodeIgniter\Boot::runCodeIgniter(Object(CodeIgniter\CodeIgniter))
22 FCPATH\index.php(59): CodeIgniter\Boot::bootWeb(Object(Config\Paths))
CRITICAL - 2025-05-20 04:11:26 --> [Caused by] CodeIgniter\Database\Exceptions\DatabaseException: Table 'saiyoojyam.saiyoojyam_settings' doesn't exist
in SYSTEMPATH\Database\MySQLi\Connection.php on line 332.
 1 SYSTEMPATH\Database\BaseConnection.php(738): CodeIgniter\Database\MySQLi\Connection->execute('SELECT *
FROM `saiyoojyam_settings`
WHERE `context` IS NULL')
 2 SYSTEMPATH\Database\BaseConnection.php(652): CodeIgniter\Database\BaseConnection->simpleQuery('SELECT *
FROM `saiyoojyam_settings`
WHERE `context` IS NULL')
 3 SYSTEMPATH\Database\BaseBuilder.php(1649): CodeIgniter\Database\BaseConnection->query('SELECT *
FROM `saiyoojyam_settings`
WHERE `context` IS NULL', [], false)
 4 VENDORPATH\codeigniter4\settings\src\Handlers\DatabaseHandler.php(186): CodeIgniter\Database\BaseBuilder->get()
 5 VENDORPATH\codeigniter4\settings\src\Handlers\DatabaseHandler.php(51): CodeIgniter\Settings\Handlers\DatabaseHandler->hydrate(null)
 6 VENDORPATH\codeigniter4\settings\src\Settings.php(59): CodeIgniter\Settings\Handlers\DatabaseHandler->has('Config\\Auth', 'sessionConfig', null)
 7 VENDORPATH\codeigniter4\settings\src\Helpers\setting_helper.php(25): CodeIgniter\Settings\Settings->get('Auth.sessionConfig')
 8 VENDORPATH\codeigniter4\shield\src\Authentication\Authenticators\Session.php(685): setting('Auth.sessionConfig')
 9 VENDORPATH\codeigniter4\shield\src\Authentication\Authenticators\Session.php(703): CodeIgniter\Shield\Authentication\Authenticators\Session->getSessionUserInfo()
10 VENDORPATH\codeigniter4\shield\src\Authentication\Authenticators\Session.php(390): CodeIgniter\Shield\Authentication\Authenticators\Session->getSessionUserKey('id')
11 VENDORPATH\codeigniter4\shield\src\Authentication\Authenticators\Session.php(374): CodeIgniter\Shield\Authentication\Authenticators\Session->checkUserState()
12 VENDORPATH\codeigniter4\shield\src\Auth.php(191): CodeIgniter\Shield\Authentication\Authenticators\Session->loggedIn()
13 VENDORPATH\codeigniter4\shield\src\Collectors\Auth.php(76): CodeIgniter\Shield\Auth->__call('loggedIn', [])
14 SYSTEMPATH\Debug\Toolbar\Collectors\BaseCollector.php(228): CodeIgniter\Shield\Collectors\Auth->display()
15 SYSTEMPATH\Debug\Toolbar.php(95): CodeIgniter\Debug\Toolbar\Collectors\BaseCollector->getAsArray()
16 SYSTEMPATH\Debug\Toolbar.php(390): CodeIgniter\Debug\Toolbar->run(1747714286.054214, 0.0912, Object(CodeIgniter\HTTP\IncomingRequest), Object(CodeIgniter\HTTP\Response))
17 SYSTEMPATH\Filters\DebugToolbar.php(44): CodeIgniter\Debug\Toolbar->prepare(Object(CodeIgniter\HTTP\IncomingRequest), Object(CodeIgniter\HTTP\Response))
18 SYSTEMPATH\Filters\Filters.php(278): CodeIgniter\Filters\DebugToolbar->after(Object(CodeIgniter\HTTP\IncomingRequest), Object(CodeIgniter\HTTP\Response), null)
19 SYSTEMPATH\Filters\Filters.php(364): CodeIgniter\Filters\Filters->runAfter([...])
20 SYSTEMPATH\CodeIgniter.php(407): CodeIgniter\Filters\Filters->runRequired('after')
21 SYSTEMPATH\CodeIgniter.php(368): CodeIgniter\CodeIgniter->runRequiredAfterFilters(Object(CodeIgniter\Filters\Filters))
22 SYSTEMPATH\Boot.php(334): CodeIgniter\CodeIgniter->run()
23 SYSTEMPATH\Boot.php(67): CodeIgniter\Boot::runCodeIgniter(Object(CodeIgniter\CodeIgniter))
24 FCPATH\index.php(59): CodeIgniter\Boot::bootWeb(Object(Config\Paths))
CRITICAL - 2025-05-20 04:11:26 --> [Caused by] mysqli_sql_exception: Table 'saiyoojyam.saiyoojyam_settings' doesn't exist
in SYSTEMPATH\Database\MySQLi\Connection.php on line 327.
 1 SYSTEMPATH\Database\MySQLi\Connection.php(327): mysqli->query('SELECT *
FROM `saiyoojyam_settings`
WHERE `context` IS NULL', 0)
 2 SYSTEMPATH\Database\BaseConnection.php(738): CodeIgniter\Database\MySQLi\Connection->execute('SELECT *
FROM `saiyoojyam_settings`
WHERE `context` IS NULL')
 3 SYSTEMPATH\Database\BaseConnection.php(652): CodeIgniter\Database\BaseConnection->simpleQuery('SELECT *
FROM `saiyoojyam_settings`
WHERE `context` IS NULL')
 4 SYSTEMPATH\Database\BaseBuilder.php(1649): CodeIgniter\Database\BaseConnection->query('SELECT *
FROM `saiyoojyam_settings`
WHERE `context` IS NULL', [], false)
 5 VENDORPATH\codeigniter4\settings\src\Handlers\DatabaseHandler.php(186): CodeIgniter\Database\BaseBuilder->get()
 6 VENDORPATH\codeigniter4\settings\src\Handlers\DatabaseHandler.php(51): CodeIgniter\Settings\Handlers\DatabaseHandler->hydrate(null)
 7 VENDORPATH\codeigniter4\settings\src\Settings.php(59): CodeIgniter\Settings\Handlers\DatabaseHandler->has('Config\\Auth', 'sessionConfig', null)
 8 VENDORPATH\codeigniter4\settings\src\Helpers\setting_helper.php(25): CodeIgniter\Settings\Settings->get('Auth.sessionConfig')
 9 VENDORPATH\codeigniter4\shield\src\Authentication\Authenticators\Session.php(685): setting('Auth.sessionConfig')
10 VENDORPATH\codeigniter4\shield\src\Authentication\Authenticators\Session.php(703): CodeIgniter\Shield\Authentication\Authenticators\Session->getSessionUserInfo()
11 VENDORPATH\codeigniter4\shield\src\Authentication\Authenticators\Session.php(390): CodeIgniter\Shield\Authentication\Authenticators\Session->getSessionUserKey('id')
12 VENDORPATH\codeigniter4\shield\src\Authentication\Authenticators\Session.php(374): CodeIgniter\Shield\Authentication\Authenticators\Session->checkUserState()
13 VENDORPATH\codeigniter4\shield\src\Auth.php(191): CodeIgniter\Shield\Authentication\Authenticators\Session->loggedIn()
14 VENDORPATH\codeigniter4\shield\src\Collectors\Auth.php(76): CodeIgniter\Shield\Auth->__call('loggedIn', [])
15 SYSTEMPATH\Debug\Toolbar\Collectors\BaseCollector.php(228): CodeIgniter\Shield\Collectors\Auth->display()
16 SYSTEMPATH\Debug\Toolbar.php(95): CodeIgniter\Debug\Toolbar\Collectors\BaseCollector->getAsArray()
17 SYSTEMPATH\Debug\Toolbar.php(390): CodeIgniter\Debug\Toolbar->run(1747714286.054214, 0.0912, Object(CodeIgniter\HTTP\IncomingRequest), Object(CodeIgniter\HTTP\Response))
18 SYSTEMPATH\Filters\DebugToolbar.php(44): CodeIgniter\Debug\Toolbar->prepare(Object(CodeIgniter\HTTP\IncomingRequest), Object(CodeIgniter\HTTP\Response))
19 SYSTEMPATH\Filters\Filters.php(278): CodeIgniter\Filters\DebugToolbar->after(Object(CodeIgniter\HTTP\IncomingRequest), Object(CodeIgniter\HTTP\Response), null)
20 SYSTEMPATH\Filters\Filters.php(364): CodeIgniter\Filters\Filters->runAfter([...])
21 SYSTEMPATH\CodeIgniter.php(407): CodeIgniter\Filters\Filters->runRequired('after')
22 SYSTEMPATH\CodeIgniter.php(368): CodeIgniter\CodeIgniter->runRequiredAfterFilters(Object(CodeIgniter\Filters\Filters))
23 SYSTEMPATH\Boot.php(334): CodeIgniter\CodeIgniter->run()
24 SYSTEMPATH\Boot.php(67): CodeIgniter\Boot::runCodeIgniter(Object(CodeIgniter\CodeIgniter))
25 FCPATH\index.php(59): CodeIgniter\Boot::bootWeb(Object(Config\Paths))
DEBUG - 2025-05-20 04:12:45 --> Session: Class initialized using 'CodeIgniter\Session\Handlers\FileHandler' driver.
DEBUG - 2025-05-20 04:12:45 --> Session: Class initialized using 'CodeIgniter\Session\Handlers\FileHandler' driver.
ERROR - 2025-05-20 04:12:51 --> mysqli_sql_exception: Table 'saiyoojyam.saiyoojyam_settings' doesn't exist in C:\xampp\htdocs\saiyoojyam\system\Database\MySQLi\Connection.php:327
Stack trace:
#0 C:\xampp\htdocs\saiyoojyam\system\Database\MySQLi\Connection.php(327): mysqli->query('SELECT *\nFROM `...', 0)
#1 C:\xampp\htdocs\saiyoojyam\system\Database\BaseConnection.php(738): CodeIgniter\Database\MySQLi\Connection->execute('SELECT *\nFROM `...')
#2 C:\xampp\htdocs\saiyoojyam\system\Database\BaseConnection.php(652): CodeIgniter\Database\BaseConnection->simpleQuery('SELECT *\nFROM `...')
#3 C:\xampp\htdocs\saiyoojyam\system\Database\BaseBuilder.php(1649): CodeIgniter\Database\BaseConnection->query('SELECT *\nFROM `...', Array, false)
#4 C:\xampp\htdocs\saiyoojyam\vendor\codeigniter4\settings\src\Handlers\DatabaseHandler.php(186): CodeIgniter\Database\BaseBuilder->get()
#5 C:\xampp\htdocs\saiyoojyam\vendor\codeigniter4\settings\src\Handlers\DatabaseHandler.php(51): CodeIgniter\Settings\Handlers\DatabaseHandler->hydrate(NULL)
#6 C:\xampp\htdocs\saiyoojyam\vendor\codeigniter4\settings\src\Settings.php(59): CodeIgniter\Settings\Handlers\DatabaseHandler->has('Config\\Auth', 'sessionConfig', NULL)
#7 C:\xampp\htdocs\saiyoojyam\vendor\codeigniter4\settings\src\Helpers\setting_helper.php(25): CodeIgniter\Settings\Settings->get('Auth.sessionCon...')
#8 C:\xampp\htdocs\saiyoojyam\vendor\codeigniter4\shield\src\Authentication\Authenticators\Session.php(685): setting('Auth.sessionCon...')
#9 C:\xampp\htdocs\saiyoojyam\vendor\codeigniter4\shield\src\Authentication\Authenticators\Session.php(703): CodeIgniter\Shield\Authentication\Authenticators\Session->getSessionUserInfo()
#10 C:\xampp\htdocs\saiyoojyam\vendor\codeigniter4\shield\src\Authentication\Authenticators\Session.php(390): CodeIgniter\Shield\Authentication\Authenticators\Session->getSessionUserKey('id')
#11 C:\xampp\htdocs\saiyoojyam\vendor\codeigniter4\shield\src\Authentication\Authenticators\Session.php(374): CodeIgniter\Shield\Authentication\Authenticators\Session->checkUserState()
#12 C:\xampp\htdocs\saiyoojyam\vendor\codeigniter4\shield\src\Auth.php(191): CodeIgniter\Shield\Authentication\Authenticators\Session->loggedIn()
#13 C:\xampp\htdocs\saiyoojyam\vendor\codeigniter4\shield\src\Collectors\Auth.php(76): CodeIgniter\Shield\Auth->__call('loggedIn', Array)
#14 C:\xampp\htdocs\saiyoojyam\system\Debug\Toolbar\Collectors\BaseCollector.php(228): CodeIgniter\Shield\Collectors\Auth->display()
#15 C:\xampp\htdocs\saiyoojyam\system\Debug\Toolbar.php(95): CodeIgniter\Debug\Toolbar\Collectors\BaseCollector->getAsArray()
#16 C:\xampp\htdocs\saiyoojyam\system\Debug\Toolbar.php(390): CodeIgniter\Debug\Toolbar->run(1747714371.5266, 0.0387, Object(CodeIgniter\HTTP\IncomingRequest), Object(CodeIgniter\HTTP\Response))
#17 C:\xampp\htdocs\saiyoojyam\system\Filters\DebugToolbar.php(44): CodeIgniter\Debug\Toolbar->prepare(Object(CodeIgniter\HTTP\IncomingRequest), Object(CodeIgniter\HTTP\Response))
#18 C:\xampp\htdocs\saiyoojyam\system\Filters\Filters.php(278): CodeIgniter\Filters\DebugToolbar->after(Object(CodeIgniter\HTTP\IncomingRequest), Object(CodeIgniter\HTTP\Response), NULL)
#19 C:\xampp\htdocs\saiyoojyam\system\Filters\Filters.php(364): CodeIgniter\Filters\Filters->runAfter(Array)
#20 C:\xampp\htdocs\saiyoojyam\system\CodeIgniter.php(407): CodeIgniter\Filters\Filters->runRequired('after')
#21 C:\xampp\htdocs\saiyoojyam\system\CodeIgniter.php(368): CodeIgniter\CodeIgniter->runRequiredAfterFilters(Object(CodeIgniter\Filters\Filters))
#22 C:\xampp\htdocs\saiyoojyam\system\Boot.php(334): CodeIgniter\CodeIgniter->run()
#23 C:\xampp\htdocs\saiyoojyam\system\Boot.php(67): CodeIgniter\Boot::runCodeIgniter(Object(CodeIgniter\CodeIgniter))
#24 C:\xampp\htdocs\saiyoojyam\public\index.php(59): CodeIgniter\Boot::bootWeb(Object(Config\Paths))
#25 {main}
CRITICAL - 2025-05-20 04:12:51 --> CodeIgniter\Database\Exceptions\DatabaseException: Table 'saiyoojyam.saiyoojyam_settings' doesn't exist
[Method: GET, Route: Admin/RoomType]
in SYSTEMPATH\Database\BaseConnection.php on line 692.
 1 SYSTEMPATH\Database\BaseBuilder.php(1649): CodeIgniter\Database\BaseConnection->query('SELECT *
FROM `saiyoojyam_settings`
WHERE `context` IS NULL', [], false)
 2 VENDORPATH\codeigniter4\settings\src\Handlers\DatabaseHandler.php(186): CodeIgniter\Database\BaseBuilder->get()
 3 VENDORPATH\codeigniter4\settings\src\Handlers\DatabaseHandler.php(51): CodeIgniter\Settings\Handlers\DatabaseHandler->hydrate(null)
 4 VENDORPATH\codeigniter4\settings\src\Settings.php(59): CodeIgniter\Settings\Handlers\DatabaseHandler->has('Config\\Auth', 'sessionConfig', null)
 5 VENDORPATH\codeigniter4\settings\src\Helpers\setting_helper.php(25): CodeIgniter\Settings\Settings->get('Auth.sessionConfig')
 6 VENDORPATH\codeigniter4\shield\src\Authentication\Authenticators\Session.php(685): setting('Auth.sessionConfig')
 7 VENDORPATH\codeigniter4\shield\src\Authentication\Authenticators\Session.php(703): CodeIgniter\Shield\Authentication\Authenticators\Session->getSessionUserInfo()
 8 VENDORPATH\codeigniter4\shield\src\Authentication\Authenticators\Session.php(390): CodeIgniter\Shield\Authentication\Authenticators\Session->getSessionUserKey('id')
 9 VENDORPATH\codeigniter4\shield\src\Authentication\Authenticators\Session.php(374): CodeIgniter\Shield\Authentication\Authenticators\Session->checkUserState()
10 VENDORPATH\codeigniter4\shield\src\Auth.php(191): CodeIgniter\Shield\Authentication\Authenticators\Session->loggedIn()
11 VENDORPATH\codeigniter4\shield\src\Collectors\Auth.php(76): CodeIgniter\Shield\Auth->__call('loggedIn', [])
12 SYSTEMPATH\Debug\Toolbar\Collectors\BaseCollector.php(228): CodeIgniter\Shield\Collectors\Auth->display()
13 SYSTEMPATH\Debug\Toolbar.php(95): CodeIgniter\Debug\Toolbar\Collectors\BaseCollector->getAsArray()
14 SYSTEMPATH\Debug\Toolbar.php(390): CodeIgniter\Debug\Toolbar->run(1747714371.526565, 0.0387, Object(CodeIgniter\HTTP\IncomingRequest), Object(CodeIgniter\HTTP\Response))
15 SYSTEMPATH\Filters\DebugToolbar.php(44): CodeIgniter\Debug\Toolbar->prepare(Object(CodeIgniter\HTTP\IncomingRequest), Object(CodeIgniter\HTTP\Response))
16 SYSTEMPATH\Filters\Filters.php(278): CodeIgniter\Filters\DebugToolbar->after(Object(CodeIgniter\HTTP\IncomingRequest), Object(CodeIgniter\HTTP\Response), null)
17 SYSTEMPATH\Filters\Filters.php(364): CodeIgniter\Filters\Filters->runAfter([...])
18 SYSTEMPATH\CodeIgniter.php(407): CodeIgniter\Filters\Filters->runRequired('after')
19 SYSTEMPATH\CodeIgniter.php(368): CodeIgniter\CodeIgniter->runRequiredAfterFilters(Object(CodeIgniter\Filters\Filters))
20 SYSTEMPATH\Boot.php(334): CodeIgniter\CodeIgniter->run()
21 SYSTEMPATH\Boot.php(67): CodeIgniter\Boot::runCodeIgniter(Object(CodeIgniter\CodeIgniter))
22 FCPATH\index.php(59): CodeIgniter\Boot::bootWeb(Object(Config\Paths))
CRITICAL - 2025-05-20 04:12:51 --> [Caused by] CodeIgniter\Database\Exceptions\DatabaseException: Table 'saiyoojyam.saiyoojyam_settings' doesn't exist
in SYSTEMPATH\Database\MySQLi\Connection.php on line 332.
 1 SYSTEMPATH\Database\BaseConnection.php(738): CodeIgniter\Database\MySQLi\Connection->execute('SELECT *
FROM `saiyoojyam_settings`
WHERE `context` IS NULL')
 2 SYSTEMPATH\Database\BaseConnection.php(652): CodeIgniter\Database\BaseConnection->simpleQuery('SELECT *
FROM `saiyoojyam_settings`
WHERE `context` IS NULL')
 3 SYSTEMPATH\Database\BaseBuilder.php(1649): CodeIgniter\Database\BaseConnection->query('SELECT *
FROM `saiyoojyam_settings`
WHERE `context` IS NULL', [], false)
 4 VENDORPATH\codeigniter4\settings\src\Handlers\DatabaseHandler.php(186): CodeIgniter\Database\BaseBuilder->get()
 5 VENDORPATH\codeigniter4\settings\src\Handlers\DatabaseHandler.php(51): CodeIgniter\Settings\Handlers\DatabaseHandler->hydrate(null)
 6 VENDORPATH\codeigniter4\settings\src\Settings.php(59): CodeIgniter\Settings\Handlers\DatabaseHandler->has('Config\\Auth', 'sessionConfig', null)
 7 VENDORPATH\codeigniter4\settings\src\Helpers\setting_helper.php(25): CodeIgniter\Settings\Settings->get('Auth.sessionConfig')
 8 VENDORPATH\codeigniter4\shield\src\Authentication\Authenticators\Session.php(685): setting('Auth.sessionConfig')
 9 VENDORPATH\codeigniter4\shield\src\Authentication\Authenticators\Session.php(703): CodeIgniter\Shield\Authentication\Authenticators\Session->getSessionUserInfo()
10 VENDORPATH\codeigniter4\shield\src\Authentication\Authenticators\Session.php(390): CodeIgniter\Shield\Authentication\Authenticators\Session->getSessionUserKey('id')
11 VENDORPATH\codeigniter4\shield\src\Authentication\Authenticators\Session.php(374): CodeIgniter\Shield\Authentication\Authenticators\Session->checkUserState()
12 VENDORPATH\codeigniter4\shield\src\Auth.php(191): CodeIgniter\Shield\Authentication\Authenticators\Session->loggedIn()
13 VENDORPATH\codeigniter4\shield\src\Collectors\Auth.php(76): CodeIgniter\Shield\Auth->__call('loggedIn', [])
14 SYSTEMPATH\Debug\Toolbar\Collectors\BaseCollector.php(228): CodeIgniter\Shield\Collectors\Auth->display()
15 SYSTEMPATH\Debug\Toolbar.php(95): CodeIgniter\Debug\Toolbar\Collectors\BaseCollector->getAsArray()
16 SYSTEMPATH\Debug\Toolbar.php(390): CodeIgniter\Debug\Toolbar->run(1747714371.526565, 0.0387, Object(CodeIgniter\HTTP\IncomingRequest), Object(CodeIgniter\HTTP\Response))
17 SYSTEMPATH\Filters\DebugToolbar.php(44): CodeIgniter\Debug\Toolbar->prepare(Object(CodeIgniter\HTTP\IncomingRequest), Object(CodeIgniter\HTTP\Response))
18 SYSTEMPATH\Filters\Filters.php(278): CodeIgniter\Filters\DebugToolbar->after(Object(CodeIgniter\HTTP\IncomingRequest), Object(CodeIgniter\HTTP\Response), null)
19 SYSTEMPATH\Filters\Filters.php(364): CodeIgniter\Filters\Filters->runAfter([...])
20 SYSTEMPATH\CodeIgniter.php(407): CodeIgniter\Filters\Filters->runRequired('after')
21 SYSTEMPATH\CodeIgniter.php(368): CodeIgniter\CodeIgniter->runRequiredAfterFilters(Object(CodeIgniter\Filters\Filters))
22 SYSTEMPATH\Boot.php(334): CodeIgniter\CodeIgniter->run()
23 SYSTEMPATH\Boot.php(67): CodeIgniter\Boot::runCodeIgniter(Object(CodeIgniter\CodeIgniter))
24 FCPATH\index.php(59): CodeIgniter\Boot::bootWeb(Object(Config\Paths))
CRITICAL - 2025-05-20 04:12:51 --> [Caused by] mysqli_sql_exception: Table 'saiyoojyam.saiyoojyam_settings' doesn't exist
in SYSTEMPATH\Database\MySQLi\Connection.php on line 327.
 1 SYSTEMPATH\Database\MySQLi\Connection.php(327): mysqli->query('SELECT *
FROM `saiyoojyam_settings`
WHERE `context` IS NULL', 0)
 2 SYSTEMPATH\Database\BaseConnection.php(738): CodeIgniter\Database\MySQLi\Connection->execute('SELECT *
FROM `saiyoojyam_settings`
WHERE `context` IS NULL')
 3 SYSTEMPATH\Database\BaseConnection.php(652): CodeIgniter\Database\BaseConnection->simpleQuery('SELECT *
FROM `saiyoojyam_settings`
WHERE `context` IS NULL')
 4 SYSTEMPATH\Database\BaseBuilder.php(1649): CodeIgniter\Database\BaseConnection->query('SELECT *
FROM `saiyoojyam_settings`
WHERE `context` IS NULL', [], false)
 5 VENDORPATH\codeigniter4\settings\src\Handlers\DatabaseHandler.php(186): CodeIgniter\Database\BaseBuilder->get()
 6 VENDORPATH\codeigniter4\settings\src\Handlers\DatabaseHandler.php(51): CodeIgniter\Settings\Handlers\DatabaseHandler->hydrate(null)
 7 VENDORPATH\codeigniter4\settings\src\Settings.php(59): CodeIgniter\Settings\Handlers\DatabaseHandler->has('Config\\Auth', 'sessionConfig', null)
 8 VENDORPATH\codeigniter4\settings\src\Helpers\setting_helper.php(25): CodeIgniter\Settings\Settings->get('Auth.sessionConfig')
 9 VENDORPATH\codeigniter4\shield\src\Authentication\Authenticators\Session.php(685): setting('Auth.sessionConfig')
10 VENDORPATH\codeigniter4\shield\src\Authentication\Authenticators\Session.php(703): CodeIgniter\Shield\Authentication\Authenticators\Session->getSessionUserInfo()
11 VENDORPATH\codeigniter4\shield\src\Authentication\Authenticators\Session.php(390): CodeIgniter\Shield\Authentication\Authenticators\Session->getSessionUserKey('id')
12 VENDORPATH\codeigniter4\shield\src\Authentication\Authenticators\Session.php(374): CodeIgniter\Shield\Authentication\Authenticators\Session->checkUserState()
13 VENDORPATH\codeigniter4\shield\src\Auth.php(191): CodeIgniter\Shield\Authentication\Authenticators\Session->loggedIn()
14 VENDORPATH\codeigniter4\shield\src\Collectors\Auth.php(76): CodeIgniter\Shield\Auth->__call('loggedIn', [])
15 SYSTEMPATH\Debug\Toolbar\Collectors\BaseCollector.php(228): CodeIgniter\Shield\Collectors\Auth->display()
16 SYSTEMPATH\Debug\Toolbar.php(95): CodeIgniter\Debug\Toolbar\Collectors\BaseCollector->getAsArray()
17 SYSTEMPATH\Debug\Toolbar.php(390): CodeIgniter\Debug\Toolbar->run(1747714371.526565, 0.0387, Object(CodeIgniter\HTTP\IncomingRequest), Object(CodeIgniter\HTTP\Response))
18 SYSTEMPATH\Filters\DebugToolbar.php(44): CodeIgniter\Debug\Toolbar->prepare(Object(CodeIgniter\HTTP\IncomingRequest), Object(CodeIgniter\HTTP\Response))
19 SYSTEMPATH\Filters\Filters.php(278): CodeIgniter\Filters\DebugToolbar->after(Object(CodeIgniter\HTTP\IncomingRequest), Object(CodeIgniter\HTTP\Response), null)
20 SYSTEMPATH\Filters\Filters.php(364): CodeIgniter\Filters\Filters->runAfter([...])
21 SYSTEMPATH\CodeIgniter.php(407): CodeIgniter\Filters\Filters->runRequired('after')
22 SYSTEMPATH\CodeIgniter.php(368): CodeIgniter\CodeIgniter->runRequiredAfterFilters(Object(CodeIgniter\Filters\Filters))
23 SYSTEMPATH\Boot.php(334): CodeIgniter\CodeIgniter->run()
24 SYSTEMPATH\Boot.php(67): CodeIgniter\Boot::runCodeIgniter(Object(CodeIgniter\CodeIgniter))
25 FCPATH\index.php(59): CodeIgniter\Boot::bootWeb(Object(Config\Paths))
ERROR - 2025-05-20 04:20:01 --> mysqli_sql_exception: Table 'saiyoojyam.saiyoojyam_settings' doesn't exist in C:\xampp\htdocs\saiyoojyam\system\Database\MySQLi\Connection.php:327
Stack trace:
#0 C:\xampp\htdocs\saiyoojyam\system\Database\MySQLi\Connection.php(327): mysqli->query('SELECT *\nFROM `...', 0)
#1 C:\xampp\htdocs\saiyoojyam\system\Database\BaseConnection.php(738): CodeIgniter\Database\MySQLi\Connection->execute('SELECT *\nFROM `...')
#2 C:\xampp\htdocs\saiyoojyam\system\Database\BaseConnection.php(652): CodeIgniter\Database\BaseConnection->simpleQuery('SELECT *\nFROM `...')
#3 C:\xampp\htdocs\saiyoojyam\system\Database\BaseBuilder.php(1649): CodeIgniter\Database\BaseConnection->query('SELECT *\nFROM `...', Array, false)
#4 C:\xampp\htdocs\saiyoojyam\vendor\codeigniter4\settings\src\Handlers\DatabaseHandler.php(186): CodeIgniter\Database\BaseBuilder->get()
#5 C:\xampp\htdocs\saiyoojyam\vendor\codeigniter4\settings\src\Handlers\DatabaseHandler.php(51): CodeIgniter\Settings\Handlers\DatabaseHandler->hydrate(NULL)
#6 C:\xampp\htdocs\saiyoojyam\vendor\codeigniter4\settings\src\Settings.php(59): CodeIgniter\Settings\Handlers\DatabaseHandler->has('Config\\Auth', 'sessionConfig', NULL)
#7 C:\xampp\htdocs\saiyoojyam\vendor\codeigniter4\settings\src\Helpers\setting_helper.php(25): CodeIgniter\Settings\Settings->get('Auth.sessionCon...')
#8 C:\xampp\htdocs\saiyoojyam\vendor\codeigniter4\shield\src\Authentication\Authenticators\Session.php(685): setting('Auth.sessionCon...')
#9 C:\xampp\htdocs\saiyoojyam\vendor\codeigniter4\shield\src\Authentication\Authenticators\Session.php(703): CodeIgniter\Shield\Authentication\Authenticators\Session->getSessionUserInfo()
#10 C:\xampp\htdocs\saiyoojyam\vendor\codeigniter4\shield\src\Authentication\Authenticators\Session.php(390): CodeIgniter\Shield\Authentication\Authenticators\Session->getSessionUserKey('id')
#11 C:\xampp\htdocs\saiyoojyam\vendor\codeigniter4\shield\src\Authentication\Authenticators\Session.php(374): CodeIgniter\Shield\Authentication\Authenticators\Session->checkUserState()
#12 C:\xampp\htdocs\saiyoojyam\vendor\codeigniter4\shield\src\Auth.php(191): CodeIgniter\Shield\Authentication\Authenticators\Session->loggedIn()
#13 C:\xampp\htdocs\saiyoojyam\vendor\codeigniter4\shield\src\Collectors\Auth.php(76): CodeIgniter\Shield\Auth->__call('loggedIn', Array)
#14 C:\xampp\htdocs\saiyoojyam\system\Debug\Toolbar\Collectors\BaseCollector.php(228): CodeIgniter\Shield\Collectors\Auth->display()
#15 C:\xampp\htdocs\saiyoojyam\system\Debug\Toolbar.php(95): CodeIgniter\Debug\Toolbar\Collectors\BaseCollector->getAsArray()
#16 C:\xampp\htdocs\saiyoojyam\system\Debug\Toolbar.php(390): CodeIgniter\Debug\Toolbar->run(1747714800.9357, 0.0429, Object(CodeIgniter\HTTP\IncomingRequest), Object(CodeIgniter\HTTP\Response))
#17 C:\xampp\htdocs\saiyoojyam\system\Filters\DebugToolbar.php(44): CodeIgniter\Debug\Toolbar->prepare(Object(CodeIgniter\HTTP\IncomingRequest), Object(CodeIgniter\HTTP\Response))
#18 C:\xampp\htdocs\saiyoojyam\system\Filters\Filters.php(278): CodeIgniter\Filters\DebugToolbar->after(Object(CodeIgniter\HTTP\IncomingRequest), Object(CodeIgniter\HTTP\Response), NULL)
#19 C:\xampp\htdocs\saiyoojyam\system\Filters\Filters.php(364): CodeIgniter\Filters\Filters->runAfter(Array)
#20 C:\xampp\htdocs\saiyoojyam\system\CodeIgniter.php(407): CodeIgniter\Filters\Filters->runRequired('after')
#21 C:\xampp\htdocs\saiyoojyam\system\CodeIgniter.php(368): CodeIgniter\CodeIgniter->runRequiredAfterFilters(Object(CodeIgniter\Filters\Filters))
#22 C:\xampp\htdocs\saiyoojyam\system\Boot.php(334): CodeIgniter\CodeIgniter->run()
#23 C:\xampp\htdocs\saiyoojyam\system\Boot.php(67): CodeIgniter\Boot::runCodeIgniter(Object(CodeIgniter\CodeIgniter))
#24 C:\xampp\htdocs\saiyoojyam\public\index.php(59): CodeIgniter\Boot::bootWeb(Object(Config\Paths))
#25 {main}
CRITICAL - 2025-05-20 04:20:01 --> CodeIgniter\Database\Exceptions\DatabaseException: Table 'saiyoojyam.saiyoojyam_settings' doesn't exist
[Method: GET, Route: Admin/RoomType]
in SYSTEMPATH\Database\BaseConnection.php on line 692.
 1 SYSTEMPATH\Database\BaseBuilder.php(1649): CodeIgniter\Database\BaseConnection->query('SELECT *
FROM `saiyoojyam_settings`
WHERE `context` IS NULL', [], false)
 2 VENDORPATH\codeigniter4\settings\src\Handlers\DatabaseHandler.php(186): CodeIgniter\Database\BaseBuilder->get()
 3 VENDORPATH\codeigniter4\settings\src\Handlers\DatabaseHandler.php(51): CodeIgniter\Settings\Handlers\DatabaseHandler->hydrate(null)
 4 VENDORPATH\codeigniter4\settings\src\Settings.php(59): CodeIgniter\Settings\Handlers\DatabaseHandler->has('Config\\Auth', 'sessionConfig', null)
 5 VENDORPATH\codeigniter4\settings\src\Helpers\setting_helper.php(25): CodeIgniter\Settings\Settings->get('Auth.sessionConfig')
 6 VENDORPATH\codeigniter4\shield\src\Authentication\Authenticators\Session.php(685): setting('Auth.sessionConfig')
 7 VENDORPATH\codeigniter4\shield\src\Authentication\Authenticators\Session.php(703): CodeIgniter\Shield\Authentication\Authenticators\Session->getSessionUserInfo()
 8 VENDORPATH\codeigniter4\shield\src\Authentication\Authenticators\Session.php(390): CodeIgniter\Shield\Authentication\Authenticators\Session->getSessionUserKey('id')
 9 VENDORPATH\codeigniter4\shield\src\Authentication\Authenticators\Session.php(374): CodeIgniter\Shield\Authentication\Authenticators\Session->checkUserState()
10 VENDORPATH\codeigniter4\shield\src\Auth.php(191): CodeIgniter\Shield\Authentication\Authenticators\Session->loggedIn()
11 VENDORPATH\codeigniter4\shield\src\Collectors\Auth.php(76): CodeIgniter\Shield\Auth->__call('loggedIn', [])
12 SYSTEMPATH\Debug\Toolbar\Collectors\BaseCollector.php(228): CodeIgniter\Shield\Collectors\Auth->display()
13 SYSTEMPATH\Debug\Toolbar.php(95): CodeIgniter\Debug\Toolbar\Collectors\BaseCollector->getAsArray()
14 SYSTEMPATH\Debug\Toolbar.php(390): CodeIgniter\Debug\Toolbar->run(1747714800.93573, 0.0429, Object(CodeIgniter\HTTP\IncomingRequest), Object(CodeIgniter\HTTP\Response))
15 SYSTEMPATH\Filters\DebugToolbar.php(44): CodeIgniter\Debug\Toolbar->prepare(Object(CodeIgniter\HTTP\IncomingRequest), Object(CodeIgniter\HTTP\Response))
16 SYSTEMPATH\Filters\Filters.php(278): CodeIgniter\Filters\DebugToolbar->after(Object(CodeIgniter\HTTP\IncomingRequest), Object(CodeIgniter\HTTP\Response), null)
17 SYSTEMPATH\Filters\Filters.php(364): CodeIgniter\Filters\Filters->runAfter([...])
18 SYSTEMPATH\CodeIgniter.php(407): CodeIgniter\Filters\Filters->runRequired('after')
19 SYSTEMPATH\CodeIgniter.php(368): CodeIgniter\CodeIgniter->runRequiredAfterFilters(Object(CodeIgniter\Filters\Filters))
20 SYSTEMPATH\Boot.php(334): CodeIgniter\CodeIgniter->run()
21 SYSTEMPATH\Boot.php(67): CodeIgniter\Boot::runCodeIgniter(Object(CodeIgniter\CodeIgniter))
22 FCPATH\index.php(59): CodeIgniter\Boot::bootWeb(Object(Config\Paths))
CRITICAL - 2025-05-20 04:20:01 --> [Caused by] CodeIgniter\Database\Exceptions\DatabaseException: Table 'saiyoojyam.saiyoojyam_settings' doesn't exist
in SYSTEMPATH\Database\MySQLi\Connection.php on line 332.
 1 SYSTEMPATH\Database\BaseConnection.php(738): CodeIgniter\Database\MySQLi\Connection->execute('SELECT *
FROM `saiyoojyam_settings`
WHERE `context` IS NULL')
 2 SYSTEMPATH\Database\BaseConnection.php(652): CodeIgniter\Database\BaseConnection->simpleQuery('SELECT *
FROM `saiyoojyam_settings`
WHERE `context` IS NULL')
 3 SYSTEMPATH\Database\BaseBuilder.php(1649): CodeIgniter\Database\BaseConnection->query('SELECT *
FROM `saiyoojyam_settings`
WHERE `context` IS NULL', [], false)
 4 VENDORPATH\codeigniter4\settings\src\Handlers\DatabaseHandler.php(186): CodeIgniter\Database\BaseBuilder->get()
 5 VENDORPATH\codeigniter4\settings\src\Handlers\DatabaseHandler.php(51): CodeIgniter\Settings\Handlers\DatabaseHandler->hydrate(null)
 6 VENDORPATH\codeigniter4\settings\src\Settings.php(59): CodeIgniter\Settings\Handlers\DatabaseHandler->has('Config\\Auth', 'sessionConfig', null)
 7 VENDORPATH\codeigniter4\settings\src\Helpers\setting_helper.php(25): CodeIgniter\Settings\Settings->get('Auth.sessionConfig')
 8 VENDORPATH\codeigniter4\shield\src\Authentication\Authenticators\Session.php(685): setting('Auth.sessionConfig')
 9 VENDORPATH\codeigniter4\shield\src\Authentication\Authenticators\Session.php(703): CodeIgniter\Shield\Authentication\Authenticators\Session->getSessionUserInfo()
10 VENDORPATH\codeigniter4\shield\src\Authentication\Authenticators\Session.php(390): CodeIgniter\Shield\Authentication\Authenticators\Session->getSessionUserKey('id')
11 VENDORPATH\codeigniter4\shield\src\Authentication\Authenticators\Session.php(374): CodeIgniter\Shield\Authentication\Authenticators\Session->checkUserState()
12 VENDORPATH\codeigniter4\shield\src\Auth.php(191): CodeIgniter\Shield\Authentication\Authenticators\Session->loggedIn()
13 VENDORPATH\codeigniter4\shield\src\Collectors\Auth.php(76): CodeIgniter\Shield\Auth->__call('loggedIn', [])
14 SYSTEMPATH\Debug\Toolbar\Collectors\BaseCollector.php(228): CodeIgniter\Shield\Collectors\Auth->display()
15 SYSTEMPATH\Debug\Toolbar.php(95): CodeIgniter\Debug\Toolbar\Collectors\BaseCollector->getAsArray()
16 SYSTEMPATH\Debug\Toolbar.php(390): CodeIgniter\Debug\Toolbar->run(1747714800.93573, 0.0429, Object(CodeIgniter\HTTP\IncomingRequest), Object(CodeIgniter\HTTP\Response))
17 SYSTEMPATH\Filters\DebugToolbar.php(44): CodeIgniter\Debug\Toolbar->prepare(Object(CodeIgniter\HTTP\IncomingRequest), Object(CodeIgniter\HTTP\Response))
18 SYSTEMPATH\Filters\Filters.php(278): CodeIgniter\Filters\DebugToolbar->after(Object(CodeIgniter\HTTP\IncomingRequest), Object(CodeIgniter\HTTP\Response), null)
19 SYSTEMPATH\Filters\Filters.php(364): CodeIgniter\Filters\Filters->runAfter([...])
20 SYSTEMPATH\CodeIgniter.php(407): CodeIgniter\Filters\Filters->runRequired('after')
21 SYSTEMPATH\CodeIgniter.php(368): CodeIgniter\CodeIgniter->runRequiredAfterFilters(Object(CodeIgniter\Filters\Filters))
22 SYSTEMPATH\Boot.php(334): CodeIgniter\CodeIgniter->run()
23 SYSTEMPATH\Boot.php(67): CodeIgniter\Boot::runCodeIgniter(Object(CodeIgniter\CodeIgniter))
24 FCPATH\index.php(59): CodeIgniter\Boot::bootWeb(Object(Config\Paths))
CRITICAL - 2025-05-20 04:20:01 --> [Caused by] mysqli_sql_exception: Table 'saiyoojyam.saiyoojyam_settings' doesn't exist
in SYSTEMPATH\Database\MySQLi\Connection.php on line 327.
 1 SYSTEMPATH\Database\MySQLi\Connection.php(327): mysqli->query('SELECT *
FROM `saiyoojyam_settings`
WHERE `context` IS NULL', 0)
 2 SYSTEMPATH\Database\BaseConnection.php(738): CodeIgniter\Database\MySQLi\Connection->execute('SELECT *
FROM `saiyoojyam_settings`
WHERE `context` IS NULL')
 3 SYSTEMPATH\Database\BaseConnection.php(652): CodeIgniter\Database\BaseConnection->simpleQuery('SELECT *
FROM `saiyoojyam_settings`
WHERE `context` IS NULL')
 4 SYSTEMPATH\Database\BaseBuilder.php(1649): CodeIgniter\Database\BaseConnection->query('SELECT *
FROM `saiyoojyam_settings`
WHERE `context` IS NULL', [], false)
 5 VENDORPATH\codeigniter4\settings\src\Handlers\DatabaseHandler.php(186): CodeIgniter\Database\BaseBuilder->get()
 6 VENDORPATH\codeigniter4\settings\src\Handlers\DatabaseHandler.php(51): CodeIgniter\Settings\Handlers\DatabaseHandler->hydrate(null)
 7 VENDORPATH\codeigniter4\settings\src\Settings.php(59): CodeIgniter\Settings\Handlers\DatabaseHandler->has('Config\\Auth', 'sessionConfig', null)
 8 VENDORPATH\codeigniter4\settings\src\Helpers\setting_helper.php(25): CodeIgniter\Settings\Settings->get('Auth.sessionConfig')
 9 VENDORPATH\codeigniter4\shield\src\Authentication\Authenticators\Session.php(685): setting('Auth.sessionConfig')
10 VENDORPATH\codeigniter4\shield\src\Authentication\Authenticators\Session.php(703): CodeIgniter\Shield\Authentication\Authenticators\Session->getSessionUserInfo()
11 VENDORPATH\codeigniter4\shield\src\Authentication\Authenticators\Session.php(390): CodeIgniter\Shield\Authentication\Authenticators\Session->getSessionUserKey('id')
12 VENDORPATH\codeigniter4\shield\src\Authentication\Authenticators\Session.php(374): CodeIgniter\Shield\Authentication\Authenticators\Session->checkUserState()
13 VENDORPATH\codeigniter4\shield\src\Auth.php(191): CodeIgniter\Shield\Authentication\Authenticators\Session->loggedIn()
14 VENDORPATH\codeigniter4\shield\src\Collectors\Auth.php(76): CodeIgniter\Shield\Auth->__call('loggedIn', [])
15 SYSTEMPATH\Debug\Toolbar\Collectors\BaseCollector.php(228): CodeIgniter\Shield\Collectors\Auth->display()
16 SYSTEMPATH\Debug\Toolbar.php(95): CodeIgniter\Debug\Toolbar\Collectors\BaseCollector->getAsArray()
17 SYSTEMPATH\Debug\Toolbar.php(390): CodeIgniter\Debug\Toolbar->run(1747714800.93573, 0.0429, Object(CodeIgniter\HTTP\IncomingRequest), Object(CodeIgniter\HTTP\Response))
18 SYSTEMPATH\Filters\DebugToolbar.php(44): CodeIgniter\Debug\Toolbar->prepare(Object(CodeIgniter\HTTP\IncomingRequest), Object(CodeIgniter\HTTP\Response))
19 SYSTEMPATH\Filters\Filters.php(278): CodeIgniter\Filters\DebugToolbar->after(Object(CodeIgniter\HTTP\IncomingRequest), Object(CodeIgniter\HTTP\Response), null)
20 SYSTEMPATH\Filters\Filters.php(364): CodeIgniter\Filters\Filters->runAfter([...])
21 SYSTEMPATH\CodeIgniter.php(407): CodeIgniter\Filters\Filters->runRequired('after')
22 SYSTEMPATH\CodeIgniter.php(368): CodeIgniter\CodeIgniter->runRequiredAfterFilters(Object(CodeIgniter\Filters\Filters))
23 SYSTEMPATH\Boot.php(334): CodeIgniter\CodeIgniter->run()
24 SYSTEMPATH\Boot.php(67): CodeIgniter\Boot::runCodeIgniter(Object(CodeIgniter\CodeIgniter))
25 FCPATH\index.php(59): CodeIgniter\Boot::bootWeb(Object(Config\Paths))
ERROR - 2025-05-20 04:20:01 --> mysqli_sql_exception: Table 'saiyoojyam.saiyoojyam_settings' doesn't exist in C:\xampp\htdocs\saiyoojyam\system\Database\MySQLi\Connection.php:327
Stack trace:
#0 C:\xampp\htdocs\saiyoojyam\system\Database\MySQLi\Connection.php(327): mysqli->query('SELECT *\nFROM `...', 0)
#1 C:\xampp\htdocs\saiyoojyam\system\Database\BaseConnection.php(738): CodeIgniter\Database\MySQLi\Connection->execute('SELECT *\nFROM `...')
#2 C:\xampp\htdocs\saiyoojyam\system\Database\BaseConnection.php(652): CodeIgniter\Database\BaseConnection->simpleQuery('SELECT *\nFROM `...')
#3 C:\xampp\htdocs\saiyoojyam\system\Database\BaseBuilder.php(1649): CodeIgniter\Database\BaseConnection->query('SELECT *\nFROM `...', Array, false)
#4 C:\xampp\htdocs\saiyoojyam\vendor\codeigniter4\settings\src\Handlers\DatabaseHandler.php(186): CodeIgniter\Database\BaseBuilder->get()
#5 C:\xampp\htdocs\saiyoojyam\vendor\codeigniter4\settings\src\Handlers\DatabaseHandler.php(51): CodeIgniter\Settings\Handlers\DatabaseHandler->hydrate(NULL)
#6 C:\xampp\htdocs\saiyoojyam\vendor\codeigniter4\settings\src\Settings.php(59): CodeIgniter\Settings\Handlers\DatabaseHandler->has('Config\\Auth', 'sessionConfig', NULL)
#7 C:\xampp\htdocs\saiyoojyam\vendor\codeigniter4\settings\src\Helpers\setting_helper.php(25): CodeIgniter\Settings\Settings->get('Auth.sessionCon...')
#8 C:\xampp\htdocs\saiyoojyam\vendor\codeigniter4\shield\src\Authentication\Authenticators\Session.php(685): setting('Auth.sessionCon...')
#9 C:\xampp\htdocs\saiyoojyam\vendor\codeigniter4\shield\src\Authentication\Authenticators\Session.php(703): CodeIgniter\Shield\Authentication\Authenticators\Session->getSessionUserInfo()
#10 C:\xampp\htdocs\saiyoojyam\vendor\codeigniter4\shield\src\Authentication\Authenticators\Session.php(390): CodeIgniter\Shield\Authentication\Authenticators\Session->getSessionUserKey('id')
#11 C:\xampp\htdocs\saiyoojyam\vendor\codeigniter4\shield\src\Authentication\Authenticators\Session.php(374): CodeIgniter\Shield\Authentication\Authenticators\Session->checkUserState()
#12 C:\xampp\htdocs\saiyoojyam\vendor\codeigniter4\shield\src\Auth.php(191): CodeIgniter\Shield\Authentication\Authenticators\Session->loggedIn()
#13 C:\xampp\htdocs\saiyoojyam\vendor\codeigniter4\shield\src\Collectors\Auth.php(76): CodeIgniter\Shield\Auth->__call('loggedIn', Array)
#14 C:\xampp\htdocs\saiyoojyam\system\Debug\Toolbar\Collectors\BaseCollector.php(228): CodeIgniter\Shield\Collectors\Auth->display()
#15 C:\xampp\htdocs\saiyoojyam\system\Debug\Toolbar.php(95): CodeIgniter\Debug\Toolbar\Collectors\BaseCollector->getAsArray()
#16 C:\xampp\htdocs\saiyoojyam\system\Debug\Toolbar.php(390): CodeIgniter\Debug\Toolbar->run(1747714801.736, 0.0429, Object(CodeIgniter\HTTP\IncomingRequest), Object(CodeIgniter\HTTP\Response))
#17 C:\xampp\htdocs\saiyoojyam\system\Filters\DebugToolbar.php(44): CodeIgniter\Debug\Toolbar->prepare(Object(CodeIgniter\HTTP\IncomingRequest), Object(CodeIgniter\HTTP\Response))
#18 C:\xampp\htdocs\saiyoojyam\system\Filters\Filters.php(278): CodeIgniter\Filters\DebugToolbar->after(Object(CodeIgniter\HTTP\IncomingRequest), Object(CodeIgniter\HTTP\Response), NULL)
#19 C:\xampp\htdocs\saiyoojyam\system\Filters\Filters.php(364): CodeIgniter\Filters\Filters->runAfter(Array)
#20 C:\xampp\htdocs\saiyoojyam\system\CodeIgniter.php(407): CodeIgniter\Filters\Filters->runRequired('after')
#21 C:\xampp\htdocs\saiyoojyam\system\CodeIgniter.php(368): CodeIgniter\CodeIgniter->runRequiredAfterFilters(Object(CodeIgniter\Filters\Filters))
#22 C:\xampp\htdocs\saiyoojyam\system\Boot.php(334): CodeIgniter\CodeIgniter->run()
#23 C:\xampp\htdocs\saiyoojyam\system\Boot.php(67): CodeIgniter\Boot::runCodeIgniter(Object(CodeIgniter\CodeIgniter))
#24 C:\xampp\htdocs\saiyoojyam\public\index.php(59): CodeIgniter\Boot::bootWeb(Object(Config\Paths))
#25 {main}
CRITICAL - 2025-05-20 04:20:01 --> CodeIgniter\Database\Exceptions\DatabaseException: Table 'saiyoojyam.saiyoojyam_settings' doesn't exist
[Method: GET, Route: Admin/RoomType]
in SYSTEMPATH\Database\BaseConnection.php on line 692.
 1 SYSTEMPATH\Database\BaseBuilder.php(1649): CodeIgniter\Database\BaseConnection->query('SELECT *
FROM `saiyoojyam_settings`
WHERE `context` IS NULL', [], false)
 2 VENDORPATH\codeigniter4\settings\src\Handlers\DatabaseHandler.php(186): CodeIgniter\Database\BaseBuilder->get()
 3 VENDORPATH\codeigniter4\settings\src\Handlers\DatabaseHandler.php(51): CodeIgniter\Settings\Handlers\DatabaseHandler->hydrate(null)
 4 VENDORPATH\codeigniter4\settings\src\Settings.php(59): CodeIgniter\Settings\Handlers\DatabaseHandler->has('Config\\Auth', 'sessionConfig', null)
 5 VENDORPATH\codeigniter4\settings\src\Helpers\setting_helper.php(25): CodeIgniter\Settings\Settings->get('Auth.sessionConfig')
 6 VENDORPATH\codeigniter4\shield\src\Authentication\Authenticators\Session.php(685): setting('Auth.sessionConfig')
 7 VENDORPATH\codeigniter4\shield\src\Authentication\Authenticators\Session.php(703): CodeIgniter\Shield\Authentication\Authenticators\Session->getSessionUserInfo()
 8 VENDORPATH\codeigniter4\shield\src\Authentication\Authenticators\Session.php(390): CodeIgniter\Shield\Authentication\Authenticators\Session->getSessionUserKey('id')
 9 VENDORPATH\codeigniter4\shield\src\Authentication\Authenticators\Session.php(374): CodeIgniter\Shield\Authentication\Authenticators\Session->checkUserState()
10 VENDORPATH\codeigniter4\shield\src\Auth.php(191): CodeIgniter\Shield\Authentication\Authenticators\Session->loggedIn()
11 VENDORPATH\codeigniter4\shield\src\Collectors\Auth.php(76): CodeIgniter\Shield\Auth->__call('loggedIn', [])
12 SYSTEMPATH\Debug\Toolbar\Collectors\BaseCollector.php(228): CodeIgniter\Shield\Collectors\Auth->display()
13 SYSTEMPATH\Debug\Toolbar.php(95): CodeIgniter\Debug\Toolbar\Collectors\BaseCollector->getAsArray()
14 SYSTEMPATH\Debug\Toolbar.php(390): CodeIgniter\Debug\Toolbar->run(1747714801.73604, 0.0429, Object(CodeIgniter\HTTP\IncomingRequest), Object(CodeIgniter\HTTP\Response))
15 SYSTEMPATH\Filters\DebugToolbar.php(44): CodeIgniter\Debug\Toolbar->prepare(Object(CodeIgniter\HTTP\IncomingRequest), Object(CodeIgniter\HTTP\Response))
16 SYSTEMPATH\Filters\Filters.php(278): CodeIgniter\Filters\DebugToolbar->after(Object(CodeIgniter\HTTP\IncomingRequest), Object(CodeIgniter\HTTP\Response), null)
17 SYSTEMPATH\Filters\Filters.php(364): CodeIgniter\Filters\Filters->runAfter([...])
18 SYSTEMPATH\CodeIgniter.php(407): CodeIgniter\Filters\Filters->runRequired('after')
19 SYSTEMPATH\CodeIgniter.php(368): CodeIgniter\CodeIgniter->runRequiredAfterFilters(Object(CodeIgniter\Filters\Filters))
20 SYSTEMPATH\Boot.php(334): CodeIgniter\CodeIgniter->run()
21 SYSTEMPATH\Boot.php(67): CodeIgniter\Boot::runCodeIgniter(Object(CodeIgniter\CodeIgniter))
22 FCPATH\index.php(59): CodeIgniter\Boot::bootWeb(Object(Config\Paths))
CRITICAL - 2025-05-20 04:20:01 --> [Caused by] CodeIgniter\Database\Exceptions\DatabaseException: Table 'saiyoojyam.saiyoojyam_settings' doesn't exist
in SYSTEMPATH\Database\MySQLi\Connection.php on line 332.
 1 SYSTEMPATH\Database\BaseConnection.php(738): CodeIgniter\Database\MySQLi\Connection->execute('SELECT *
FROM `saiyoojyam_settings`
WHERE `context` IS NULL')
 2 SYSTEMPATH\Database\BaseConnection.php(652): CodeIgniter\Database\BaseConnection->simpleQuery('SELECT *
FROM `saiyoojyam_settings`
WHERE `context` IS NULL')
 3 SYSTEMPATH\Database\BaseBuilder.php(1649): CodeIgniter\Database\BaseConnection->query('SELECT *
FROM `saiyoojyam_settings`
WHERE `context` IS NULL', [], false)
 4 VENDORPATH\codeigniter4\settings\src\Handlers\DatabaseHandler.php(186): CodeIgniter\Database\BaseBuilder->get()
 5 VENDORPATH\codeigniter4\settings\src\Handlers\DatabaseHandler.php(51): CodeIgniter\Settings\Handlers\DatabaseHandler->hydrate(null)
 6 VENDORPATH\codeigniter4\settings\src\Settings.php(59): CodeIgniter\Settings\Handlers\DatabaseHandler->has('Config\\Auth', 'sessionConfig', null)
 7 VENDORPATH\codeigniter4\settings\src\Helpers\setting_helper.php(25): CodeIgniter\Settings\Settings->get('Auth.sessionConfig')
 8 VENDORPATH\codeigniter4\shield\src\Authentication\Authenticators\Session.php(685): setting('Auth.sessionConfig')
 9 VENDORPATH\codeigniter4\shield\src\Authentication\Authenticators\Session.php(703): CodeIgniter\Shield\Authentication\Authenticators\Session->getSessionUserInfo()
10 VENDORPATH\codeigniter4\shield\src\Authentication\Authenticators\Session.php(390): CodeIgniter\Shield\Authentication\Authenticators\Session->getSessionUserKey('id')
11 VENDORPATH\codeigniter4\shield\src\Authentication\Authenticators\Session.php(374): CodeIgniter\Shield\Authentication\Authenticators\Session->checkUserState()
12 VENDORPATH\codeigniter4\shield\src\Auth.php(191): CodeIgniter\Shield\Authentication\Authenticators\Session->loggedIn()
13 VENDORPATH\codeigniter4\shield\src\Collectors\Auth.php(76): CodeIgniter\Shield\Auth->__call('loggedIn', [])
14 SYSTEMPATH\Debug\Toolbar\Collectors\BaseCollector.php(228): CodeIgniter\Shield\Collectors\Auth->display()
15 SYSTEMPATH\Debug\Toolbar.php(95): CodeIgniter\Debug\Toolbar\Collectors\BaseCollector->getAsArray()
16 SYSTEMPATH\Debug\Toolbar.php(390): CodeIgniter\Debug\Toolbar->run(1747714801.73604, 0.0429, Object(CodeIgniter\HTTP\IncomingRequest), Object(CodeIgniter\HTTP\Response))
17 SYSTEMPATH\Filters\DebugToolbar.php(44): CodeIgniter\Debug\Toolbar->prepare(Object(CodeIgniter\HTTP\IncomingRequest), Object(CodeIgniter\HTTP\Response))
18 SYSTEMPATH\Filters\Filters.php(278): CodeIgniter\Filters\DebugToolbar->after(Object(CodeIgniter\HTTP\IncomingRequest), Object(CodeIgniter\HTTP\Response), null)
19 SYSTEMPATH\Filters\Filters.php(364): CodeIgniter\Filters\Filters->runAfter([...])
20 SYSTEMPATH\CodeIgniter.php(407): CodeIgniter\Filters\Filters->runRequired('after')
21 SYSTEMPATH\CodeIgniter.php(368): CodeIgniter\CodeIgniter->runRequiredAfterFilters(Object(CodeIgniter\Filters\Filters))
22 SYSTEMPATH\Boot.php(334): CodeIgniter\CodeIgniter->run()
23 SYSTEMPATH\Boot.php(67): CodeIgniter\Boot::runCodeIgniter(Object(CodeIgniter\CodeIgniter))
24 FCPATH\index.php(59): CodeIgniter\Boot::bootWeb(Object(Config\Paths))
CRITICAL - 2025-05-20 04:20:01 --> [Caused by] mysqli_sql_exception: Table 'saiyoojyam.saiyoojyam_settings' doesn't exist
in SYSTEMPATH\Database\MySQLi\Connection.php on line 327.
 1 SYSTEMPATH\Database\MySQLi\Connection.php(327): mysqli->query('SELECT *
FROM `saiyoojyam_settings`
WHERE `context` IS NULL', 0)
 2 SYSTEMPATH\Database\BaseConnection.php(738): CodeIgniter\Database\MySQLi\Connection->execute('SELECT *
FROM `saiyoojyam_settings`
WHERE `context` IS NULL')
 3 SYSTEMPATH\Database\BaseConnection.php(652): CodeIgniter\Database\BaseConnection->simpleQuery('SELECT *
FROM `saiyoojyam_settings`
WHERE `context` IS NULL')
 4 SYSTEMPATH\Database\BaseBuilder.php(1649): CodeIgniter\Database\BaseConnection->query('SELECT *
FROM `saiyoojyam_settings`
WHERE `context` IS NULL', [], false)
 5 VENDORPATH\codeigniter4\settings\src\Handlers\DatabaseHandler.php(186): CodeIgniter\Database\BaseBuilder->get()
 6 VENDORPATH\codeigniter4\settings\src\Handlers\DatabaseHandler.php(51): CodeIgniter\Settings\Handlers\DatabaseHandler->hydrate(null)
 7 VENDORPATH\codeigniter4\settings\src\Settings.php(59): CodeIgniter\Settings\Handlers\DatabaseHandler->has('Config\\Auth', 'sessionConfig', null)
 8 VENDORPATH\codeigniter4\settings\src\Helpers\setting_helper.php(25): CodeIgniter\Settings\Settings->get('Auth.sessionConfig')
 9 VENDORPATH\codeigniter4\shield\src\Authentication\Authenticators\Session.php(685): setting('Auth.sessionConfig')
10 VENDORPATH\codeigniter4\shield\src\Authentication\Authenticators\Session.php(703): CodeIgniter\Shield\Authentication\Authenticators\Session->getSessionUserInfo()
11 VENDORPATH\codeigniter4\shield\src\Authentication\Authenticators\Session.php(390): CodeIgniter\Shield\Authentication\Authenticators\Session->getSessionUserKey('id')
12 VENDORPATH\codeigniter4\shield\src\Authentication\Authenticators\Session.php(374): CodeIgniter\Shield\Authentication\Authenticators\Session->checkUserState()
13 VENDORPATH\codeigniter4\shield\src\Auth.php(191): CodeIgniter\Shield\Authentication\Authenticators\Session->loggedIn()
14 VENDORPATH\codeigniter4\shield\src\Collectors\Auth.php(76): CodeIgniter\Shield\Auth->__call('loggedIn', [])
15 SYSTEMPATH\Debug\Toolbar\Collectors\BaseCollector.php(228): CodeIgniter\Shield\Collectors\Auth->display()
16 SYSTEMPATH\Debug\Toolbar.php(95): CodeIgniter\Debug\Toolbar\Collectors\BaseCollector->getAsArray()
17 SYSTEMPATH\Debug\Toolbar.php(390): CodeIgniter\Debug\Toolbar->run(1747714801.73604, 0.0429, Object(CodeIgniter\HTTP\IncomingRequest), Object(CodeIgniter\HTTP\Response))
18 SYSTEMPATH\Filters\DebugToolbar.php(44): CodeIgniter\Debug\Toolbar->prepare(Object(CodeIgniter\HTTP\IncomingRequest), Object(CodeIgniter\HTTP\Response))
19 SYSTEMPATH\Filters\Filters.php(278): CodeIgniter\Filters\DebugToolbar->after(Object(CodeIgniter\HTTP\IncomingRequest), Object(CodeIgniter\HTTP\Response), null)
20 SYSTEMPATH\Filters\Filters.php(364): CodeIgniter\Filters\Filters->runAfter([...])
21 SYSTEMPATH\CodeIgniter.php(407): CodeIgniter\Filters\Filters->runRequired('after')
22 SYSTEMPATH\CodeIgniter.php(368): CodeIgniter\CodeIgniter->runRequiredAfterFilters(Object(CodeIgniter\Filters\Filters))
23 SYSTEMPATH\Boot.php(334): CodeIgniter\CodeIgniter->run()
24 SYSTEMPATH\Boot.php(67): CodeIgniter\Boot::runCodeIgniter(Object(CodeIgniter\CodeIgniter))
25 FCPATH\index.php(59): CodeIgniter\Boot::bootWeb(Object(Config\Paths))
ERROR - 2025-05-20 04:20:02 --> mysqli_sql_exception: Table 'saiyoojyam.saiyoojyam_settings' doesn't exist in C:\xampp\htdocs\saiyoojyam\system\Database\MySQLi\Connection.php:327
Stack trace:
#0 C:\xampp\htdocs\saiyoojyam\system\Database\MySQLi\Connection.php(327): mysqli->query('SELECT *\nFROM `...', 0)
#1 C:\xampp\htdocs\saiyoojyam\system\Database\BaseConnection.php(738): CodeIgniter\Database\MySQLi\Connection->execute('SELECT *\nFROM `...')
#2 C:\xampp\htdocs\saiyoojyam\system\Database\BaseConnection.php(652): CodeIgniter\Database\BaseConnection->simpleQuery('SELECT *\nFROM `...')
#3 C:\xampp\htdocs\saiyoojyam\system\Database\BaseBuilder.php(1649): CodeIgniter\Database\BaseConnection->query('SELECT *\nFROM `...', Array, false)
#4 C:\xampp\htdocs\saiyoojyam\vendor\codeigniter4\settings\src\Handlers\DatabaseHandler.php(186): CodeIgniter\Database\BaseBuilder->get()
#5 C:\xampp\htdocs\saiyoojyam\vendor\codeigniter4\settings\src\Handlers\DatabaseHandler.php(51): CodeIgniter\Settings\Handlers\DatabaseHandler->hydrate(NULL)
#6 C:\xampp\htdocs\saiyoojyam\vendor\codeigniter4\settings\src\Settings.php(59): CodeIgniter\Settings\Handlers\DatabaseHandler->has('Config\\Auth', 'sessionConfig', NULL)
#7 C:\xampp\htdocs\saiyoojyam\vendor\codeigniter4\settings\src\Helpers\setting_helper.php(25): CodeIgniter\Settings\Settings->get('Auth.sessionCon...')
#8 C:\xampp\htdocs\saiyoojyam\vendor\codeigniter4\shield\src\Authentication\Authenticators\Session.php(685): setting('Auth.sessionCon...')
#9 C:\xampp\htdocs\saiyoojyam\vendor\codeigniter4\shield\src\Authentication\Authenticators\Session.php(703): CodeIgniter\Shield\Authentication\Authenticators\Session->getSessionUserInfo()
#10 C:\xampp\htdocs\saiyoojyam\vendor\codeigniter4\shield\src\Authentication\Authenticators\Session.php(390): CodeIgniter\Shield\Authentication\Authenticators\Session->getSessionUserKey('id')
#11 C:\xampp\htdocs\saiyoojyam\vendor\codeigniter4\shield\src\Authentication\Authenticators\Session.php(374): CodeIgniter\Shield\Authentication\Authenticators\Session->checkUserState()
#12 C:\xampp\htdocs\saiyoojyam\vendor\codeigniter4\shield\src\Auth.php(191): CodeIgniter\Shield\Authentication\Authenticators\Session->loggedIn()
#13 C:\xampp\htdocs\saiyoojyam\vendor\codeigniter4\shield\src\Collectors\Auth.php(76): CodeIgniter\Shield\Auth->__call('loggedIn', Array)
#14 C:\xampp\htdocs\saiyoojyam\system\Debug\Toolbar\Collectors\BaseCollector.php(228): CodeIgniter\Shield\Collectors\Auth->display()
#15 C:\xampp\htdocs\saiyoojyam\system\Debug\Toolbar.php(95): CodeIgniter\Debug\Toolbar\Collectors\BaseCollector->getAsArray()
#16 C:\xampp\htdocs\saiyoojyam\system\Debug\Toolbar.php(390): CodeIgniter\Debug\Toolbar->run(1747714802.3243, 0.0423, Object(CodeIgniter\HTTP\IncomingRequest), Object(CodeIgniter\HTTP\Response))
#17 C:\xampp\htdocs\saiyoojyam\system\Filters\DebugToolbar.php(44): CodeIgniter\Debug\Toolbar->prepare(Object(CodeIgniter\HTTP\IncomingRequest), Object(CodeIgniter\HTTP\Response))
#18 C:\xampp\htdocs\saiyoojyam\system\Filters\Filters.php(278): CodeIgniter\Filters\DebugToolbar->after(Object(CodeIgniter\HTTP\IncomingRequest), Object(CodeIgniter\HTTP\Response), NULL)
#19 C:\xampp\htdocs\saiyoojyam\system\Filters\Filters.php(364): CodeIgniter\Filters\Filters->runAfter(Array)
#20 C:\xampp\htdocs\saiyoojyam\system\CodeIgniter.php(407): CodeIgniter\Filters\Filters->runRequired('after')
#21 C:\xampp\htdocs\saiyoojyam\system\CodeIgniter.php(368): CodeIgniter\CodeIgniter->runRequiredAfterFilters(Object(CodeIgniter\Filters\Filters))
#22 C:\xampp\htdocs\saiyoojyam\system\Boot.php(334): CodeIgniter\CodeIgniter->run()
#23 C:\xampp\htdocs\saiyoojyam\system\Boot.php(67): CodeIgniter\Boot::runCodeIgniter(Object(CodeIgniter\CodeIgniter))
#24 C:\xampp\htdocs\saiyoojyam\public\index.php(59): CodeIgniter\Boot::bootWeb(Object(Config\Paths))
#25 {main}
CRITICAL - 2025-05-20 04:20:02 --> CodeIgniter\Database\Exceptions\DatabaseException: Table 'saiyoojyam.saiyoojyam_settings' doesn't exist
[Method: GET, Route: Admin/RoomType]
in SYSTEMPATH\Database\BaseConnection.php on line 692.
 1 SYSTEMPATH\Database\BaseBuilder.php(1649): CodeIgniter\Database\BaseConnection->query('SELECT *
FROM `saiyoojyam_settings`
WHERE `context` IS NULL', [], false)
 2 VENDORPATH\codeigniter4\settings\src\Handlers\DatabaseHandler.php(186): CodeIgniter\Database\BaseBuilder->get()
 3 VENDORPATH\codeigniter4\settings\src\Handlers\DatabaseHandler.php(51): CodeIgniter\Settings\Handlers\DatabaseHandler->hydrate(null)
 4 VENDORPATH\codeigniter4\settings\src\Settings.php(59): CodeIgniter\Settings\Handlers\DatabaseHandler->has('Config\\Auth', 'sessionConfig', null)
 5 VENDORPATH\codeigniter4\settings\src\Helpers\setting_helper.php(25): CodeIgniter\Settings\Settings->get('Auth.sessionConfig')
 6 VENDORPATH\codeigniter4\shield\src\Authentication\Authenticators\Session.php(685): setting('Auth.sessionConfig')
 7 VENDORPATH\codeigniter4\shield\src\Authentication\Authenticators\Session.php(703): CodeIgniter\Shield\Authentication\Authenticators\Session->getSessionUserInfo()
 8 VENDORPATH\codeigniter4\shield\src\Authentication\Authenticators\Session.php(390): CodeIgniter\Shield\Authentication\Authenticators\Session->getSessionUserKey('id')
 9 VENDORPATH\codeigniter4\shield\src\Authentication\Authenticators\Session.php(374): CodeIgniter\Shield\Authentication\Authenticators\Session->checkUserState()
10 VENDORPATH\codeigniter4\shield\src\Auth.php(191): CodeIgniter\Shield\Authentication\Authenticators\Session->loggedIn()
11 VENDORPATH\codeigniter4\shield\src\Collectors\Auth.php(76): CodeIgniter\Shield\Auth->__call('loggedIn', [])
12 SYSTEMPATH\Debug\Toolbar\Collectors\BaseCollector.php(228): CodeIgniter\Shield\Collectors\Auth->display()
13 SYSTEMPATH\Debug\Toolbar.php(95): CodeIgniter\Debug\Toolbar\Collectors\BaseCollector->getAsArray()
14 SYSTEMPATH\Debug\Toolbar.php(390): CodeIgniter\Debug\Toolbar->run(1747714802.324302, 0.0423, Object(CodeIgniter\HTTP\IncomingRequest), Object(CodeIgniter\HTTP\Response))
15 SYSTEMPATH\Filters\DebugToolbar.php(44): CodeIgniter\Debug\Toolbar->prepare(Object(CodeIgniter\HTTP\IncomingRequest), Object(CodeIgniter\HTTP\Response))
16 SYSTEMPATH\Filters\Filters.php(278): CodeIgniter\Filters\DebugToolbar->after(Object(CodeIgniter\HTTP\IncomingRequest), Object(CodeIgniter\HTTP\Response), null)
17 SYSTEMPATH\Filters\Filters.php(364): CodeIgniter\Filters\Filters->runAfter([...])
18 SYSTEMPATH\CodeIgniter.php(407): CodeIgniter\Filters\Filters->runRequired('after')
19 SYSTEMPATH\CodeIgniter.php(368): CodeIgniter\CodeIgniter->runRequiredAfterFilters(Object(CodeIgniter\Filters\Filters))
20 SYSTEMPATH\Boot.php(334): CodeIgniter\CodeIgniter->run()
21 SYSTEMPATH\Boot.php(67): CodeIgniter\Boot::runCodeIgniter(Object(CodeIgniter\CodeIgniter))
22 FCPATH\index.php(59): CodeIgniter\Boot::bootWeb(Object(Config\Paths))
CRITICAL - 2025-05-20 04:20:02 --> [Caused by] CodeIgniter\Database\Exceptions\DatabaseException: Table 'saiyoojyam.saiyoojyam_settings' doesn't exist
in SYSTEMPATH\Database\MySQLi\Connection.php on line 332.
 1 SYSTEMPATH\Database\BaseConnection.php(738): CodeIgniter\Database\MySQLi\Connection->execute('SELECT *
FROM `saiyoojyam_settings`
WHERE `context` IS NULL')
 2 SYSTEMPATH\Database\BaseConnection.php(652): CodeIgniter\Database\BaseConnection->simpleQuery('SELECT *
FROM `saiyoojyam_settings`
WHERE `context` IS NULL')
 3 SYSTEMPATH\Database\BaseBuilder.php(1649): CodeIgniter\Database\BaseConnection->query('SELECT *
FROM `saiyoojyam_settings`
WHERE `context` IS NULL', [], false)
 4 VENDORPATH\codeigniter4\settings\src\Handlers\DatabaseHandler.php(186): CodeIgniter\Database\BaseBuilder->get()
 5 VENDORPATH\codeigniter4\settings\src\Handlers\DatabaseHandler.php(51): CodeIgniter\Settings\Handlers\DatabaseHandler->hydrate(null)
 6 VENDORPATH\codeigniter4\settings\src\Settings.php(59): CodeIgniter\Settings\Handlers\DatabaseHandler->has('Config\\Auth', 'sessionConfig', null)
 7 VENDORPATH\codeigniter4\settings\src\Helpers\setting_helper.php(25): CodeIgniter\Settings\Settings->get('Auth.sessionConfig')
 8 VENDORPATH\codeigniter4\shield\src\Authentication\Authenticators\Session.php(685): setting('Auth.sessionConfig')
 9 VENDORPATH\codeigniter4\shield\src\Authentication\Authenticators\Session.php(703): CodeIgniter\Shield\Authentication\Authenticators\Session->getSessionUserInfo()
10 VENDORPATH\codeigniter4\shield\src\Authentication\Authenticators\Session.php(390): CodeIgniter\Shield\Authentication\Authenticators\Session->getSessionUserKey('id')
11 VENDORPATH\codeigniter4\shield\src\Authentication\Authenticators\Session.php(374): CodeIgniter\Shield\Authentication\Authenticators\Session->checkUserState()
12 VENDORPATH\codeigniter4\shield\src\Auth.php(191): CodeIgniter\Shield\Authentication\Authenticators\Session->loggedIn()
13 VENDORPATH\codeigniter4\shield\src\Collectors\Auth.php(76): CodeIgniter\Shield\Auth->__call('loggedIn', [])
14 SYSTEMPATH\Debug\Toolbar\Collectors\BaseCollector.php(228): CodeIgniter\Shield\Collectors\Auth->display()
15 SYSTEMPATH\Debug\Toolbar.php(95): CodeIgniter\Debug\Toolbar\Collectors\BaseCollector->getAsArray()
16 SYSTEMPATH\Debug\Toolbar.php(390): CodeIgniter\Debug\Toolbar->run(1747714802.324302, 0.0423, Object(CodeIgniter\HTTP\IncomingRequest), Object(CodeIgniter\HTTP\Response))
17 SYSTEMPATH\Filters\DebugToolbar.php(44): CodeIgniter\Debug\Toolbar->prepare(Object(CodeIgniter\HTTP\IncomingRequest), Object(CodeIgniter\HTTP\Response))
18 SYSTEMPATH\Filters\Filters.php(278): CodeIgniter\Filters\DebugToolbar->after(Object(CodeIgniter\HTTP\IncomingRequest), Object(CodeIgniter\HTTP\Response), null)
19 SYSTEMPATH\Filters\Filters.php(364): CodeIgniter\Filters\Filters->runAfter([...])
20 SYSTEMPATH\CodeIgniter.php(407): CodeIgniter\Filters\Filters->runRequired('after')
21 SYSTEMPATH\CodeIgniter.php(368): CodeIgniter\CodeIgniter->runRequiredAfterFilters(Object(CodeIgniter\Filters\Filters))
22 SYSTEMPATH\Boot.php(334): CodeIgniter\CodeIgniter->run()
23 SYSTEMPATH\Boot.php(67): CodeIgniter\Boot::runCodeIgniter(Object(CodeIgniter\CodeIgniter))
24 FCPATH\index.php(59): CodeIgniter\Boot::bootWeb(Object(Config\Paths))
CRITICAL - 2025-05-20 04:20:02 --> [Caused by] mysqli_sql_exception: Table 'saiyoojyam.saiyoojyam_settings' doesn't exist
in SYSTEMPATH\Database\MySQLi\Connection.php on line 327.
 1 SYSTEMPATH\Database\MySQLi\Connection.php(327): mysqli->query('SELECT *
FROM `saiyoojyam_settings`
WHERE `context` IS NULL', 0)
 2 SYSTEMPATH\Database\BaseConnection.php(738): CodeIgniter\Database\MySQLi\Connection->execute('SELECT *
FROM `saiyoojyam_settings`
WHERE `context` IS NULL')
 3 SYSTEMPATH\Database\BaseConnection.php(652): CodeIgniter\Database\BaseConnection->simpleQuery('SELECT *
FROM `saiyoojyam_settings`
WHERE `context` IS NULL')
 4 SYSTEMPATH\Database\BaseBuilder.php(1649): CodeIgniter\Database\BaseConnection->query('SELECT *
FROM `saiyoojyam_settings`
WHERE `context` IS NULL', [], false)
 5 VENDORPATH\codeigniter4\settings\src\Handlers\DatabaseHandler.php(186): CodeIgniter\Database\BaseBuilder->get()
 6 VENDORPATH\codeigniter4\settings\src\Handlers\DatabaseHandler.php(51): CodeIgniter\Settings\Handlers\DatabaseHandler->hydrate(null)
 7 VENDORPATH\codeigniter4\settings\src\Settings.php(59): CodeIgniter\Settings\Handlers\DatabaseHandler->has('Config\\Auth', 'sessionConfig', null)
 8 VENDORPATH\codeigniter4\settings\src\Helpers\setting_helper.php(25): CodeIgniter\Settings\Settings->get('Auth.sessionConfig')
 9 VENDORPATH\codeigniter4\shield\src\Authentication\Authenticators\Session.php(685): setting('Auth.sessionConfig')
10 VENDORPATH\codeigniter4\shield\src\Authentication\Authenticators\Session.php(703): CodeIgniter\Shield\Authentication\Authenticators\Session->getSessionUserInfo()
11 VENDORPATH\codeigniter4\shield\src\Authentication\Authenticators\Session.php(390): CodeIgniter\Shield\Authentication\Authenticators\Session->getSessionUserKey('id')
12 VENDORPATH\codeigniter4\shield\src\Authentication\Authenticators\Session.php(374): CodeIgniter\Shield\Authentication\Authenticators\Session->checkUserState()
13 VENDORPATH\codeigniter4\shield\src\Auth.php(191): CodeIgniter\Shield\Authentication\Authenticators\Session->loggedIn()
14 VENDORPATH\codeigniter4\shield\src\Collectors\Auth.php(76): CodeIgniter\Shield\Auth->__call('loggedIn', [])
15 SYSTEMPATH\Debug\Toolbar\Collectors\BaseCollector.php(228): CodeIgniter\Shield\Collectors\Auth->display()
16 SYSTEMPATH\Debug\Toolbar.php(95): CodeIgniter\Debug\Toolbar\Collectors\BaseCollector->getAsArray()
17 SYSTEMPATH\Debug\Toolbar.php(390): CodeIgniter\Debug\Toolbar->run(1747714802.324302, 0.0423, Object(CodeIgniter\HTTP\IncomingRequest), Object(CodeIgniter\HTTP\Response))
18 SYSTEMPATH\Filters\DebugToolbar.php(44): CodeIgniter\Debug\Toolbar->prepare(Object(CodeIgniter\HTTP\IncomingRequest), Object(CodeIgniter\HTTP\Response))
19 SYSTEMPATH\Filters\Filters.php(278): CodeIgniter\Filters\DebugToolbar->after(Object(CodeIgniter\HTTP\IncomingRequest), Object(CodeIgniter\HTTP\Response), null)
20 SYSTEMPATH\Filters\Filters.php(364): CodeIgniter\Filters\Filters->runAfter([...])
21 SYSTEMPATH\CodeIgniter.php(407): CodeIgniter\Filters\Filters->runRequired('after')
22 SYSTEMPATH\CodeIgniter.php(368): CodeIgniter\CodeIgniter->runRequiredAfterFilters(Object(CodeIgniter\Filters\Filters))
23 SYSTEMPATH\Boot.php(334): CodeIgniter\CodeIgniter->run()
24 SYSTEMPATH\Boot.php(67): CodeIgniter\Boot::runCodeIgniter(Object(CodeIgniter\CodeIgniter))
25 FCPATH\index.php(59): CodeIgniter\Boot::bootWeb(Object(Config\Paths))
ERROR - 2025-05-20 04:20:02 --> mysqli_sql_exception: Table 'saiyoojyam.saiyoojyam_settings' doesn't exist in C:\xampp\htdocs\saiyoojyam\system\Database\MySQLi\Connection.php:327
Stack trace:
#0 C:\xampp\htdocs\saiyoojyam\system\Database\MySQLi\Connection.php(327): mysqli->query('SELECT *\nFROM `...', 0)
#1 C:\xampp\htdocs\saiyoojyam\system\Database\BaseConnection.php(738): CodeIgniter\Database\MySQLi\Connection->execute('SELECT *\nFROM `...')
#2 C:\xampp\htdocs\saiyoojyam\system\Database\BaseConnection.php(652): CodeIgniter\Database\BaseConnection->simpleQuery('SELECT *\nFROM `...')
#3 C:\xampp\htdocs\saiyoojyam\system\Database\BaseBuilder.php(1649): CodeIgniter\Database\BaseConnection->query('SELECT *\nFROM `...', Array, false)
#4 C:\xampp\htdocs\saiyoojyam\vendor\codeigniter4\settings\src\Handlers\DatabaseHandler.php(186): CodeIgniter\Database\BaseBuilder->get()
#5 C:\xampp\htdocs\saiyoojyam\vendor\codeigniter4\settings\src\Handlers\DatabaseHandler.php(51): CodeIgniter\Settings\Handlers\DatabaseHandler->hydrate(NULL)
#6 C:\xampp\htdocs\saiyoojyam\vendor\codeigniter4\settings\src\Settings.php(59): CodeIgniter\Settings\Handlers\DatabaseHandler->has('Config\\Auth', 'sessionConfig', NULL)
#7 C:\xampp\htdocs\saiyoojyam\vendor\codeigniter4\settings\src\Helpers\setting_helper.php(25): CodeIgniter\Settings\Settings->get('Auth.sessionCon...')
#8 C:\xampp\htdocs\saiyoojyam\vendor\codeigniter4\shield\src\Authentication\Authenticators\Session.php(685): setting('Auth.sessionCon...')
#9 C:\xampp\htdocs\saiyoojyam\vendor\codeigniter4\shield\src\Authentication\Authenticators\Session.php(703): CodeIgniter\Shield\Authentication\Authenticators\Session->getSessionUserInfo()
#10 C:\xampp\htdocs\saiyoojyam\vendor\codeigniter4\shield\src\Authentication\Authenticators\Session.php(390): CodeIgniter\Shield\Authentication\Authenticators\Session->getSessionUserKey('id')
#11 C:\xampp\htdocs\saiyoojyam\vendor\codeigniter4\shield\src\Authentication\Authenticators\Session.php(374): CodeIgniter\Shield\Authentication\Authenticators\Session->checkUserState()
#12 C:\xampp\htdocs\saiyoojyam\vendor\codeigniter4\shield\src\Auth.php(191): CodeIgniter\Shield\Authentication\Authenticators\Session->loggedIn()
#13 C:\xampp\htdocs\saiyoojyam\vendor\codeigniter4\shield\src\Collectors\Auth.php(76): CodeIgniter\Shield\Auth->__call('loggedIn', Array)
#14 C:\xampp\htdocs\saiyoojyam\system\Debug\Toolbar\Collectors\BaseCollector.php(228): CodeIgniter\Shield\Collectors\Auth->display()
#15 C:\xampp\htdocs\saiyoojyam\system\Debug\Toolbar.php(95): CodeIgniter\Debug\Toolbar\Collectors\BaseCollector->getAsArray()
#16 C:\xampp\htdocs\saiyoojyam\system\Debug\Toolbar.php(390): CodeIgniter\Debug\Toolbar->run(1747714802.648, 0.0436, Object(CodeIgniter\HTTP\IncomingRequest), Object(CodeIgniter\HTTP\Response))
#17 C:\xampp\htdocs\saiyoojyam\system\Filters\DebugToolbar.php(44): CodeIgniter\Debug\Toolbar->prepare(Object(CodeIgniter\HTTP\IncomingRequest), Object(CodeIgniter\HTTP\Response))
#18 C:\xampp\htdocs\saiyoojyam\system\Filters\Filters.php(278): CodeIgniter\Filters\DebugToolbar->after(Object(CodeIgniter\HTTP\IncomingRequest), Object(CodeIgniter\HTTP\Response), NULL)
#19 C:\xampp\htdocs\saiyoojyam\system\Filters\Filters.php(364): CodeIgniter\Filters\Filters->runAfter(Array)
#20 C:\xampp\htdocs\saiyoojyam\system\CodeIgniter.php(407): CodeIgniter\Filters\Filters->runRequired('after')
#21 C:\xampp\htdocs\saiyoojyam\system\CodeIgniter.php(368): CodeIgniter\CodeIgniter->runRequiredAfterFilters(Object(CodeIgniter\Filters\Filters))
#22 C:\xampp\htdocs\saiyoojyam\system\Boot.php(334): CodeIgniter\CodeIgniter->run()
#23 C:\xampp\htdocs\saiyoojyam\system\Boot.php(67): CodeIgniter\Boot::runCodeIgniter(Object(CodeIgniter\CodeIgniter))
#24 C:\xampp\htdocs\saiyoojyam\public\index.php(59): CodeIgniter\Boot::bootWeb(Object(Config\Paths))
#25 {main}
CRITICAL - 2025-05-20 04:20:02 --> CodeIgniter\Database\Exceptions\DatabaseException: Table 'saiyoojyam.saiyoojyam_settings' doesn't exist
[Method: GET, Route: Admin/RoomType]
in SYSTEMPATH\Database\BaseConnection.php on line 692.
 1 SYSTEMPATH\Database\BaseBuilder.php(1649): CodeIgniter\Database\BaseConnection->query('SELECT *
FROM `saiyoojyam_settings`
WHERE `context` IS NULL', [], false)
 2 VENDORPATH\codeigniter4\settings\src\Handlers\DatabaseHandler.php(186): CodeIgniter\Database\BaseBuilder->get()
 3 VENDORPATH\codeigniter4\settings\src\Handlers\DatabaseHandler.php(51): CodeIgniter\Settings\Handlers\DatabaseHandler->hydrate(null)
 4 VENDORPATH\codeigniter4\settings\src\Settings.php(59): CodeIgniter\Settings\Handlers\DatabaseHandler->has('Config\\Auth', 'sessionConfig', null)
 5 VENDORPATH\codeigniter4\settings\src\Helpers\setting_helper.php(25): CodeIgniter\Settings\Settings->get('Auth.sessionConfig')
 6 VENDORPATH\codeigniter4\shield\src\Authentication\Authenticators\Session.php(685): setting('Auth.sessionConfig')
 7 VENDORPATH\codeigniter4\shield\src\Authentication\Authenticators\Session.php(703): CodeIgniter\Shield\Authentication\Authenticators\Session->getSessionUserInfo()
 8 VENDORPATH\codeigniter4\shield\src\Authentication\Authenticators\Session.php(390): CodeIgniter\Shield\Authentication\Authenticators\Session->getSessionUserKey('id')
 9 VENDORPATH\codeigniter4\shield\src\Authentication\Authenticators\Session.php(374): CodeIgniter\Shield\Authentication\Authenticators\Session->checkUserState()
10 VENDORPATH\codeigniter4\shield\src\Auth.php(191): CodeIgniter\Shield\Authentication\Authenticators\Session->loggedIn()
11 VENDORPATH\codeigniter4\shield\src\Collectors\Auth.php(76): CodeIgniter\Shield\Auth->__call('loggedIn', [])
12 SYSTEMPATH\Debug\Toolbar\Collectors\BaseCollector.php(228): CodeIgniter\Shield\Collectors\Auth->display()
13 SYSTEMPATH\Debug\Toolbar.php(95): CodeIgniter\Debug\Toolbar\Collectors\BaseCollector->getAsArray()
14 SYSTEMPATH\Debug\Toolbar.php(390): CodeIgniter\Debug\Toolbar->run(1747714802.648009, 0.0436, Object(CodeIgniter\HTTP\IncomingRequest), Object(CodeIgniter\HTTP\Response))
15 SYSTEMPATH\Filters\DebugToolbar.php(44): CodeIgniter\Debug\Toolbar->prepare(Object(CodeIgniter\HTTP\IncomingRequest), Object(CodeIgniter\HTTP\Response))
16 SYSTEMPATH\Filters\Filters.php(278): CodeIgniter\Filters\DebugToolbar->after(Object(CodeIgniter\HTTP\IncomingRequest), Object(CodeIgniter\HTTP\Response), null)
17 SYSTEMPATH\Filters\Filters.php(364): CodeIgniter\Filters\Filters->runAfter([...])
18 SYSTEMPATH\CodeIgniter.php(407): CodeIgniter\Filters\Filters->runRequired('after')
19 SYSTEMPATH\CodeIgniter.php(368): CodeIgniter\CodeIgniter->runRequiredAfterFilters(Object(CodeIgniter\Filters\Filters))
20 SYSTEMPATH\Boot.php(334): CodeIgniter\CodeIgniter->run()
21 SYSTEMPATH\Boot.php(67): CodeIgniter\Boot::runCodeIgniter(Object(CodeIgniter\CodeIgniter))
22 FCPATH\index.php(59): CodeIgniter\Boot::bootWeb(Object(Config\Paths))
CRITICAL - 2025-05-20 04:20:02 --> [Caused by] CodeIgniter\Database\Exceptions\DatabaseException: Table 'saiyoojyam.saiyoojyam_settings' doesn't exist
in SYSTEMPATH\Database\MySQLi\Connection.php on line 332.
 1 SYSTEMPATH\Database\BaseConnection.php(738): CodeIgniter\Database\MySQLi\Connection->execute('SELECT *
FROM `saiyoojyam_settings`
WHERE `context` IS NULL')
 2 SYSTEMPATH\Database\BaseConnection.php(652): CodeIgniter\Database\BaseConnection->simpleQuery('SELECT *
FROM `saiyoojyam_settings`
WHERE `context` IS NULL')
 3 SYSTEMPATH\Database\BaseBuilder.php(1649): CodeIgniter\Database\BaseConnection->query('SELECT *
FROM `saiyoojyam_settings`
WHERE `context` IS NULL', [], false)
 4 VENDORPATH\codeigniter4\settings\src\Handlers\DatabaseHandler.php(186): CodeIgniter\Database\BaseBuilder->get()
 5 VENDORPATH\codeigniter4\settings\src\Handlers\DatabaseHandler.php(51): CodeIgniter\Settings\Handlers\DatabaseHandler->hydrate(null)
 6 VENDORPATH\codeigniter4\settings\src\Settings.php(59): CodeIgniter\Settings\Handlers\DatabaseHandler->has('Config\\Auth', 'sessionConfig', null)
 7 VENDORPATH\codeigniter4\settings\src\Helpers\setting_helper.php(25): CodeIgniter\Settings\Settings->get('Auth.sessionConfig')
 8 VENDORPATH\codeigniter4\shield\src\Authentication\Authenticators\Session.php(685): setting('Auth.sessionConfig')
 9 VENDORPATH\codeigniter4\shield\src\Authentication\Authenticators\Session.php(703): CodeIgniter\Shield\Authentication\Authenticators\Session->getSessionUserInfo()
10 VENDORPATH\codeigniter4\shield\src\Authentication\Authenticators\Session.php(390): CodeIgniter\Shield\Authentication\Authenticators\Session->getSessionUserKey('id')
11 VENDORPATH\codeigniter4\shield\src\Authentication\Authenticators\Session.php(374): CodeIgniter\Shield\Authentication\Authenticators\Session->checkUserState()
12 VENDORPATH\codeigniter4\shield\src\Auth.php(191): CodeIgniter\Shield\Authentication\Authenticators\Session->loggedIn()
13 VENDORPATH\codeigniter4\shield\src\Collectors\Auth.php(76): CodeIgniter\Shield\Auth->__call('loggedIn', [])
14 SYSTEMPATH\Debug\Toolbar\Collectors\BaseCollector.php(228): CodeIgniter\Shield\Collectors\Auth->display()
15 SYSTEMPATH\Debug\Toolbar.php(95): CodeIgniter\Debug\Toolbar\Collectors\BaseCollector->getAsArray()
16 SYSTEMPATH\Debug\Toolbar.php(390): CodeIgniter\Debug\Toolbar->run(1747714802.648009, 0.0436, Object(CodeIgniter\HTTP\IncomingRequest), Object(CodeIgniter\HTTP\Response))
17 SYSTEMPATH\Filters\DebugToolbar.php(44): CodeIgniter\Debug\Toolbar->prepare(Object(CodeIgniter\HTTP\IncomingRequest), Object(CodeIgniter\HTTP\Response))
18 SYSTEMPATH\Filters\Filters.php(278): CodeIgniter\Filters\DebugToolbar->after(Object(CodeIgniter\HTTP\IncomingRequest), Object(CodeIgniter\HTTP\Response), null)
19 SYSTEMPATH\Filters\Filters.php(364): CodeIgniter\Filters\Filters->runAfter([...])
20 SYSTEMPATH\CodeIgniter.php(407): CodeIgniter\Filters\Filters->runRequired('after')
21 SYSTEMPATH\CodeIgniter.php(368): CodeIgniter\CodeIgniter->runRequiredAfterFilters(Object(CodeIgniter\Filters\Filters))
22 SYSTEMPATH\Boot.php(334): CodeIgniter\CodeIgniter->run()
23 SYSTEMPATH\Boot.php(67): CodeIgniter\Boot::runCodeIgniter(Object(CodeIgniter\CodeIgniter))
24 FCPATH\index.php(59): CodeIgniter\Boot::bootWeb(Object(Config\Paths))
CRITICAL - 2025-05-20 04:20:02 --> [Caused by] mysqli_sql_exception: Table 'saiyoojyam.saiyoojyam_settings' doesn't exist
in SYSTEMPATH\Database\MySQLi\Connection.php on line 327.
 1 SYSTEMPATH\Database\MySQLi\Connection.php(327): mysqli->query('SELECT *
FROM `saiyoojyam_settings`
WHERE `context` IS NULL', 0)
 2 SYSTEMPATH\Database\BaseConnection.php(738): CodeIgniter\Database\MySQLi\Connection->execute('SELECT *
FROM `saiyoojyam_settings`
WHERE `context` IS NULL')
 3 SYSTEMPATH\Database\BaseConnection.php(652): CodeIgniter\Database\BaseConnection->simpleQuery('SELECT *
FROM `saiyoojyam_settings`
WHERE `context` IS NULL')
 4 SYSTEMPATH\Database\BaseBuilder.php(1649): CodeIgniter\Database\BaseConnection->query('SELECT *
FROM `saiyoojyam_settings`
WHERE `context` IS NULL', [], false)
 5 VENDORPATH\codeigniter4\settings\src\Handlers\DatabaseHandler.php(186): CodeIgniter\Database\BaseBuilder->get()
 6 VENDORPATH\codeigniter4\settings\src\Handlers\DatabaseHandler.php(51): CodeIgniter\Settings\Handlers\DatabaseHandler->hydrate(null)
 7 VENDORPATH\codeigniter4\settings\src\Settings.php(59): CodeIgniter\Settings\Handlers\DatabaseHandler->has('Config\\Auth', 'sessionConfig', null)
 8 VENDORPATH\codeigniter4\settings\src\Helpers\setting_helper.php(25): CodeIgniter\Settings\Settings->get('Auth.sessionConfig')
 9 VENDORPATH\codeigniter4\shield\src\Authentication\Authenticators\Session.php(685): setting('Auth.sessionConfig')
10 VENDORPATH\codeigniter4\shield\src\Authentication\Authenticators\Session.php(703): CodeIgniter\Shield\Authentication\Authenticators\Session->getSessionUserInfo()
11 VENDORPATH\codeigniter4\shield\src\Authentication\Authenticators\Session.php(390): CodeIgniter\Shield\Authentication\Authenticators\Session->getSessionUserKey('id')
12 VENDORPATH\codeigniter4\shield\src\Authentication\Authenticators\Session.php(374): CodeIgniter\Shield\Authentication\Authenticators\Session->checkUserState()
13 VENDORPATH\codeigniter4\shield\src\Auth.php(191): CodeIgniter\Shield\Authentication\Authenticators\Session->loggedIn()
14 VENDORPATH\codeigniter4\shield\src\Collectors\Auth.php(76): CodeIgniter\Shield\Auth->__call('loggedIn', [])
15 SYSTEMPATH\Debug\Toolbar\Collectors\BaseCollector.php(228): CodeIgniter\Shield\Collectors\Auth->display()
16 SYSTEMPATH\Debug\Toolbar.php(95): CodeIgniter\Debug\Toolbar\Collectors\BaseCollector->getAsArray()
17 SYSTEMPATH\Debug\Toolbar.php(390): CodeIgniter\Debug\Toolbar->run(1747714802.648009, 0.0436, Object(CodeIgniter\HTTP\IncomingRequest), Object(CodeIgniter\HTTP\Response))
18 SYSTEMPATH\Filters\DebugToolbar.php(44): CodeIgniter\Debug\Toolbar->prepare(Object(CodeIgniter\HTTP\IncomingRequest), Object(CodeIgniter\HTTP\Response))
19 SYSTEMPATH\Filters\Filters.php(278): CodeIgniter\Filters\DebugToolbar->after(Object(CodeIgniter\HTTP\IncomingRequest), Object(CodeIgniter\HTTP\Response), null)
20 SYSTEMPATH\Filters\Filters.php(364): CodeIgniter\Filters\Filters->runAfter([...])
21 SYSTEMPATH\CodeIgniter.php(407): CodeIgniter\Filters\Filters->runRequired('after')
22 SYSTEMPATH\CodeIgniter.php(368): CodeIgniter\CodeIgniter->runRequiredAfterFilters(Object(CodeIgniter\Filters\Filters))
23 SYSTEMPATH\Boot.php(334): CodeIgniter\CodeIgniter->run()
24 SYSTEMPATH\Boot.php(67): CodeIgniter\Boot::runCodeIgniter(Object(CodeIgniter\CodeIgniter))
25 FCPATH\index.php(59): CodeIgniter\Boot::bootWeb(Object(Config\Paths))
ERROR - 2025-05-20 04:20:02 --> mysqli_sql_exception: Table 'saiyoojyam.saiyoojyam_settings' doesn't exist in C:\xampp\htdocs\saiyoojyam\system\Database\MySQLi\Connection.php:327
Stack trace:
#0 C:\xampp\htdocs\saiyoojyam\system\Database\MySQLi\Connection.php(327): mysqli->query('SELECT *\nFROM `...', 0)
#1 C:\xampp\htdocs\saiyoojyam\system\Database\BaseConnection.php(738): CodeIgniter\Database\MySQLi\Connection->execute('SELECT *\nFROM `...')
#2 C:\xampp\htdocs\saiyoojyam\system\Database\BaseConnection.php(652): CodeIgniter\Database\BaseConnection->simpleQuery('SELECT *\nFROM `...')
#3 C:\xampp\htdocs\saiyoojyam\system\Database\BaseBuilder.php(1649): CodeIgniter\Database\BaseConnection->query('SELECT *\nFROM `...', Array, false)
#4 C:\xampp\htdocs\saiyoojyam\vendor\codeigniter4\settings\src\Handlers\DatabaseHandler.php(186): CodeIgniter\Database\BaseBuilder->get()
#5 C:\xampp\htdocs\saiyoojyam\vendor\codeigniter4\settings\src\Handlers\DatabaseHandler.php(51): CodeIgniter\Settings\Handlers\DatabaseHandler->hydrate(NULL)
#6 C:\xampp\htdocs\saiyoojyam\vendor\codeigniter4\settings\src\Settings.php(59): CodeIgniter\Settings\Handlers\DatabaseHandler->has('Config\\Auth', 'sessionConfig', NULL)
#7 C:\xampp\htdocs\saiyoojyam\vendor\codeigniter4\settings\src\Helpers\setting_helper.php(25): CodeIgniter\Settings\Settings->get('Auth.sessionCon...')
#8 C:\xampp\htdocs\saiyoojyam\vendor\codeigniter4\shield\src\Authentication\Authenticators\Session.php(685): setting('Auth.sessionCon...')
#9 C:\xampp\htdocs\saiyoojyam\vendor\codeigniter4\shield\src\Authentication\Authenticators\Session.php(703): CodeIgniter\Shield\Authentication\Authenticators\Session->getSessionUserInfo()
#10 C:\xampp\htdocs\saiyoojyam\vendor\codeigniter4\shield\src\Authentication\Authenticators\Session.php(390): CodeIgniter\Shield\Authentication\Authenticators\Session->getSessionUserKey('id')
#11 C:\xampp\htdocs\saiyoojyam\vendor\codeigniter4\shield\src\Authentication\Authenticators\Session.php(374): CodeIgniter\Shield\Authentication\Authenticators\Session->checkUserState()
#12 C:\xampp\htdocs\saiyoojyam\vendor\codeigniter4\shield\src\Auth.php(191): CodeIgniter\Shield\Authentication\Authenticators\Session->loggedIn()
#13 C:\xampp\htdocs\saiyoojyam\vendor\codeigniter4\shield\src\Collectors\Auth.php(76): CodeIgniter\Shield\Auth->__call('loggedIn', Array)
#14 C:\xampp\htdocs\saiyoojyam\system\Debug\Toolbar\Collectors\BaseCollector.php(228): CodeIgniter\Shield\Collectors\Auth->display()
#15 C:\xampp\htdocs\saiyoojyam\system\Debug\Toolbar.php(95): CodeIgniter\Debug\Toolbar\Collectors\BaseCollector->getAsArray()
#16 C:\xampp\htdocs\saiyoojyam\system\Debug\Toolbar.php(390): CodeIgniter\Debug\Toolbar->run(1747714802.8887, 0.0448, Object(CodeIgniter\HTTP\IncomingRequest), Object(CodeIgniter\HTTP\Response))
#17 C:\xampp\htdocs\saiyoojyam\system\Filters\DebugToolbar.php(44): CodeIgniter\Debug\Toolbar->prepare(Object(CodeIgniter\HTTP\IncomingRequest), Object(CodeIgniter\HTTP\Response))
#18 C:\xampp\htdocs\saiyoojyam\system\Filters\Filters.php(278): CodeIgniter\Filters\DebugToolbar->after(Object(CodeIgniter\HTTP\IncomingRequest), Object(CodeIgniter\HTTP\Response), NULL)
#19 C:\xampp\htdocs\saiyoojyam\system\Filters\Filters.php(364): CodeIgniter\Filters\Filters->runAfter(Array)
#20 C:\xampp\htdocs\saiyoojyam\system\CodeIgniter.php(407): CodeIgniter\Filters\Filters->runRequired('after')
#21 C:\xampp\htdocs\saiyoojyam\system\CodeIgniter.php(368): CodeIgniter\CodeIgniter->runRequiredAfterFilters(Object(CodeIgniter\Filters\Filters))
#22 C:\xampp\htdocs\saiyoojyam\system\Boot.php(334): CodeIgniter\CodeIgniter->run()
#23 C:\xampp\htdocs\saiyoojyam\system\Boot.php(67): CodeIgniter\Boot::runCodeIgniter(Object(CodeIgniter\CodeIgniter))
#24 C:\xampp\htdocs\saiyoojyam\public\index.php(59): CodeIgniter\Boot::bootWeb(Object(Config\Paths))
#25 {main}
CRITICAL - 2025-05-20 04:20:02 --> CodeIgniter\Database\Exceptions\DatabaseException: Table 'saiyoojyam.saiyoojyam_settings' doesn't exist
[Method: GET, Route: Admin/RoomType]
in SYSTEMPATH\Database\BaseConnection.php on line 692.
 1 SYSTEMPATH\Database\BaseBuilder.php(1649): CodeIgniter\Database\BaseConnection->query('SELECT *
FROM `saiyoojyam_settings`
WHERE `context` IS NULL', [], false)
 2 VENDORPATH\codeigniter4\settings\src\Handlers\DatabaseHandler.php(186): CodeIgniter\Database\BaseBuilder->get()
 3 VENDORPATH\codeigniter4\settings\src\Handlers\DatabaseHandler.php(51): CodeIgniter\Settings\Handlers\DatabaseHandler->hydrate(null)
 4 VENDORPATH\codeigniter4\settings\src\Settings.php(59): CodeIgniter\Settings\Handlers\DatabaseHandler->has('Config\\Auth', 'sessionConfig', null)
 5 VENDORPATH\codeigniter4\settings\src\Helpers\setting_helper.php(25): CodeIgniter\Settings\Settings->get('Auth.sessionConfig')
 6 VENDORPATH\codeigniter4\shield\src\Authentication\Authenticators\Session.php(685): setting('Auth.sessionConfig')
 7 VENDORPATH\codeigniter4\shield\src\Authentication\Authenticators\Session.php(703): CodeIgniter\Shield\Authentication\Authenticators\Session->getSessionUserInfo()
 8 VENDORPATH\codeigniter4\shield\src\Authentication\Authenticators\Session.php(390): CodeIgniter\Shield\Authentication\Authenticators\Session->getSessionUserKey('id')
 9 VENDORPATH\codeigniter4\shield\src\Authentication\Authenticators\Session.php(374): CodeIgniter\Shield\Authentication\Authenticators\Session->checkUserState()
10 VENDORPATH\codeigniter4\shield\src\Auth.php(191): CodeIgniter\Shield\Authentication\Authenticators\Session->loggedIn()
11 VENDORPATH\codeigniter4\shield\src\Collectors\Auth.php(76): CodeIgniter\Shield\Auth->__call('loggedIn', [])
12 SYSTEMPATH\Debug\Toolbar\Collectors\BaseCollector.php(228): CodeIgniter\Shield\Collectors\Auth->display()
13 SYSTEMPATH\Debug\Toolbar.php(95): CodeIgniter\Debug\Toolbar\Collectors\BaseCollector->getAsArray()
14 SYSTEMPATH\Debug\Toolbar.php(390): CodeIgniter\Debug\Toolbar->run(1747714802.888702, 0.0448, Object(CodeIgniter\HTTP\IncomingRequest), Object(CodeIgniter\HTTP\Response))
15 SYSTEMPATH\Filters\DebugToolbar.php(44): CodeIgniter\Debug\Toolbar->prepare(Object(CodeIgniter\HTTP\IncomingRequest), Object(CodeIgniter\HTTP\Response))
16 SYSTEMPATH\Filters\Filters.php(278): CodeIgniter\Filters\DebugToolbar->after(Object(CodeIgniter\HTTP\IncomingRequest), Object(CodeIgniter\HTTP\Response), null)
17 SYSTEMPATH\Filters\Filters.php(364): CodeIgniter\Filters\Filters->runAfter([...])
18 SYSTEMPATH\CodeIgniter.php(407): CodeIgniter\Filters\Filters->runRequired('after')
19 SYSTEMPATH\CodeIgniter.php(368): CodeIgniter\CodeIgniter->runRequiredAfterFilters(Object(CodeIgniter\Filters\Filters))
20 SYSTEMPATH\Boot.php(334): CodeIgniter\CodeIgniter->run()
21 SYSTEMPATH\Boot.php(67): CodeIgniter\Boot::runCodeIgniter(Object(CodeIgniter\CodeIgniter))
22 FCPATH\index.php(59): CodeIgniter\Boot::bootWeb(Object(Config\Paths))
CRITICAL - 2025-05-20 04:20:02 --> [Caused by] CodeIgniter\Database\Exceptions\DatabaseException: Table 'saiyoojyam.saiyoojyam_settings' doesn't exist
in SYSTEMPATH\Database\MySQLi\Connection.php on line 332.
 1 SYSTEMPATH\Database\BaseConnection.php(738): CodeIgniter\Database\MySQLi\Connection->execute('SELECT *
FROM `saiyoojyam_settings`
WHERE `context` IS NULL')
 2 SYSTEMPATH\Database\BaseConnection.php(652): CodeIgniter\Database\BaseConnection->simpleQuery('SELECT *
FROM `saiyoojyam_settings`
WHERE `context` IS NULL')
 3 SYSTEMPATH\Database\BaseBuilder.php(1649): CodeIgniter\Database\BaseConnection->query('SELECT *
FROM `saiyoojyam_settings`
WHERE `context` IS NULL', [], false)
 4 VENDORPATH\codeigniter4\settings\src\Handlers\DatabaseHandler.php(186): CodeIgniter\Database\BaseBuilder->get()
 5 VENDORPATH\codeigniter4\settings\src\Handlers\DatabaseHandler.php(51): CodeIgniter\Settings\Handlers\DatabaseHandler->hydrate(null)
 6 VENDORPATH\codeigniter4\settings\src\Settings.php(59): CodeIgniter\Settings\Handlers\DatabaseHandler->has('Config\\Auth', 'sessionConfig', null)
 7 VENDORPATH\codeigniter4\settings\src\Helpers\setting_helper.php(25): CodeIgniter\Settings\Settings->get('Auth.sessionConfig')
 8 VENDORPATH\codeigniter4\shield\src\Authentication\Authenticators\Session.php(685): setting('Auth.sessionConfig')
 9 VENDORPATH\codeigniter4\shield\src\Authentication\Authenticators\Session.php(703): CodeIgniter\Shield\Authentication\Authenticators\Session->getSessionUserInfo()
10 VENDORPATH\codeigniter4\shield\src\Authentication\Authenticators\Session.php(390): CodeIgniter\Shield\Authentication\Authenticators\Session->getSessionUserKey('id')
11 VENDORPATH\codeigniter4\shield\src\Authentication\Authenticators\Session.php(374): CodeIgniter\Shield\Authentication\Authenticators\Session->checkUserState()
12 VENDORPATH\codeigniter4\shield\src\Auth.php(191): CodeIgniter\Shield\Authentication\Authenticators\Session->loggedIn()
13 VENDORPATH\codeigniter4\shield\src\Collectors\Auth.php(76): CodeIgniter\Shield\Auth->__call('loggedIn', [])
14 SYSTEMPATH\Debug\Toolbar\Collectors\BaseCollector.php(228): CodeIgniter\Shield\Collectors\Auth->display()
15 SYSTEMPATH\Debug\Toolbar.php(95): CodeIgniter\Debug\Toolbar\Collectors\BaseCollector->getAsArray()
16 SYSTEMPATH\Debug\Toolbar.php(390): CodeIgniter\Debug\Toolbar->run(1747714802.888702, 0.0448, Object(CodeIgniter\HTTP\IncomingRequest), Object(CodeIgniter\HTTP\Response))
17 SYSTEMPATH\Filters\DebugToolbar.php(44): CodeIgniter\Debug\Toolbar->prepare(Object(CodeIgniter\HTTP\IncomingRequest), Object(CodeIgniter\HTTP\Response))
18 SYSTEMPATH\Filters\Filters.php(278): CodeIgniter\Filters\DebugToolbar->after(Object(CodeIgniter\HTTP\IncomingRequest), Object(CodeIgniter\HTTP\Response), null)
19 SYSTEMPATH\Filters\Filters.php(364): CodeIgniter\Filters\Filters->runAfter([...])
20 SYSTEMPATH\CodeIgniter.php(407): CodeIgniter\Filters\Filters->runRequired('after')
21 SYSTEMPATH\CodeIgniter.php(368): CodeIgniter\CodeIgniter->runRequiredAfterFilters(Object(CodeIgniter\Filters\Filters))
22 SYSTEMPATH\Boot.php(334): CodeIgniter\CodeIgniter->run()
23 SYSTEMPATH\Boot.php(67): CodeIgniter\Boot::runCodeIgniter(Object(CodeIgniter\CodeIgniter))
24 FCPATH\index.php(59): CodeIgniter\Boot::bootWeb(Object(Config\Paths))
CRITICAL - 2025-05-20 04:20:02 --> [Caused by] mysqli_sql_exception: Table 'saiyoojyam.saiyoojyam_settings' doesn't exist
in SYSTEMPATH\Database\MySQLi\Connection.php on line 327.
 1 SYSTEMPATH\Database\MySQLi\Connection.php(327): mysqli->query('SELECT *
FROM `saiyoojyam_settings`
WHERE `context` IS NULL', 0)
 2 SYSTEMPATH\Database\BaseConnection.php(738): CodeIgniter\Database\MySQLi\Connection->execute('SELECT *
FROM `saiyoojyam_settings`
WHERE `context` IS NULL')
 3 SYSTEMPATH\Database\BaseConnection.php(652): CodeIgniter\Database\BaseConnection->simpleQuery('SELECT *
FROM `saiyoojyam_settings`
WHERE `context` IS NULL')
 4 SYSTEMPATH\Database\BaseBuilder.php(1649): CodeIgniter\Database\BaseConnection->query('SELECT *
FROM `saiyoojyam_settings`
WHERE `context` IS NULL', [], false)
 5 VENDORPATH\codeigniter4\settings\src\Handlers\DatabaseHandler.php(186): CodeIgniter\Database\BaseBuilder->get()
 6 VENDORPATH\codeigniter4\settings\src\Handlers\DatabaseHandler.php(51): CodeIgniter\Settings\Handlers\DatabaseHandler->hydrate(null)
 7 VENDORPATH\codeigniter4\settings\src\Settings.php(59): CodeIgniter\Settings\Handlers\DatabaseHandler->has('Config\\Auth', 'sessionConfig', null)
 8 VENDORPATH\codeigniter4\settings\src\Helpers\setting_helper.php(25): CodeIgniter\Settings\Settings->get('Auth.sessionConfig')
 9 VENDORPATH\codeigniter4\shield\src\Authentication\Authenticators\Session.php(685): setting('Auth.sessionConfig')
10 VENDORPATH\codeigniter4\shield\src\Authentication\Authenticators\Session.php(703): CodeIgniter\Shield\Authentication\Authenticators\Session->getSessionUserInfo()
11 VENDORPATH\codeigniter4\shield\src\Authentication\Authenticators\Session.php(390): CodeIgniter\Shield\Authentication\Authenticators\Session->getSessionUserKey('id')
12 VENDORPATH\codeigniter4\shield\src\Authentication\Authenticators\Session.php(374): CodeIgniter\Shield\Authentication\Authenticators\Session->checkUserState()
13 VENDORPATH\codeigniter4\shield\src\Auth.php(191): CodeIgniter\Shield\Authentication\Authenticators\Session->loggedIn()
14 VENDORPATH\codeigniter4\shield\src\Collectors\Auth.php(76): CodeIgniter\Shield\Auth->__call('loggedIn', [])
15 SYSTEMPATH\Debug\Toolbar\Collectors\BaseCollector.php(228): CodeIgniter\Shield\Collectors\Auth->display()
16 SYSTEMPATH\Debug\Toolbar.php(95): CodeIgniter\Debug\Toolbar\Collectors\BaseCollector->getAsArray()
17 SYSTEMPATH\Debug\Toolbar.php(390): CodeIgniter\Debug\Toolbar->run(1747714802.888702, 0.0448, Object(CodeIgniter\HTTP\IncomingRequest), Object(CodeIgniter\HTTP\Response))
18 SYSTEMPATH\Filters\DebugToolbar.php(44): CodeIgniter\Debug\Toolbar->prepare(Object(CodeIgniter\HTTP\IncomingRequest), Object(CodeIgniter\HTTP\Response))
19 SYSTEMPATH\Filters\Filters.php(278): CodeIgniter\Filters\DebugToolbar->after(Object(CodeIgniter\HTTP\IncomingRequest), Object(CodeIgniter\HTTP\Response), null)
20 SYSTEMPATH\Filters\Filters.php(364): CodeIgniter\Filters\Filters->runAfter([...])
21 SYSTEMPATH\CodeIgniter.php(407): CodeIgniter\Filters\Filters->runRequired('after')
22 SYSTEMPATH\CodeIgniter.php(368): CodeIgniter\CodeIgniter->runRequiredAfterFilters(Object(CodeIgniter\Filters\Filters))
23 SYSTEMPATH\Boot.php(334): CodeIgniter\CodeIgniter->run()
24 SYSTEMPATH\Boot.php(67): CodeIgniter\Boot::runCodeIgniter(Object(CodeIgniter\CodeIgniter))
25 FCPATH\index.php(59): CodeIgniter\Boot::bootWeb(Object(Config\Paths))
ERROR - 2025-05-20 04:24:31 --> mysqli_sql_exception: Table 'saiyoojyam.saiyoojyam_settings' doesn't exist in C:\xampp\htdocs\saiyoojyam\system\Database\MySQLi\Connection.php:327
Stack trace:
#0 C:\xampp\htdocs\saiyoojyam\system\Database\MySQLi\Connection.php(327): mysqli->query('SELECT *\nFROM `...', 0)
#1 C:\xampp\htdocs\saiyoojyam\system\Database\BaseConnection.php(738): CodeIgniter\Database\MySQLi\Connection->execute('SELECT *\nFROM `...')
#2 C:\xampp\htdocs\saiyoojyam\system\Database\BaseConnection.php(652): CodeIgniter\Database\BaseConnection->simpleQuery('SELECT *\nFROM `...')
#3 C:\xampp\htdocs\saiyoojyam\system\Database\BaseBuilder.php(1649): CodeIgniter\Database\BaseConnection->query('SELECT *\nFROM `...', Array, false)
#4 C:\xampp\htdocs\saiyoojyam\vendor\codeigniter4\settings\src\Handlers\DatabaseHandler.php(186): CodeIgniter\Database\BaseBuilder->get()
#5 C:\xampp\htdocs\saiyoojyam\vendor\codeigniter4\settings\src\Handlers\DatabaseHandler.php(51): CodeIgniter\Settings\Handlers\DatabaseHandler->hydrate(NULL)
#6 C:\xampp\htdocs\saiyoojyam\vendor\codeigniter4\settings\src\Settings.php(59): CodeIgniter\Settings\Handlers\DatabaseHandler->has('Config\\Auth', 'sessionConfig', NULL)
#7 C:\xampp\htdocs\saiyoojyam\vendor\codeigniter4\settings\src\Helpers\setting_helper.php(25): CodeIgniter\Settings\Settings->get('Auth.sessionCon...')
#8 C:\xampp\htdocs\saiyoojyam\vendor\codeigniter4\shield\src\Authentication\Authenticators\Session.php(685): setting('Auth.sessionCon...')
#9 C:\xampp\htdocs\saiyoojyam\vendor\codeigniter4\shield\src\Authentication\Authenticators\Session.php(703): CodeIgniter\Shield\Authentication\Authenticators\Session->getSessionUserInfo()
#10 C:\xampp\htdocs\saiyoojyam\vendor\codeigniter4\shield\src\Authentication\Authenticators\Session.php(390): CodeIgniter\Shield\Authentication\Authenticators\Session->getSessionUserKey('id')
#11 C:\xampp\htdocs\saiyoojyam\vendor\codeigniter4\shield\src\Authentication\Authenticators\Session.php(374): CodeIgniter\Shield\Authentication\Authenticators\Session->checkUserState()
#12 C:\xampp\htdocs\saiyoojyam\vendor\codeigniter4\shield\src\Auth.php(191): CodeIgniter\Shield\Authentication\Authenticators\Session->loggedIn()
#13 C:\xampp\htdocs\saiyoojyam\vendor\codeigniter4\shield\src\Collectors\Auth.php(76): CodeIgniter\Shield\Auth->__call('loggedIn', Array)
#14 C:\xampp\htdocs\saiyoojyam\system\Debug\Toolbar\Collectors\BaseCollector.php(228): CodeIgniter\Shield\Collectors\Auth->display()
#15 C:\xampp\htdocs\saiyoojyam\system\Debug\Toolbar.php(95): CodeIgniter\Debug\Toolbar\Collectors\BaseCollector->getAsArray()
#16 C:\xampp\htdocs\saiyoojyam\system\Debug\Toolbar.php(390): CodeIgniter\Debug\Toolbar->run(1747715071.301, 0.0427, Object(CodeIgniter\HTTP\IncomingRequest), Object(CodeIgniter\HTTP\Response))
#17 C:\xampp\htdocs\saiyoojyam\system\Filters\DebugToolbar.php(44): CodeIgniter\Debug\Toolbar->prepare(Object(CodeIgniter\HTTP\IncomingRequest), Object(CodeIgniter\HTTP\Response))
#18 C:\xampp\htdocs\saiyoojyam\system\Filters\Filters.php(278): CodeIgniter\Filters\DebugToolbar->after(Object(CodeIgniter\HTTP\IncomingRequest), Object(CodeIgniter\HTTP\Response), NULL)
#19 C:\xampp\htdocs\saiyoojyam\system\Filters\Filters.php(364): CodeIgniter\Filters\Filters->runAfter(Array)
#20 C:\xampp\htdocs\saiyoojyam\system\CodeIgniter.php(407): CodeIgniter\Filters\Filters->runRequired('after')
#21 C:\xampp\htdocs\saiyoojyam\system\CodeIgniter.php(368): CodeIgniter\CodeIgniter->runRequiredAfterFilters(Object(CodeIgniter\Filters\Filters))
#22 C:\xampp\htdocs\saiyoojyam\system\Boot.php(334): CodeIgniter\CodeIgniter->run()
#23 C:\xampp\htdocs\saiyoojyam\system\Boot.php(67): CodeIgniter\Boot::runCodeIgniter(Object(CodeIgniter\CodeIgniter))
#24 C:\xampp\htdocs\saiyoojyam\public\index.php(59): CodeIgniter\Boot::bootWeb(Object(Config\Paths))
#25 {main}
CRITICAL - 2025-05-20 04:24:31 --> CodeIgniter\Database\Exceptions\DatabaseException: Table 'saiyoojyam.saiyoojyam_settings' doesn't exist
[Method: GET, Route: Admin/RoomType]
in SYSTEMPATH\Database\BaseConnection.php on line 692.
 1 SYSTEMPATH\Database\BaseBuilder.php(1649): CodeIgniter\Database\BaseConnection->query('SELECT *
FROM `saiyoojyam_settings`
WHERE `context` IS NULL', [], false)
 2 VENDORPATH\codeigniter4\settings\src\Handlers\DatabaseHandler.php(186): CodeIgniter\Database\BaseBuilder->get()
 3 VENDORPATH\codeigniter4\settings\src\Handlers\DatabaseHandler.php(51): CodeIgniter\Settings\Handlers\DatabaseHandler->hydrate(null)
 4 VENDORPATH\codeigniter4\settings\src\Settings.php(59): CodeIgniter\Settings\Handlers\DatabaseHandler->has('Config\\Auth', 'sessionConfig', null)
 5 VENDORPATH\codeigniter4\settings\src\Helpers\setting_helper.php(25): CodeIgniter\Settings\Settings->get('Auth.sessionConfig')
 6 VENDORPATH\codeigniter4\shield\src\Authentication\Authenticators\Session.php(685): setting('Auth.sessionConfig')
 7 VENDORPATH\codeigniter4\shield\src\Authentication\Authenticators\Session.php(703): CodeIgniter\Shield\Authentication\Authenticators\Session->getSessionUserInfo()
 8 VENDORPATH\codeigniter4\shield\src\Authentication\Authenticators\Session.php(390): CodeIgniter\Shield\Authentication\Authenticators\Session->getSessionUserKey('id')
 9 VENDORPATH\codeigniter4\shield\src\Authentication\Authenticators\Session.php(374): CodeIgniter\Shield\Authentication\Authenticators\Session->checkUserState()
10 VENDORPATH\codeigniter4\shield\src\Auth.php(191): CodeIgniter\Shield\Authentication\Authenticators\Session->loggedIn()
11 VENDORPATH\codeigniter4\shield\src\Collectors\Auth.php(76): CodeIgniter\Shield\Auth->__call('loggedIn', [])
12 SYSTEMPATH\Debug\Toolbar\Collectors\BaseCollector.php(228): CodeIgniter\Shield\Collectors\Auth->display()
13 SYSTEMPATH\Debug\Toolbar.php(95): CodeIgniter\Debug\Toolbar\Collectors\BaseCollector->getAsArray()
14 SYSTEMPATH\Debug\Toolbar.php(390): CodeIgniter\Debug\Toolbar->run(1747715071.301034, 0.0427, Object(CodeIgniter\HTTP\IncomingRequest), Object(CodeIgniter\HTTP\Response))
15 SYSTEMPATH\Filters\DebugToolbar.php(44): CodeIgniter\Debug\Toolbar->prepare(Object(CodeIgniter\HTTP\IncomingRequest), Object(CodeIgniter\HTTP\Response))
16 SYSTEMPATH\Filters\Filters.php(278): CodeIgniter\Filters\DebugToolbar->after(Object(CodeIgniter\HTTP\IncomingRequest), Object(CodeIgniter\HTTP\Response), null)
17 SYSTEMPATH\Filters\Filters.php(364): CodeIgniter\Filters\Filters->runAfter([...])
18 SYSTEMPATH\CodeIgniter.php(407): CodeIgniter\Filters\Filters->runRequired('after')
19 SYSTEMPATH\CodeIgniter.php(368): CodeIgniter\CodeIgniter->runRequiredAfterFilters(Object(CodeIgniter\Filters\Filters))
20 SYSTEMPATH\Boot.php(334): CodeIgniter\CodeIgniter->run()
21 SYSTEMPATH\Boot.php(67): CodeIgniter\Boot::runCodeIgniter(Object(CodeIgniter\CodeIgniter))
22 FCPATH\index.php(59): CodeIgniter\Boot::bootWeb(Object(Config\Paths))
CRITICAL - 2025-05-20 04:24:31 --> [Caused by] CodeIgniter\Database\Exceptions\DatabaseException: Table 'saiyoojyam.saiyoojyam_settings' doesn't exist
in SYSTEMPATH\Database\MySQLi\Connection.php on line 332.
 1 SYSTEMPATH\Database\BaseConnection.php(738): CodeIgniter\Database\MySQLi\Connection->execute('SELECT *
FROM `saiyoojyam_settings`
WHERE `context` IS NULL')
 2 SYSTEMPATH\Database\BaseConnection.php(652): CodeIgniter\Database\BaseConnection->simpleQuery('SELECT *
FROM `saiyoojyam_settings`
WHERE `context` IS NULL')
 3 SYSTEMPATH\Database\BaseBuilder.php(1649): CodeIgniter\Database\BaseConnection->query('SELECT *
FROM `saiyoojyam_settings`
WHERE `context` IS NULL', [], false)
 4 VENDORPATH\codeigniter4\settings\src\Handlers\DatabaseHandler.php(186): CodeIgniter\Database\BaseBuilder->get()
 5 VENDORPATH\codeigniter4\settings\src\Handlers\DatabaseHandler.php(51): CodeIgniter\Settings\Handlers\DatabaseHandler->hydrate(null)
 6 VENDORPATH\codeigniter4\settings\src\Settings.php(59): CodeIgniter\Settings\Handlers\DatabaseHandler->has('Config\\Auth', 'sessionConfig', null)
 7 VENDORPATH\codeigniter4\settings\src\Helpers\setting_helper.php(25): CodeIgniter\Settings\Settings->get('Auth.sessionConfig')
 8 VENDORPATH\codeigniter4\shield\src\Authentication\Authenticators\Session.php(685): setting('Auth.sessionConfig')
 9 VENDORPATH\codeigniter4\shield\src\Authentication\Authenticators\Session.php(703): CodeIgniter\Shield\Authentication\Authenticators\Session->getSessionUserInfo()
10 VENDORPATH\codeigniter4\shield\src\Authentication\Authenticators\Session.php(390): CodeIgniter\Shield\Authentication\Authenticators\Session->getSessionUserKey('id')
11 VENDORPATH\codeigniter4\shield\src\Authentication\Authenticators\Session.php(374): CodeIgniter\Shield\Authentication\Authenticators\Session->checkUserState()
12 VENDORPATH\codeigniter4\shield\src\Auth.php(191): CodeIgniter\Shield\Authentication\Authenticators\Session->loggedIn()
13 VENDORPATH\codeigniter4\shield\src\Collectors\Auth.php(76): CodeIgniter\Shield\Auth->__call('loggedIn', [])
14 SYSTEMPATH\Debug\Toolbar\Collectors\BaseCollector.php(228): CodeIgniter\Shield\Collectors\Auth->display()
15 SYSTEMPATH\Debug\Toolbar.php(95): CodeIgniter\Debug\Toolbar\Collectors\BaseCollector->getAsArray()
16 SYSTEMPATH\Debug\Toolbar.php(390): CodeIgniter\Debug\Toolbar->run(1747715071.301034, 0.0427, Object(CodeIgniter\HTTP\IncomingRequest), Object(CodeIgniter\HTTP\Response))
17 SYSTEMPATH\Filters\DebugToolbar.php(44): CodeIgniter\Debug\Toolbar->prepare(Object(CodeIgniter\HTTP\IncomingRequest), Object(CodeIgniter\HTTP\Response))
18 SYSTEMPATH\Filters\Filters.php(278): CodeIgniter\Filters\DebugToolbar->after(Object(CodeIgniter\HTTP\IncomingRequest), Object(CodeIgniter\HTTP\Response), null)
19 SYSTEMPATH\Filters\Filters.php(364): CodeIgniter\Filters\Filters->runAfter([...])
20 SYSTEMPATH\CodeIgniter.php(407): CodeIgniter\Filters\Filters->runRequired('after')
21 SYSTEMPATH\CodeIgniter.php(368): CodeIgniter\CodeIgniter->runRequiredAfterFilters(Object(CodeIgniter\Filters\Filters))
22 SYSTEMPATH\Boot.php(334): CodeIgniter\CodeIgniter->run()
23 SYSTEMPATH\Boot.php(67): CodeIgniter\Boot::runCodeIgniter(Object(CodeIgniter\CodeIgniter))
24 FCPATH\index.php(59): CodeIgniter\Boot::bootWeb(Object(Config\Paths))
CRITICAL - 2025-05-20 04:24:31 --> [Caused by] mysqli_sql_exception: Table 'saiyoojyam.saiyoojyam_settings' doesn't exist
in SYSTEMPATH\Database\MySQLi\Connection.php on line 327.
 1 SYSTEMPATH\Database\MySQLi\Connection.php(327): mysqli->query('SELECT *
FROM `saiyoojyam_settings`
WHERE `context` IS NULL', 0)
 2 SYSTEMPATH\Database\BaseConnection.php(738): CodeIgniter\Database\MySQLi\Connection->execute('SELECT *
FROM `saiyoojyam_settings`
WHERE `context` IS NULL')
 3 SYSTEMPATH\Database\BaseConnection.php(652): CodeIgniter\Database\BaseConnection->simpleQuery('SELECT *
FROM `saiyoojyam_settings`
WHERE `context` IS NULL')
 4 SYSTEMPATH\Database\BaseBuilder.php(1649): CodeIgniter\Database\BaseConnection->query('SELECT *
FROM `saiyoojyam_settings`
WHERE `context` IS NULL', [], false)
 5 VENDORPATH\codeigniter4\settings\src\Handlers\DatabaseHandler.php(186): CodeIgniter\Database\BaseBuilder->get()
 6 VENDORPATH\codeigniter4\settings\src\Handlers\DatabaseHandler.php(51): CodeIgniter\Settings\Handlers\DatabaseHandler->hydrate(null)
 7 VENDORPATH\codeigniter4\settings\src\Settings.php(59): CodeIgniter\Settings\Handlers\DatabaseHandler->has('Config\\Auth', 'sessionConfig', null)
 8 VENDORPATH\codeigniter4\settings\src\Helpers\setting_helper.php(25): CodeIgniter\Settings\Settings->get('Auth.sessionConfig')
 9 VENDORPATH\codeigniter4\shield\src\Authentication\Authenticators\Session.php(685): setting('Auth.sessionConfig')
10 VENDORPATH\codeigniter4\shield\src\Authentication\Authenticators\Session.php(703): CodeIgniter\Shield\Authentication\Authenticators\Session->getSessionUserInfo()
11 VENDORPATH\codeigniter4\shield\src\Authentication\Authenticators\Session.php(390): CodeIgniter\Shield\Authentication\Authenticators\Session->getSessionUserKey('id')
12 VENDORPATH\codeigniter4\shield\src\Authentication\Authenticators\Session.php(374): CodeIgniter\Shield\Authentication\Authenticators\Session->checkUserState()
13 VENDORPATH\codeigniter4\shield\src\Auth.php(191): CodeIgniter\Shield\Authentication\Authenticators\Session->loggedIn()
14 VENDORPATH\codeigniter4\shield\src\Collectors\Auth.php(76): CodeIgniter\Shield\Auth->__call('loggedIn', [])
15 SYSTEMPATH\Debug\Toolbar\Collectors\BaseCollector.php(228): CodeIgniter\Shield\Collectors\Auth->display()
16 SYSTEMPATH\Debug\Toolbar.php(95): CodeIgniter\Debug\Toolbar\Collectors\BaseCollector->getAsArray()
17 SYSTEMPATH\Debug\Toolbar.php(390): CodeIgniter\Debug\Toolbar->run(1747715071.301034, 0.0427, Object(CodeIgniter\HTTP\IncomingRequest), Object(CodeIgniter\HTTP\Response))
18 SYSTEMPATH\Filters\DebugToolbar.php(44): CodeIgniter\Debug\Toolbar->prepare(Object(CodeIgniter\HTTP\IncomingRequest), Object(CodeIgniter\HTTP\Response))
19 SYSTEMPATH\Filters\Filters.php(278): CodeIgniter\Filters\DebugToolbar->after(Object(CodeIgniter\HTTP\IncomingRequest), Object(CodeIgniter\HTTP\Response), null)
20 SYSTEMPATH\Filters\Filters.php(364): CodeIgniter\Filters\Filters->runAfter([...])
21 SYSTEMPATH\CodeIgniter.php(407): CodeIgniter\Filters\Filters->runRequired('after')
22 SYSTEMPATH\CodeIgniter.php(368): CodeIgniter\CodeIgniter->runRequiredAfterFilters(Object(CodeIgniter\Filters\Filters))
23 SYSTEMPATH\Boot.php(334): CodeIgniter\CodeIgniter->run()
24 SYSTEMPATH\Boot.php(67): CodeIgniter\Boot::runCodeIgniter(Object(CodeIgniter\CodeIgniter))
25 FCPATH\index.php(59): CodeIgniter\Boot::bootWeb(Object(Config\Paths))
ERROR - 2025-05-20 04:24:32 --> mysqli_sql_exception: Table 'saiyoojyam.saiyoojyam_settings' doesn't exist in C:\xampp\htdocs\saiyoojyam\system\Database\MySQLi\Connection.php:327
Stack trace:
#0 C:\xampp\htdocs\saiyoojyam\system\Database\MySQLi\Connection.php(327): mysqli->query('SELECT *\nFROM `...', 0)
#1 C:\xampp\htdocs\saiyoojyam\system\Database\BaseConnection.php(738): CodeIgniter\Database\MySQLi\Connection->execute('SELECT *\nFROM `...')
#2 C:\xampp\htdocs\saiyoojyam\system\Database\BaseConnection.php(652): CodeIgniter\Database\BaseConnection->simpleQuery('SELECT *\nFROM `...')
#3 C:\xampp\htdocs\saiyoojyam\system\Database\BaseBuilder.php(1649): CodeIgniter\Database\BaseConnection->query('SELECT *\nFROM `...', Array, false)
#4 C:\xampp\htdocs\saiyoojyam\vendor\codeigniter4\settings\src\Handlers\DatabaseHandler.php(186): CodeIgniter\Database\BaseBuilder->get()
#5 C:\xampp\htdocs\saiyoojyam\vendor\codeigniter4\settings\src\Handlers\DatabaseHandler.php(51): CodeIgniter\Settings\Handlers\DatabaseHandler->hydrate(NULL)
#6 C:\xampp\htdocs\saiyoojyam\vendor\codeigniter4\settings\src\Settings.php(59): CodeIgniter\Settings\Handlers\DatabaseHandler->has('Config\\Auth', 'sessionConfig', NULL)
#7 C:\xampp\htdocs\saiyoojyam\vendor\codeigniter4\settings\src\Helpers\setting_helper.php(25): CodeIgniter\Settings\Settings->get('Auth.sessionCon...')
#8 C:\xampp\htdocs\saiyoojyam\vendor\codeigniter4\shield\src\Authentication\Authenticators\Session.php(685): setting('Auth.sessionCon...')
#9 C:\xampp\htdocs\saiyoojyam\vendor\codeigniter4\shield\src\Authentication\Authenticators\Session.php(703): CodeIgniter\Shield\Authentication\Authenticators\Session->getSessionUserInfo()
#10 C:\xampp\htdocs\saiyoojyam\vendor\codeigniter4\shield\src\Authentication\Authenticators\Session.php(390): CodeIgniter\Shield\Authentication\Authenticators\Session->getSessionUserKey('id')
#11 C:\xampp\htdocs\saiyoojyam\vendor\codeigniter4\shield\src\Authentication\Authenticators\Session.php(374): CodeIgniter\Shield\Authentication\Authenticators\Session->checkUserState()
#12 C:\xampp\htdocs\saiyoojyam\vendor\codeigniter4\shield\src\Auth.php(191): CodeIgniter\Shield\Authentication\Authenticators\Session->loggedIn()
#13 C:\xampp\htdocs\saiyoojyam\vendor\codeigniter4\shield\src\Collectors\Auth.php(76): CodeIgniter\Shield\Auth->__call('loggedIn', Array)
#14 C:\xampp\htdocs\saiyoojyam\system\Debug\Toolbar\Collectors\BaseCollector.php(228): CodeIgniter\Shield\Collectors\Auth->display()
#15 C:\xampp\htdocs\saiyoojyam\system\Debug\Toolbar.php(95): CodeIgniter\Debug\Toolbar\Collectors\BaseCollector->getAsArray()
#16 C:\xampp\htdocs\saiyoojyam\system\Debug\Toolbar.php(390): CodeIgniter\Debug\Toolbar->run(1747715072.107, 0.043, Object(CodeIgniter\HTTP\IncomingRequest), Object(CodeIgniter\HTTP\Response))
#17 C:\xampp\htdocs\saiyoojyam\system\Filters\DebugToolbar.php(44): CodeIgniter\Debug\Toolbar->prepare(Object(CodeIgniter\HTTP\IncomingRequest), Object(CodeIgniter\HTTP\Response))
#18 C:\xampp\htdocs\saiyoojyam\system\Filters\Filters.php(278): CodeIgniter\Filters\DebugToolbar->after(Object(CodeIgniter\HTTP\IncomingRequest), Object(CodeIgniter\HTTP\Response), NULL)
#19 C:\xampp\htdocs\saiyoojyam\system\Filters\Filters.php(364): CodeIgniter\Filters\Filters->runAfter(Array)
#20 C:\xampp\htdocs\saiyoojyam\system\CodeIgniter.php(407): CodeIgniter\Filters\Filters->runRequired('after')
#21 C:\xampp\htdocs\saiyoojyam\system\CodeIgniter.php(368): CodeIgniter\CodeIgniter->runRequiredAfterFilters(Object(CodeIgniter\Filters\Filters))
#22 C:\xampp\htdocs\saiyoojyam\system\Boot.php(334): CodeIgniter\CodeIgniter->run()
#23 C:\xampp\htdocs\saiyoojyam\system\Boot.php(67): CodeIgniter\Boot::runCodeIgniter(Object(CodeIgniter\CodeIgniter))
#24 C:\xampp\htdocs\saiyoojyam\public\index.php(59): CodeIgniter\Boot::bootWeb(Object(Config\Paths))
#25 {main}
CRITICAL - 2025-05-20 04:24:32 --> CodeIgniter\Database\Exceptions\DatabaseException: Table 'saiyoojyam.saiyoojyam_settings' doesn't exist
[Method: GET, Route: Admin/RoomType]
in SYSTEMPATH\Database\BaseConnection.php on line 692.
 1 SYSTEMPATH\Database\BaseBuilder.php(1649): CodeIgniter\Database\BaseConnection->query('SELECT *
FROM `saiyoojyam_settings`
WHERE `context` IS NULL', [], false)
 2 VENDORPATH\codeigniter4\settings\src\Handlers\DatabaseHandler.php(186): CodeIgniter\Database\BaseBuilder->get()
 3 VENDORPATH\codeigniter4\settings\src\Handlers\DatabaseHandler.php(51): CodeIgniter\Settings\Handlers\DatabaseHandler->hydrate(null)
 4 VENDORPATH\codeigniter4\settings\src\Settings.php(59): CodeIgniter\Settings\Handlers\DatabaseHandler->has('Config\\Auth', 'sessionConfig', null)
 5 VENDORPATH\codeigniter4\settings\src\Helpers\setting_helper.php(25): CodeIgniter\Settings\Settings->get('Auth.sessionConfig')
 6 VENDORPATH\codeigniter4\shield\src\Authentication\Authenticators\Session.php(685): setting('Auth.sessionConfig')
 7 VENDORPATH\codeigniter4\shield\src\Authentication\Authenticators\Session.php(703): CodeIgniter\Shield\Authentication\Authenticators\Session->getSessionUserInfo()
 8 VENDORPATH\codeigniter4\shield\src\Authentication\Authenticators\Session.php(390): CodeIgniter\Shield\Authentication\Authenticators\Session->getSessionUserKey('id')
 9 VENDORPATH\codeigniter4\shield\src\Authentication\Authenticators\Session.php(374): CodeIgniter\Shield\Authentication\Authenticators\Session->checkUserState()
10 VENDORPATH\codeigniter4\shield\src\Auth.php(191): CodeIgniter\Shield\Authentication\Authenticators\Session->loggedIn()
11 VENDORPATH\codeigniter4\shield\src\Collectors\Auth.php(76): CodeIgniter\Shield\Auth->__call('loggedIn', [])
12 SYSTEMPATH\Debug\Toolbar\Collectors\BaseCollector.php(228): CodeIgniter\Shield\Collectors\Auth->display()
13 SYSTEMPATH\Debug\Toolbar.php(95): CodeIgniter\Debug\Toolbar\Collectors\BaseCollector->getAsArray()
14 SYSTEMPATH\Debug\Toolbar.php(390): CodeIgniter\Debug\Toolbar->run(1747715072.107003, 0.043, Object(CodeIgniter\HTTP\IncomingRequest), Object(CodeIgniter\HTTP\Response))
15 SYSTEMPATH\Filters\DebugToolbar.php(44): CodeIgniter\Debug\Toolbar->prepare(Object(CodeIgniter\HTTP\IncomingRequest), Object(CodeIgniter\HTTP\Response))
16 SYSTEMPATH\Filters\Filters.php(278): CodeIgniter\Filters\DebugToolbar->after(Object(CodeIgniter\HTTP\IncomingRequest), Object(CodeIgniter\HTTP\Response), null)
17 SYSTEMPATH\Filters\Filters.php(364): CodeIgniter\Filters\Filters->runAfter([...])
18 SYSTEMPATH\CodeIgniter.php(407): CodeIgniter\Filters\Filters->runRequired('after')
19 SYSTEMPATH\CodeIgniter.php(368): CodeIgniter\CodeIgniter->runRequiredAfterFilters(Object(CodeIgniter\Filters\Filters))
20 SYSTEMPATH\Boot.php(334): CodeIgniter\CodeIgniter->run()
21 SYSTEMPATH\Boot.php(67): CodeIgniter\Boot::runCodeIgniter(Object(CodeIgniter\CodeIgniter))
22 FCPATH\index.php(59): CodeIgniter\Boot::bootWeb(Object(Config\Paths))
CRITICAL - 2025-05-20 04:24:32 --> [Caused by] CodeIgniter\Database\Exceptions\DatabaseException: Table 'saiyoojyam.saiyoojyam_settings' doesn't exist
in SYSTEMPATH\Database\MySQLi\Connection.php on line 332.
 1 SYSTEMPATH\Database\BaseConnection.php(738): CodeIgniter\Database\MySQLi\Connection->execute('SELECT *
FROM `saiyoojyam_settings`
WHERE `context` IS NULL')
 2 SYSTEMPATH\Database\BaseConnection.php(652): CodeIgniter\Database\BaseConnection->simpleQuery('SELECT *
FROM `saiyoojyam_settings`
WHERE `context` IS NULL')
 3 SYSTEMPATH\Database\BaseBuilder.php(1649): CodeIgniter\Database\BaseConnection->query('SELECT *
FROM `saiyoojyam_settings`
WHERE `context` IS NULL', [], false)
 4 VENDORPATH\codeigniter4\settings\src\Handlers\DatabaseHandler.php(186): CodeIgniter\Database\BaseBuilder->get()
 5 VENDORPATH\codeigniter4\settings\src\Handlers\DatabaseHandler.php(51): CodeIgniter\Settings\Handlers\DatabaseHandler->hydrate(null)
 6 VENDORPATH\codeigniter4\settings\src\Settings.php(59): CodeIgniter\Settings\Handlers\DatabaseHandler->has('Config\\Auth', 'sessionConfig', null)
 7 VENDORPATH\codeigniter4\settings\src\Helpers\setting_helper.php(25): CodeIgniter\Settings\Settings->get('Auth.sessionConfig')
 8 VENDORPATH\codeigniter4\shield\src\Authentication\Authenticators\Session.php(685): setting('Auth.sessionConfig')
 9 VENDORPATH\codeigniter4\shield\src\Authentication\Authenticators\Session.php(703): CodeIgniter\Shield\Authentication\Authenticators\Session->getSessionUserInfo()
10 VENDORPATH\codeigniter4\shield\src\Authentication\Authenticators\Session.php(390): CodeIgniter\Shield\Authentication\Authenticators\Session->getSessionUserKey('id')
11 VENDORPATH\codeigniter4\shield\src\Authentication\Authenticators\Session.php(374): CodeIgniter\Shield\Authentication\Authenticators\Session->checkUserState()
12 VENDORPATH\codeigniter4\shield\src\Auth.php(191): CodeIgniter\Shield\Authentication\Authenticators\Session->loggedIn()
13 VENDORPATH\codeigniter4\shield\src\Collectors\Auth.php(76): CodeIgniter\Shield\Auth->__call('loggedIn', [])
14 SYSTEMPATH\Debug\Toolbar\Collectors\BaseCollector.php(228): CodeIgniter\Shield\Collectors\Auth->display()
15 SYSTEMPATH\Debug\Toolbar.php(95): CodeIgniter\Debug\Toolbar\Collectors\BaseCollector->getAsArray()
16 SYSTEMPATH\Debug\Toolbar.php(390): CodeIgniter\Debug\Toolbar->run(1747715072.107003, 0.043, Object(CodeIgniter\HTTP\IncomingRequest), Object(CodeIgniter\HTTP\Response))
17 SYSTEMPATH\Filters\DebugToolbar.php(44): CodeIgniter\Debug\Toolbar->prepare(Object(CodeIgniter\HTTP\IncomingRequest), Object(CodeIgniter\HTTP\Response))
18 SYSTEMPATH\Filters\Filters.php(278): CodeIgniter\Filters\DebugToolbar->after(Object(CodeIgniter\HTTP\IncomingRequest), Object(CodeIgniter\HTTP\Response), null)
19 SYSTEMPATH\Filters\Filters.php(364): CodeIgniter\Filters\Filters->runAfter([...])
20 SYSTEMPATH\CodeIgniter.php(407): CodeIgniter\Filters\Filters->runRequired('after')
21 SYSTEMPATH\CodeIgniter.php(368): CodeIgniter\CodeIgniter->runRequiredAfterFilters(Object(CodeIgniter\Filters\Filters))
22 SYSTEMPATH\Boot.php(334): CodeIgniter\CodeIgniter->run()
23 SYSTEMPATH\Boot.php(67): CodeIgniter\Boot::runCodeIgniter(Object(CodeIgniter\CodeIgniter))
24 FCPATH\index.php(59): CodeIgniter\Boot::bootWeb(Object(Config\Paths))
CRITICAL - 2025-05-20 04:24:32 --> [Caused by] mysqli_sql_exception: Table 'saiyoojyam.saiyoojyam_settings' doesn't exist
in SYSTEMPATH\Database\MySQLi\Connection.php on line 327.
 1 SYSTEMPATH\Database\MySQLi\Connection.php(327): mysqli->query('SELECT *
FROM `saiyoojyam_settings`
WHERE `context` IS NULL', 0)
 2 SYSTEMPATH\Database\BaseConnection.php(738): CodeIgniter\Database\MySQLi\Connection->execute('SELECT *
FROM `saiyoojyam_settings`
WHERE `context` IS NULL')
 3 SYSTEMPATH\Database\BaseConnection.php(652): CodeIgniter\Database\BaseConnection->simpleQuery('SELECT *
FROM `saiyoojyam_settings`
WHERE `context` IS NULL')
 4 SYSTEMPATH\Database\BaseBuilder.php(1649): CodeIgniter\Database\BaseConnection->query('SELECT *
FROM `saiyoojyam_settings`
WHERE `context` IS NULL', [], false)
 5 VENDORPATH\codeigniter4\settings\src\Handlers\DatabaseHandler.php(186): CodeIgniter\Database\BaseBuilder->get()
 6 VENDORPATH\codeigniter4\settings\src\Handlers\DatabaseHandler.php(51): CodeIgniter\Settings\Handlers\DatabaseHandler->hydrate(null)
 7 VENDORPATH\codeigniter4\settings\src\Settings.php(59): CodeIgniter\Settings\Handlers\DatabaseHandler->has('Config\\Auth', 'sessionConfig', null)
 8 VENDORPATH\codeigniter4\settings\src\Helpers\setting_helper.php(25): CodeIgniter\Settings\Settings->get('Auth.sessionConfig')
 9 VENDORPATH\codeigniter4\shield\src\Authentication\Authenticators\Session.php(685): setting('Auth.sessionConfig')
10 VENDORPATH\codeigniter4\shield\src\Authentication\Authenticators\Session.php(703): CodeIgniter\Shield\Authentication\Authenticators\Session->getSessionUserInfo()
11 VENDORPATH\codeigniter4\shield\src\Authentication\Authenticators\Session.php(390): CodeIgniter\Shield\Authentication\Authenticators\Session->getSessionUserKey('id')
12 VENDORPATH\codeigniter4\shield\src\Authentication\Authenticators\Session.php(374): CodeIgniter\Shield\Authentication\Authenticators\Session->checkUserState()
13 VENDORPATH\codeigniter4\shield\src\Auth.php(191): CodeIgniter\Shield\Authentication\Authenticators\Session->loggedIn()
14 VENDORPATH\codeigniter4\shield\src\Collectors\Auth.php(76): CodeIgniter\Shield\Auth->__call('loggedIn', [])
15 SYSTEMPATH\Debug\Toolbar\Collectors\BaseCollector.php(228): CodeIgniter\Shield\Collectors\Auth->display()
16 SYSTEMPATH\Debug\Toolbar.php(95): CodeIgniter\Debug\Toolbar\Collectors\BaseCollector->getAsArray()
17 SYSTEMPATH\Debug\Toolbar.php(390): CodeIgniter\Debug\Toolbar->run(1747715072.107003, 0.043, Object(CodeIgniter\HTTP\IncomingRequest), Object(CodeIgniter\HTTP\Response))
18 SYSTEMPATH\Filters\DebugToolbar.php(44): CodeIgniter\Debug\Toolbar->prepare(Object(CodeIgniter\HTTP\IncomingRequest), Object(CodeIgniter\HTTP\Response))
19 SYSTEMPATH\Filters\Filters.php(278): CodeIgniter\Filters\DebugToolbar->after(Object(CodeIgniter\HTTP\IncomingRequest), Object(CodeIgniter\HTTP\Response), null)
20 SYSTEMPATH\Filters\Filters.php(364): CodeIgniter\Filters\Filters->runAfter([...])
21 SYSTEMPATH\CodeIgniter.php(407): CodeIgniter\Filters\Filters->runRequired('after')
22 SYSTEMPATH\CodeIgniter.php(368): CodeIgniter\CodeIgniter->runRequiredAfterFilters(Object(CodeIgniter\Filters\Filters))
23 SYSTEMPATH\Boot.php(334): CodeIgniter\CodeIgniter->run()
24 SYSTEMPATH\Boot.php(67): CodeIgniter\Boot::runCodeIgniter(Object(CodeIgniter\CodeIgniter))
25 FCPATH\index.php(59): CodeIgniter\Boot::bootWeb(Object(Config\Paths))
ERROR - 2025-05-20 04:24:32 --> mysqli_sql_exception: Table 'saiyoojyam.saiyoojyam_settings' doesn't exist in C:\xampp\htdocs\saiyoojyam\system\Database\MySQLi\Connection.php:327
Stack trace:
#0 C:\xampp\htdocs\saiyoojyam\system\Database\MySQLi\Connection.php(327): mysqli->query('SELECT *\nFROM `...', 0)
#1 C:\xampp\htdocs\saiyoojyam\system\Database\BaseConnection.php(738): CodeIgniter\Database\MySQLi\Connection->execute('SELECT *\nFROM `...')
#2 C:\xampp\htdocs\saiyoojyam\system\Database\BaseConnection.php(652): CodeIgniter\Database\BaseConnection->simpleQuery('SELECT *\nFROM `...')
#3 C:\xampp\htdocs\saiyoojyam\system\Database\BaseBuilder.php(1649): CodeIgniter\Database\BaseConnection->query('SELECT *\nFROM `...', Array, false)
#4 C:\xampp\htdocs\saiyoojyam\vendor\codeigniter4\settings\src\Handlers\DatabaseHandler.php(186): CodeIgniter\Database\BaseBuilder->get()
#5 C:\xampp\htdocs\saiyoojyam\vendor\codeigniter4\settings\src\Handlers\DatabaseHandler.php(51): CodeIgniter\Settings\Handlers\DatabaseHandler->hydrate(NULL)
#6 C:\xampp\htdocs\saiyoojyam\vendor\codeigniter4\settings\src\Settings.php(59): CodeIgniter\Settings\Handlers\DatabaseHandler->has('Config\\Auth', 'sessionConfig', NULL)
#7 C:\xampp\htdocs\saiyoojyam\vendor\codeigniter4\settings\src\Helpers\setting_helper.php(25): CodeIgniter\Settings\Settings->get('Auth.sessionCon...')
#8 C:\xampp\htdocs\saiyoojyam\vendor\codeigniter4\shield\src\Authentication\Authenticators\Session.php(685): setting('Auth.sessionCon...')
#9 C:\xampp\htdocs\saiyoojyam\vendor\codeigniter4\shield\src\Authentication\Authenticators\Session.php(703): CodeIgniter\Shield\Authentication\Authenticators\Session->getSessionUserInfo()
#10 C:\xampp\htdocs\saiyoojyam\vendor\codeigniter4\shield\src\Authentication\Authenticators\Session.php(390): CodeIgniter\Shield\Authentication\Authenticators\Session->getSessionUserKey('id')
#11 C:\xampp\htdocs\saiyoojyam\vendor\codeigniter4\shield\src\Authentication\Authenticators\Session.php(374): CodeIgniter\Shield\Authentication\Authenticators\Session->checkUserState()
#12 C:\xampp\htdocs\saiyoojyam\vendor\codeigniter4\shield\src\Auth.php(191): CodeIgniter\Shield\Authentication\Authenticators\Session->loggedIn()
#13 C:\xampp\htdocs\saiyoojyam\vendor\codeigniter4\shield\src\Collectors\Auth.php(76): CodeIgniter\Shield\Auth->__call('loggedIn', Array)
#14 C:\xampp\htdocs\saiyoojyam\system\Debug\Toolbar\Collectors\BaseCollector.php(228): CodeIgniter\Shield\Collectors\Auth->display()
#15 C:\xampp\htdocs\saiyoojyam\system\Debug\Toolbar.php(95): CodeIgniter\Debug\Toolbar\Collectors\BaseCollector->getAsArray()
#16 C:\xampp\htdocs\saiyoojyam\system\Debug\Toolbar.php(390): CodeIgniter\Debug\Toolbar->run(1747715072.4005, 0.0431, Object(CodeIgniter\HTTP\IncomingRequest), Object(CodeIgniter\HTTP\Response))
#17 C:\xampp\htdocs\saiyoojyam\system\Filters\DebugToolbar.php(44): CodeIgniter\Debug\Toolbar->prepare(Object(CodeIgniter\HTTP\IncomingRequest), Object(CodeIgniter\HTTP\Response))
#18 C:\xampp\htdocs\saiyoojyam\system\Filters\Filters.php(278): CodeIgniter\Filters\DebugToolbar->after(Object(CodeIgniter\HTTP\IncomingRequest), Object(CodeIgniter\HTTP\Response), NULL)
#19 C:\xampp\htdocs\saiyoojyam\system\Filters\Filters.php(364): CodeIgniter\Filters\Filters->runAfter(Array)
#20 C:\xampp\htdocs\saiyoojyam\system\CodeIgniter.php(407): CodeIgniter\Filters\Filters->runRequired('after')
#21 C:\xampp\htdocs\saiyoojyam\system\CodeIgniter.php(368): CodeIgniter\CodeIgniter->runRequiredAfterFilters(Object(CodeIgniter\Filters\Filters))
#22 C:\xampp\htdocs\saiyoojyam\system\Boot.php(334): CodeIgniter\CodeIgniter->run()
#23 C:\xampp\htdocs\saiyoojyam\system\Boot.php(67): CodeIgniter\Boot::runCodeIgniter(Object(CodeIgniter\CodeIgniter))
#24 C:\xampp\htdocs\saiyoojyam\public\index.php(59): CodeIgniter\Boot::bootWeb(Object(Config\Paths))
#25 {main}
CRITICAL - 2025-05-20 04:24:32 --> CodeIgniter\Database\Exceptions\DatabaseException: Table 'saiyoojyam.saiyoojyam_settings' doesn't exist
[Method: GET, Route: Admin/RoomType]
in SYSTEMPATH\Database\BaseConnection.php on line 692.
 1 SYSTEMPATH\Database\BaseBuilder.php(1649): CodeIgniter\Database\BaseConnection->query('SELECT *
FROM `saiyoojyam_settings`
WHERE `context` IS NULL', [], false)
 2 VENDORPATH\codeigniter4\settings\src\Handlers\DatabaseHandler.php(186): CodeIgniter\Database\BaseBuilder->get()
 3 VENDORPATH\codeigniter4\settings\src\Handlers\DatabaseHandler.php(51): CodeIgniter\Settings\Handlers\DatabaseHandler->hydrate(null)
 4 VENDORPATH\codeigniter4\settings\src\Settings.php(59): CodeIgniter\Settings\Handlers\DatabaseHandler->has('Config\\Auth', 'sessionConfig', null)
 5 VENDORPATH\codeigniter4\settings\src\Helpers\setting_helper.php(25): CodeIgniter\Settings\Settings->get('Auth.sessionConfig')
 6 VENDORPATH\codeigniter4\shield\src\Authentication\Authenticators\Session.php(685): setting('Auth.sessionConfig')
 7 VENDORPATH\codeigniter4\shield\src\Authentication\Authenticators\Session.php(703): CodeIgniter\Shield\Authentication\Authenticators\Session->getSessionUserInfo()
 8 VENDORPATH\codeigniter4\shield\src\Authentication\Authenticators\Session.php(390): CodeIgniter\Shield\Authentication\Authenticators\Session->getSessionUserKey('id')
 9 VENDORPATH\codeigniter4\shield\src\Authentication\Authenticators\Session.php(374): CodeIgniter\Shield\Authentication\Authenticators\Session->checkUserState()
10 VENDORPATH\codeigniter4\shield\src\Auth.php(191): CodeIgniter\Shield\Authentication\Authenticators\Session->loggedIn()
11 VENDORPATH\codeigniter4\shield\src\Collectors\Auth.php(76): CodeIgniter\Shield\Auth->__call('loggedIn', [])
12 SYSTEMPATH\Debug\Toolbar\Collectors\BaseCollector.php(228): CodeIgniter\Shield\Collectors\Auth->display()
13 SYSTEMPATH\Debug\Toolbar.php(95): CodeIgniter\Debug\Toolbar\Collectors\BaseCollector->getAsArray()
14 SYSTEMPATH\Debug\Toolbar.php(390): CodeIgniter\Debug\Toolbar->run(1747715072.400482, 0.0431, Object(CodeIgniter\HTTP\IncomingRequest), Object(CodeIgniter\HTTP\Response))
15 SYSTEMPATH\Filters\DebugToolbar.php(44): CodeIgniter\Debug\Toolbar->prepare(Object(CodeIgniter\HTTP\IncomingRequest), Object(CodeIgniter\HTTP\Response))
16 SYSTEMPATH\Filters\Filters.php(278): CodeIgniter\Filters\DebugToolbar->after(Object(CodeIgniter\HTTP\IncomingRequest), Object(CodeIgniter\HTTP\Response), null)
17 SYSTEMPATH\Filters\Filters.php(364): CodeIgniter\Filters\Filters->runAfter([...])
18 SYSTEMPATH\CodeIgniter.php(407): CodeIgniter\Filters\Filters->runRequired('after')
19 SYSTEMPATH\CodeIgniter.php(368): CodeIgniter\CodeIgniter->runRequiredAfterFilters(Object(CodeIgniter\Filters\Filters))
20 SYSTEMPATH\Boot.php(334): CodeIgniter\CodeIgniter->run()
21 SYSTEMPATH\Boot.php(67): CodeIgniter\Boot::runCodeIgniter(Object(CodeIgniter\CodeIgniter))
22 FCPATH\index.php(59): CodeIgniter\Boot::bootWeb(Object(Config\Paths))
CRITICAL - 2025-05-20 04:24:32 --> [Caused by] CodeIgniter\Database\Exceptions\DatabaseException: Table 'saiyoojyam.saiyoojyam_settings' doesn't exist
in SYSTEMPATH\Database\MySQLi\Connection.php on line 332.
 1 SYSTEMPATH\Database\BaseConnection.php(738): CodeIgniter\Database\MySQLi\Connection->execute('SELECT *
FROM `saiyoojyam_settings`
WHERE `context` IS NULL')
 2 SYSTEMPATH\Database\BaseConnection.php(652): CodeIgniter\Database\BaseConnection->simpleQuery('SELECT *
FROM `saiyoojyam_settings`
WHERE `context` IS NULL')
 3 SYSTEMPATH\Database\BaseBuilder.php(1649): CodeIgniter\Database\BaseConnection->query('SELECT *
FROM `saiyoojyam_settings`
WHERE `context` IS NULL', [], false)
 4 VENDORPATH\codeigniter4\settings\src\Handlers\DatabaseHandler.php(186): CodeIgniter\Database\BaseBuilder->get()
 5 VENDORPATH\codeigniter4\settings\src\Handlers\DatabaseHandler.php(51): CodeIgniter\Settings\Handlers\DatabaseHandler->hydrate(null)
 6 VENDORPATH\codeigniter4\settings\src\Settings.php(59): CodeIgniter\Settings\Handlers\DatabaseHandler->has('Config\\Auth', 'sessionConfig', null)
 7 VENDORPATH\codeigniter4\settings\src\Helpers\setting_helper.php(25): CodeIgniter\Settings\Settings->get('Auth.sessionConfig')
 8 VENDORPATH\codeigniter4\shield\src\Authentication\Authenticators\Session.php(685): setting('Auth.sessionConfig')
 9 VENDORPATH\codeigniter4\shield\src\Authentication\Authenticators\Session.php(703): CodeIgniter\Shield\Authentication\Authenticators\Session->getSessionUserInfo()
10 VENDORPATH\codeigniter4\shield\src\Authentication\Authenticators\Session.php(390): CodeIgniter\Shield\Authentication\Authenticators\Session->getSessionUserKey('id')
11 VENDORPATH\codeigniter4\shield\src\Authentication\Authenticators\Session.php(374): CodeIgniter\Shield\Authentication\Authenticators\Session->checkUserState()
12 VENDORPATH\codeigniter4\shield\src\Auth.php(191): CodeIgniter\Shield\Authentication\Authenticators\Session->loggedIn()
13 VENDORPATH\codeigniter4\shield\src\Collectors\Auth.php(76): CodeIgniter\Shield\Auth->__call('loggedIn', [])
14 SYSTEMPATH\Debug\Toolbar\Collectors\BaseCollector.php(228): CodeIgniter\Shield\Collectors\Auth->display()
15 SYSTEMPATH\Debug\Toolbar.php(95): CodeIgniter\Debug\Toolbar\Collectors\BaseCollector->getAsArray()
16 SYSTEMPATH\Debug\Toolbar.php(390): CodeIgniter\Debug\Toolbar->run(1747715072.400482, 0.0431, Object(CodeIgniter\HTTP\IncomingRequest), Object(CodeIgniter\HTTP\Response))
17 SYSTEMPATH\Filters\DebugToolbar.php(44): CodeIgniter\Debug\Toolbar->prepare(Object(CodeIgniter\HTTP\IncomingRequest), Object(CodeIgniter\HTTP\Response))
18 SYSTEMPATH\Filters\Filters.php(278): CodeIgniter\Filters\DebugToolbar->after(Object(CodeIgniter\HTTP\IncomingRequest), Object(CodeIgniter\HTTP\Response), null)
19 SYSTEMPATH\Filters\Filters.php(364): CodeIgniter\Filters\Filters->runAfter([...])
20 SYSTEMPATH\CodeIgniter.php(407): CodeIgniter\Filters\Filters->runRequired('after')
21 SYSTEMPATH\CodeIgniter.php(368): CodeIgniter\CodeIgniter->runRequiredAfterFilters(Object(CodeIgniter\Filters\Filters))
22 SYSTEMPATH\Boot.php(334): CodeIgniter\CodeIgniter->run()
23 SYSTEMPATH\Boot.php(67): CodeIgniter\Boot::runCodeIgniter(Object(CodeIgniter\CodeIgniter))
24 FCPATH\index.php(59): CodeIgniter\Boot::bootWeb(Object(Config\Paths))
CRITICAL - 2025-05-20 04:24:32 --> [Caused by] mysqli_sql_exception: Table 'saiyoojyam.saiyoojyam_settings' doesn't exist
in SYSTEMPATH\Database\MySQLi\Connection.php on line 327.
 1 SYSTEMPATH\Database\MySQLi\Connection.php(327): mysqli->query('SELECT *
FROM `saiyoojyam_settings`
WHERE `context` IS NULL', 0)
 2 SYSTEMPATH\Database\BaseConnection.php(738): CodeIgniter\Database\MySQLi\Connection->execute('SELECT *
FROM `saiyoojyam_settings`
WHERE `context` IS NULL')
 3 SYSTEMPATH\Database\BaseConnection.php(652): CodeIgniter\Database\BaseConnection->simpleQuery('SELECT *
FROM `saiyoojyam_settings`
WHERE `context` IS NULL')
 4 SYSTEMPATH\Database\BaseBuilder.php(1649): CodeIgniter\Database\BaseConnection->query('SELECT *
FROM `saiyoojyam_settings`
WHERE `context` IS NULL', [], false)
 5 VENDORPATH\codeigniter4\settings\src\Handlers\DatabaseHandler.php(186): CodeIgniter\Database\BaseBuilder->get()
 6 VENDORPATH\codeigniter4\settings\src\Handlers\DatabaseHandler.php(51): CodeIgniter\Settings\Handlers\DatabaseHandler->hydrate(null)
 7 VENDORPATH\codeigniter4\settings\src\Settings.php(59): CodeIgniter\Settings\Handlers\DatabaseHandler->has('Config\\Auth', 'sessionConfig', null)
 8 VENDORPATH\codeigniter4\settings\src\Helpers\setting_helper.php(25): CodeIgniter\Settings\Settings->get('Auth.sessionConfig')
 9 VENDORPATH\codeigniter4\shield\src\Authentication\Authenticators\Session.php(685): setting('Auth.sessionConfig')
10 VENDORPATH\codeigniter4\shield\src\Authentication\Authenticators\Session.php(703): CodeIgniter\Shield\Authentication\Authenticators\Session->getSessionUserInfo()
11 VENDORPATH\codeigniter4\shield\src\Authentication\Authenticators\Session.php(390): CodeIgniter\Shield\Authentication\Authenticators\Session->getSessionUserKey('id')
12 VENDORPATH\codeigniter4\shield\src\Authentication\Authenticators\Session.php(374): CodeIgniter\Shield\Authentication\Authenticators\Session->checkUserState()
13 VENDORPATH\codeigniter4\shield\src\Auth.php(191): CodeIgniter\Shield\Authentication\Authenticators\Session->loggedIn()
14 VENDORPATH\codeigniter4\shield\src\Collectors\Auth.php(76): CodeIgniter\Shield\Auth->__call('loggedIn', [])
15 SYSTEMPATH\Debug\Toolbar\Collectors\BaseCollector.php(228): CodeIgniter\Shield\Collectors\Auth->display()
16 SYSTEMPATH\Debug\Toolbar.php(95): CodeIgniter\Debug\Toolbar\Collectors\BaseCollector->getAsArray()
17 SYSTEMPATH\Debug\Toolbar.php(390): CodeIgniter\Debug\Toolbar->run(1747715072.400482, 0.0431, Object(CodeIgniter\HTTP\IncomingRequest), Object(CodeIgniter\HTTP\Response))
18 SYSTEMPATH\Filters\DebugToolbar.php(44): CodeIgniter\Debug\Toolbar->prepare(Object(CodeIgniter\HTTP\IncomingRequest), Object(CodeIgniter\HTTP\Response))
19 SYSTEMPATH\Filters\Filters.php(278): CodeIgniter\Filters\DebugToolbar->after(Object(CodeIgniter\HTTP\IncomingRequest), Object(CodeIgniter\HTTP\Response), null)
20 SYSTEMPATH\Filters\Filters.php(364): CodeIgniter\Filters\Filters->runAfter([...])
21 SYSTEMPATH\CodeIgniter.php(407): CodeIgniter\Filters\Filters->runRequired('after')
22 SYSTEMPATH\CodeIgniter.php(368): CodeIgniter\CodeIgniter->runRequiredAfterFilters(Object(CodeIgniter\Filters\Filters))
23 SYSTEMPATH\Boot.php(334): CodeIgniter\CodeIgniter->run()
24 SYSTEMPATH\Boot.php(67): CodeIgniter\Boot::runCodeIgniter(Object(CodeIgniter\CodeIgniter))
25 FCPATH\index.php(59): CodeIgniter\Boot::bootWeb(Object(Config\Paths))
ERROR - 2025-05-20 04:24:32 --> mysqli_sql_exception: Table 'saiyoojyam.saiyoojyam_settings' doesn't exist in C:\xampp\htdocs\saiyoojyam\system\Database\MySQLi\Connection.php:327
Stack trace:
#0 C:\xampp\htdocs\saiyoojyam\system\Database\MySQLi\Connection.php(327): mysqli->query('SELECT *\nFROM `...', 0)
#1 C:\xampp\htdocs\saiyoojyam\system\Database\BaseConnection.php(738): CodeIgniter\Database\MySQLi\Connection->execute('SELECT *\nFROM `...')
#2 C:\xampp\htdocs\saiyoojyam\system\Database\BaseConnection.php(652): CodeIgniter\Database\BaseConnection->simpleQuery('SELECT *\nFROM `...')
#3 C:\xampp\htdocs\saiyoojyam\system\Database\BaseBuilder.php(1649): CodeIgniter\Database\BaseConnection->query('SELECT *\nFROM `...', Array, false)
#4 C:\xampp\htdocs\saiyoojyam\vendor\codeigniter4\settings\src\Handlers\DatabaseHandler.php(186): CodeIgniter\Database\BaseBuilder->get()
#5 C:\xampp\htdocs\saiyoojyam\vendor\codeigniter4\settings\src\Handlers\DatabaseHandler.php(51): CodeIgniter\Settings\Handlers\DatabaseHandler->hydrate(NULL)
#6 C:\xampp\htdocs\saiyoojyam\vendor\codeigniter4\settings\src\Settings.php(59): CodeIgniter\Settings\Handlers\DatabaseHandler->has('Config\\Auth', 'sessionConfig', NULL)
#7 C:\xampp\htdocs\saiyoojyam\vendor\codeigniter4\settings\src\Helpers\setting_helper.php(25): CodeIgniter\Settings\Settings->get('Auth.sessionCon...')
#8 C:\xampp\htdocs\saiyoojyam\vendor\codeigniter4\shield\src\Authentication\Authenticators\Session.php(685): setting('Auth.sessionCon...')
#9 C:\xampp\htdocs\saiyoojyam\vendor\codeigniter4\shield\src\Authentication\Authenticators\Session.php(703): CodeIgniter\Shield\Authentication\Authenticators\Session->getSessionUserInfo()
#10 C:\xampp\htdocs\saiyoojyam\vendor\codeigniter4\shield\src\Authentication\Authenticators\Session.php(390): CodeIgniter\Shield\Authentication\Authenticators\Session->getSessionUserKey('id')
#11 C:\xampp\htdocs\saiyoojyam\vendor\codeigniter4\shield\src\Authentication\Authenticators\Session.php(374): CodeIgniter\Shield\Authentication\Authenticators\Session->checkUserState()
#12 C:\xampp\htdocs\saiyoojyam\vendor\codeigniter4\shield\src\Auth.php(191): CodeIgniter\Shield\Authentication\Authenticators\Session->loggedIn()
#13 C:\xampp\htdocs\saiyoojyam\vendor\codeigniter4\shield\src\Collectors\Auth.php(76): CodeIgniter\Shield\Auth->__call('loggedIn', Array)
#14 C:\xampp\htdocs\saiyoojyam\system\Debug\Toolbar\Collectors\BaseCollector.php(228): CodeIgniter\Shield\Collectors\Auth->display()
#15 C:\xampp\htdocs\saiyoojyam\system\Debug\Toolbar.php(95): CodeIgniter\Debug\Toolbar\Collectors\BaseCollector->getAsArray()
#16 C:\xampp\htdocs\saiyoojyam\system\Debug\Toolbar.php(390): CodeIgniter\Debug\Toolbar->run(1747715072.613, 0.0489, Object(CodeIgniter\HTTP\IncomingRequest), Object(CodeIgniter\HTTP\Response))
#17 C:\xampp\htdocs\saiyoojyam\system\Filters\DebugToolbar.php(44): CodeIgniter\Debug\Toolbar->prepare(Object(CodeIgniter\HTTP\IncomingRequest), Object(CodeIgniter\HTTP\Response))
#18 C:\xampp\htdocs\saiyoojyam\system\Filters\Filters.php(278): CodeIgniter\Filters\DebugToolbar->after(Object(CodeIgniter\HTTP\IncomingRequest), Object(CodeIgniter\HTTP\Response), NULL)
#19 C:\xampp\htdocs\saiyoojyam\system\Filters\Filters.php(364): CodeIgniter\Filters\Filters->runAfter(Array)
#20 C:\xampp\htdocs\saiyoojyam\system\CodeIgniter.php(407): CodeIgniter\Filters\Filters->runRequired('after')
#21 C:\xampp\htdocs\saiyoojyam\system\CodeIgniter.php(368): CodeIgniter\CodeIgniter->runRequiredAfterFilters(Object(CodeIgniter\Filters\Filters))
#22 C:\xampp\htdocs\saiyoojyam\system\Boot.php(334): CodeIgniter\CodeIgniter->run()
#23 C:\xampp\htdocs\saiyoojyam\system\Boot.php(67): CodeIgniter\Boot::runCodeIgniter(Object(CodeIgniter\CodeIgniter))
#24 C:\xampp\htdocs\saiyoojyam\public\index.php(59): CodeIgniter\Boot::bootWeb(Object(Config\Paths))
#25 {main}
CRITICAL - 2025-05-20 04:24:32 --> CodeIgniter\Database\Exceptions\DatabaseException: Table 'saiyoojyam.saiyoojyam_settings' doesn't exist
[Method: GET, Route: Admin/RoomType]
in SYSTEMPATH\Database\BaseConnection.php on line 692.
 1 SYSTEMPATH\Database\BaseBuilder.php(1649): CodeIgniter\Database\BaseConnection->query('SELECT *
FROM `saiyoojyam_settings`
WHERE `context` IS NULL', [], false)
 2 VENDORPATH\codeigniter4\settings\src\Handlers\DatabaseHandler.php(186): CodeIgniter\Database\BaseBuilder->get()
 3 VENDORPATH\codeigniter4\settings\src\Handlers\DatabaseHandler.php(51): CodeIgniter\Settings\Handlers\DatabaseHandler->hydrate(null)
 4 VENDORPATH\codeigniter4\settings\src\Settings.php(59): CodeIgniter\Settings\Handlers\DatabaseHandler->has('Config\\Auth', 'sessionConfig', null)
 5 VENDORPATH\codeigniter4\settings\src\Helpers\setting_helper.php(25): CodeIgniter\Settings\Settings->get('Auth.sessionConfig')
 6 VENDORPATH\codeigniter4\shield\src\Authentication\Authenticators\Session.php(685): setting('Auth.sessionConfig')
 7 VENDORPATH\codeigniter4\shield\src\Authentication\Authenticators\Session.php(703): CodeIgniter\Shield\Authentication\Authenticators\Session->getSessionUserInfo()
 8 VENDORPATH\codeigniter4\shield\src\Authentication\Authenticators\Session.php(390): CodeIgniter\Shield\Authentication\Authenticators\Session->getSessionUserKey('id')
 9 VENDORPATH\codeigniter4\shield\src\Authentication\Authenticators\Session.php(374): CodeIgniter\Shield\Authentication\Authenticators\Session->checkUserState()
10 VENDORPATH\codeigniter4\shield\src\Auth.php(191): CodeIgniter\Shield\Authentication\Authenticators\Session->loggedIn()
11 VENDORPATH\codeigniter4\shield\src\Collectors\Auth.php(76): CodeIgniter\Shield\Auth->__call('loggedIn', [])
12 SYSTEMPATH\Debug\Toolbar\Collectors\BaseCollector.php(228): CodeIgniter\Shield\Collectors\Auth->display()
13 SYSTEMPATH\Debug\Toolbar.php(95): CodeIgniter\Debug\Toolbar\Collectors\BaseCollector->getAsArray()
14 SYSTEMPATH\Debug\Toolbar.php(390): CodeIgniter\Debug\Toolbar->run(1747715072.613008, 0.0489, Object(CodeIgniter\HTTP\IncomingRequest), Object(CodeIgniter\HTTP\Response))
15 SYSTEMPATH\Filters\DebugToolbar.php(44): CodeIgniter\Debug\Toolbar->prepare(Object(CodeIgniter\HTTP\IncomingRequest), Object(CodeIgniter\HTTP\Response))
16 SYSTEMPATH\Filters\Filters.php(278): CodeIgniter\Filters\DebugToolbar->after(Object(CodeIgniter\HTTP\IncomingRequest), Object(CodeIgniter\HTTP\Response), null)
17 SYSTEMPATH\Filters\Filters.php(364): CodeIgniter\Filters\Filters->runAfter([...])
18 SYSTEMPATH\CodeIgniter.php(407): CodeIgniter\Filters\Filters->runRequired('after')
19 SYSTEMPATH\CodeIgniter.php(368): CodeIgniter\CodeIgniter->runRequiredAfterFilters(Object(CodeIgniter\Filters\Filters))
20 SYSTEMPATH\Boot.php(334): CodeIgniter\CodeIgniter->run()
21 SYSTEMPATH\Boot.php(67): CodeIgniter\Boot::runCodeIgniter(Object(CodeIgniter\CodeIgniter))
22 FCPATH\index.php(59): CodeIgniter\Boot::bootWeb(Object(Config\Paths))
CRITICAL - 2025-05-20 04:24:32 --> [Caused by] CodeIgniter\Database\Exceptions\DatabaseException: Table 'saiyoojyam.saiyoojyam_settings' doesn't exist
in SYSTEMPATH\Database\MySQLi\Connection.php on line 332.
 1 SYSTEMPATH\Database\BaseConnection.php(738): CodeIgniter\Database\MySQLi\Connection->execute('SELECT *
FROM `saiyoojyam_settings`
WHERE `context` IS NULL')
 2 SYSTEMPATH\Database\BaseConnection.php(652): CodeIgniter\Database\BaseConnection->simpleQuery('SELECT *
FROM `saiyoojyam_settings`
WHERE `context` IS NULL')
 3 SYSTEMPATH\Database\BaseBuilder.php(1649): CodeIgniter\Database\BaseConnection->query('SELECT *
FROM `saiyoojyam_settings`
WHERE `context` IS NULL', [], false)
 4 VENDORPATH\codeigniter4\settings\src\Handlers\DatabaseHandler.php(186): CodeIgniter\Database\BaseBuilder->get()
 5 VENDORPATH\codeigniter4\settings\src\Handlers\DatabaseHandler.php(51): CodeIgniter\Settings\Handlers\DatabaseHandler->hydrate(null)
 6 VENDORPATH\codeigniter4\settings\src\Settings.php(59): CodeIgniter\Settings\Handlers\DatabaseHandler->has('Config\\Auth', 'sessionConfig', null)
 7 VENDORPATH\codeigniter4\settings\src\Helpers\setting_helper.php(25): CodeIgniter\Settings\Settings->get('Auth.sessionConfig')
 8 VENDORPATH\codeigniter4\shield\src\Authentication\Authenticators\Session.php(685): setting('Auth.sessionConfig')
 9 VENDORPATH\codeigniter4\shield\src\Authentication\Authenticators\Session.php(703): CodeIgniter\Shield\Authentication\Authenticators\Session->getSessionUserInfo()
10 VENDORPATH\codeigniter4\shield\src\Authentication\Authenticators\Session.php(390): CodeIgniter\Shield\Authentication\Authenticators\Session->getSessionUserKey('id')
11 VENDORPATH\codeigniter4\shield\src\Authentication\Authenticators\Session.php(374): CodeIgniter\Shield\Authentication\Authenticators\Session->checkUserState()
12 VENDORPATH\codeigniter4\shield\src\Auth.php(191): CodeIgniter\Shield\Authentication\Authenticators\Session->loggedIn()
13 VENDORPATH\codeigniter4\shield\src\Collectors\Auth.php(76): CodeIgniter\Shield\Auth->__call('loggedIn', [])
14 SYSTEMPATH\Debug\Toolbar\Collectors\BaseCollector.php(228): CodeIgniter\Shield\Collectors\Auth->display()
15 SYSTEMPATH\Debug\Toolbar.php(95): CodeIgniter\Debug\Toolbar\Collectors\BaseCollector->getAsArray()
16 SYSTEMPATH\Debug\Toolbar.php(390): CodeIgniter\Debug\Toolbar->run(1747715072.613008, 0.0489, Object(CodeIgniter\HTTP\IncomingRequest), Object(CodeIgniter\HTTP\Response))
17 SYSTEMPATH\Filters\DebugToolbar.php(44): CodeIgniter\Debug\Toolbar->prepare(Object(CodeIgniter\HTTP\IncomingRequest), Object(CodeIgniter\HTTP\Response))
18 SYSTEMPATH\Filters\Filters.php(278): CodeIgniter\Filters\DebugToolbar->after(Object(CodeIgniter\HTTP\IncomingRequest), Object(CodeIgniter\HTTP\Response), null)
19 SYSTEMPATH\Filters\Filters.php(364): CodeIgniter\Filters\Filters->runAfter([...])
20 SYSTEMPATH\CodeIgniter.php(407): CodeIgniter\Filters\Filters->runRequired('after')
21 SYSTEMPATH\CodeIgniter.php(368): CodeIgniter\CodeIgniter->runRequiredAfterFilters(Object(CodeIgniter\Filters\Filters))
22 SYSTEMPATH\Boot.php(334): CodeIgniter\CodeIgniter->run()
23 SYSTEMPATH\Boot.php(67): CodeIgniter\Boot::runCodeIgniter(Object(CodeIgniter\CodeIgniter))
24 FCPATH\index.php(59): CodeIgniter\Boot::bootWeb(Object(Config\Paths))
CRITICAL - 2025-05-20 04:24:32 --> [Caused by] mysqli_sql_exception: Table 'saiyoojyam.saiyoojyam_settings' doesn't exist
in SYSTEMPATH\Database\MySQLi\Connection.php on line 327.
 1 SYSTEMPATH\Database\MySQLi\Connection.php(327): mysqli->query('SELECT *
FROM `saiyoojyam_settings`
WHERE `context` IS NULL', 0)
 2 SYSTEMPATH\Database\BaseConnection.php(738): CodeIgniter\Database\MySQLi\Connection->execute('SELECT *
FROM `saiyoojyam_settings`
WHERE `context` IS NULL')
 3 SYSTEMPATH\Database\BaseConnection.php(652): CodeIgniter\Database\BaseConnection->simpleQuery('SELECT *
FROM `saiyoojyam_settings`
WHERE `context` IS NULL')
 4 SYSTEMPATH\Database\BaseBuilder.php(1649): CodeIgniter\Database\BaseConnection->query('SELECT *
FROM `saiyoojyam_settings`
WHERE `context` IS NULL', [], false)
 5 VENDORPATH\codeigniter4\settings\src\Handlers\DatabaseHandler.php(186): CodeIgniter\Database\BaseBuilder->get()
 6 VENDORPATH\codeigniter4\settings\src\Handlers\DatabaseHandler.php(51): CodeIgniter\Settings\Handlers\DatabaseHandler->hydrate(null)
 7 VENDORPATH\codeigniter4\settings\src\Settings.php(59): CodeIgniter\Settings\Handlers\DatabaseHandler->has('Config\\Auth', 'sessionConfig', null)
 8 VENDORPATH\codeigniter4\settings\src\Helpers\setting_helper.php(25): CodeIgniter\Settings\Settings->get('Auth.sessionConfig')
 9 VENDORPATH\codeigniter4\shield\src\Authentication\Authenticators\Session.php(685): setting('Auth.sessionConfig')
10 VENDORPATH\codeigniter4\shield\src\Authentication\Authenticators\Session.php(703): CodeIgniter\Shield\Authentication\Authenticators\Session->getSessionUserInfo()
11 VENDORPATH\codeigniter4\shield\src\Authentication\Authenticators\Session.php(390): CodeIgniter\Shield\Authentication\Authenticators\Session->getSessionUserKey('id')
12 VENDORPATH\codeigniter4\shield\src\Authentication\Authenticators\Session.php(374): CodeIgniter\Shield\Authentication\Authenticators\Session->checkUserState()
13 VENDORPATH\codeigniter4\shield\src\Auth.php(191): CodeIgniter\Shield\Authentication\Authenticators\Session->loggedIn()
14 VENDORPATH\codeigniter4\shield\src\Collectors\Auth.php(76): CodeIgniter\Shield\Auth->__call('loggedIn', [])
15 SYSTEMPATH\Debug\Toolbar\Collectors\BaseCollector.php(228): CodeIgniter\Shield\Collectors\Auth->display()
16 SYSTEMPATH\Debug\Toolbar.php(95): CodeIgniter\Debug\Toolbar\Collectors\BaseCollector->getAsArray()
17 SYSTEMPATH\Debug\Toolbar.php(390): CodeIgniter\Debug\Toolbar->run(1747715072.613008, 0.0489, Object(CodeIgniter\HTTP\IncomingRequest), Object(CodeIgniter\HTTP\Response))
18 SYSTEMPATH\Filters\DebugToolbar.php(44): CodeIgniter\Debug\Toolbar->prepare(Object(CodeIgniter\HTTP\IncomingRequest), Object(CodeIgniter\HTTP\Response))
19 SYSTEMPATH\Filters\Filters.php(278): CodeIgniter\Filters\DebugToolbar->after(Object(CodeIgniter\HTTP\IncomingRequest), Object(CodeIgniter\HTTP\Response), null)
20 SYSTEMPATH\Filters\Filters.php(364): CodeIgniter\Filters\Filters->runAfter([...])
21 SYSTEMPATH\CodeIgniter.php(407): CodeIgniter\Filters\Filters->runRequired('after')
22 SYSTEMPATH\CodeIgniter.php(368): CodeIgniter\CodeIgniter->runRequiredAfterFilters(Object(CodeIgniter\Filters\Filters))
23 SYSTEMPATH\Boot.php(334): CodeIgniter\CodeIgniter->run()
24 SYSTEMPATH\Boot.php(67): CodeIgniter\Boot::runCodeIgniter(Object(CodeIgniter\CodeIgniter))
25 FCPATH\index.php(59): CodeIgniter\Boot::bootWeb(Object(Config\Paths))
ERROR - 2025-05-20 04:24:32 --> mysqli_sql_exception: Table 'saiyoojyam.saiyoojyam_settings' doesn't exist in C:\xampp\htdocs\saiyoojyam\system\Database\MySQLi\Connection.php:327
Stack trace:
#0 C:\xampp\htdocs\saiyoojyam\system\Database\MySQLi\Connection.php(327): mysqli->query('SELECT *\nFROM `...', 0)
#1 C:\xampp\htdocs\saiyoojyam\system\Database\BaseConnection.php(738): CodeIgniter\Database\MySQLi\Connection->execute('SELECT *\nFROM `...')
#2 C:\xampp\htdocs\saiyoojyam\system\Database\BaseConnection.php(652): CodeIgniter\Database\BaseConnection->simpleQuery('SELECT *\nFROM `...')
#3 C:\xampp\htdocs\saiyoojyam\system\Database\BaseBuilder.php(1649): CodeIgniter\Database\BaseConnection->query('SELECT *\nFROM `...', Array, false)
#4 C:\xampp\htdocs\saiyoojyam\vendor\codeigniter4\settings\src\Handlers\DatabaseHandler.php(186): CodeIgniter\Database\BaseBuilder->get()
#5 C:\xampp\htdocs\saiyoojyam\vendor\codeigniter4\settings\src\Handlers\DatabaseHandler.php(51): CodeIgniter\Settings\Handlers\DatabaseHandler->hydrate(NULL)
#6 C:\xampp\htdocs\saiyoojyam\vendor\codeigniter4\settings\src\Settings.php(59): CodeIgniter\Settings\Handlers\DatabaseHandler->has('Config\\Auth', 'sessionConfig', NULL)
#7 C:\xampp\htdocs\saiyoojyam\vendor\codeigniter4\settings\src\Helpers\setting_helper.php(25): CodeIgniter\Settings\Settings->get('Auth.sessionCon...')
#8 C:\xampp\htdocs\saiyoojyam\vendor\codeigniter4\shield\src\Authentication\Authenticators\Session.php(685): setting('Auth.sessionCon...')
#9 C:\xampp\htdocs\saiyoojyam\vendor\codeigniter4\shield\src\Authentication\Authenticators\Session.php(703): CodeIgniter\Shield\Authentication\Authenticators\Session->getSessionUserInfo()
#10 C:\xampp\htdocs\saiyoojyam\vendor\codeigniter4\shield\src\Authentication\Authenticators\Session.php(390): CodeIgniter\Shield\Authentication\Authenticators\Session->getSessionUserKey('id')
#11 C:\xampp\htdocs\saiyoojyam\vendor\codeigniter4\shield\src\Authentication\Authenticators\Session.php(374): CodeIgniter\Shield\Authentication\Authenticators\Session->checkUserState()
#12 C:\xampp\htdocs\saiyoojyam\vendor\codeigniter4\shield\src\Auth.php(191): CodeIgniter\Shield\Authentication\Authenticators\Session->loggedIn()
#13 C:\xampp\htdocs\saiyoojyam\vendor\codeigniter4\shield\src\Collectors\Auth.php(76): CodeIgniter\Shield\Auth->__call('loggedIn', Array)
#14 C:\xampp\htdocs\saiyoojyam\system\Debug\Toolbar\Collectors\BaseCollector.php(228): CodeIgniter\Shield\Collectors\Auth->display()
#15 C:\xampp\htdocs\saiyoojyam\system\Debug\Toolbar.php(95): CodeIgniter\Debug\Toolbar\Collectors\BaseCollector->getAsArray()
#16 C:\xampp\htdocs\saiyoojyam\system\Debug\Toolbar.php(390): CodeIgniter\Debug\Toolbar->run(1747715072.8868, 0.0468, Object(CodeIgniter\HTTP\IncomingRequest), Object(CodeIgniter\HTTP\Response))
#17 C:\xampp\htdocs\saiyoojyam\system\Filters\DebugToolbar.php(44): CodeIgniter\Debug\Toolbar->prepare(Object(CodeIgniter\HTTP\IncomingRequest), Object(CodeIgniter\HTTP\Response))
#18 C:\xampp\htdocs\saiyoojyam\system\Filters\Filters.php(278): CodeIgniter\Filters\DebugToolbar->after(Object(CodeIgniter\HTTP\IncomingRequest), Object(CodeIgniter\HTTP\Response), NULL)
#19 C:\xampp\htdocs\saiyoojyam\system\Filters\Filters.php(364): CodeIgniter\Filters\Filters->runAfter(Array)
#20 C:\xampp\htdocs\saiyoojyam\system\CodeIgniter.php(407): CodeIgniter\Filters\Filters->runRequired('after')
#21 C:\xampp\htdocs\saiyoojyam\system\CodeIgniter.php(368): CodeIgniter\CodeIgniter->runRequiredAfterFilters(Object(CodeIgniter\Filters\Filters))
#22 C:\xampp\htdocs\saiyoojyam\system\Boot.php(334): CodeIgniter\CodeIgniter->run()
#23 C:\xampp\htdocs\saiyoojyam\system\Boot.php(67): CodeIgniter\Boot::runCodeIgniter(Object(CodeIgniter\CodeIgniter))
#24 C:\xampp\htdocs\saiyoojyam\public\index.php(59): CodeIgniter\Boot::bootWeb(Object(Config\Paths))
#25 {main}
CRITICAL - 2025-05-20 04:24:32 --> CodeIgniter\Database\Exceptions\DatabaseException: Table 'saiyoojyam.saiyoojyam_settings' doesn't exist
[Method: GET, Route: Admin/RoomType]
in SYSTEMPATH\Database\BaseConnection.php on line 692.
 1 SYSTEMPATH\Database\BaseBuilder.php(1649): CodeIgniter\Database\BaseConnection->query('SELECT *
FROM `saiyoojyam_settings`
WHERE `context` IS NULL', [], false)
 2 VENDORPATH\codeigniter4\settings\src\Handlers\DatabaseHandler.php(186): CodeIgniter\Database\BaseBuilder->get()
 3 VENDORPATH\codeigniter4\settings\src\Handlers\DatabaseHandler.php(51): CodeIgniter\Settings\Handlers\DatabaseHandler->hydrate(null)
 4 VENDORPATH\codeigniter4\settings\src\Settings.php(59): CodeIgniter\Settings\Handlers\DatabaseHandler->has('Config\\Auth', 'sessionConfig', null)
 5 VENDORPATH\codeigniter4\settings\src\Helpers\setting_helper.php(25): CodeIgniter\Settings\Settings->get('Auth.sessionConfig')
 6 VENDORPATH\codeigniter4\shield\src\Authentication\Authenticators\Session.php(685): setting('Auth.sessionConfig')
 7 VENDORPATH\codeigniter4\shield\src\Authentication\Authenticators\Session.php(703): CodeIgniter\Shield\Authentication\Authenticators\Session->getSessionUserInfo()
 8 VENDORPATH\codeigniter4\shield\src\Authentication\Authenticators\Session.php(390): CodeIgniter\Shield\Authentication\Authenticators\Session->getSessionUserKey('id')
 9 VENDORPATH\codeigniter4\shield\src\Authentication\Authenticators\Session.php(374): CodeIgniter\Shield\Authentication\Authenticators\Session->checkUserState()
10 VENDORPATH\codeigniter4\shield\src\Auth.php(191): CodeIgniter\Shield\Authentication\Authenticators\Session->loggedIn()
11 VENDORPATH\codeigniter4\shield\src\Collectors\Auth.php(76): CodeIgniter\Shield\Auth->__call('loggedIn', [])
12 SYSTEMPATH\Debug\Toolbar\Collectors\BaseCollector.php(228): CodeIgniter\Shield\Collectors\Auth->display()
13 SYSTEMPATH\Debug\Toolbar.php(95): CodeIgniter\Debug\Toolbar\Collectors\BaseCollector->getAsArray()
14 SYSTEMPATH\Debug\Toolbar.php(390): CodeIgniter\Debug\Toolbar->run(1747715072.8868, 0.0468, Object(CodeIgniter\HTTP\IncomingRequest), Object(CodeIgniter\HTTP\Response))
15 SYSTEMPATH\Filters\DebugToolbar.php(44): CodeIgniter\Debug\Toolbar->prepare(Object(CodeIgniter\HTTP\IncomingRequest), Object(CodeIgniter\HTTP\Response))
16 SYSTEMPATH\Filters\Filters.php(278): CodeIgniter\Filters\DebugToolbar->after(Object(CodeIgniter\HTTP\IncomingRequest), Object(CodeIgniter\HTTP\Response), null)
17 SYSTEMPATH\Filters\Filters.php(364): CodeIgniter\Filters\Filters->runAfter([...])
18 SYSTEMPATH\CodeIgniter.php(407): CodeIgniter\Filters\Filters->runRequired('after')
19 SYSTEMPATH\CodeIgniter.php(368): CodeIgniter\CodeIgniter->runRequiredAfterFilters(Object(CodeIgniter\Filters\Filters))
20 SYSTEMPATH\Boot.php(334): CodeIgniter\CodeIgniter->run()
21 SYSTEMPATH\Boot.php(67): CodeIgniter\Boot::runCodeIgniter(Object(CodeIgniter\CodeIgniter))
22 FCPATH\index.php(59): CodeIgniter\Boot::bootWeb(Object(Config\Paths))
CRITICAL - 2025-05-20 04:24:32 --> [Caused by] CodeIgniter\Database\Exceptions\DatabaseException: Table 'saiyoojyam.saiyoojyam_settings' doesn't exist
in SYSTEMPATH\Database\MySQLi\Connection.php on line 332.
 1 SYSTEMPATH\Database\BaseConnection.php(738): CodeIgniter\Database\MySQLi\Connection->execute('SELECT *
FROM `saiyoojyam_settings`
WHERE `context` IS NULL')
 2 SYSTEMPATH\Database\BaseConnection.php(652): CodeIgniter\Database\BaseConnection->simpleQuery('SELECT *
FROM `saiyoojyam_settings`
WHERE `context` IS NULL')
 3 SYSTEMPATH\Database\BaseBuilder.php(1649): CodeIgniter\Database\BaseConnection->query('SELECT *
FROM `saiyoojyam_settings`
WHERE `context` IS NULL', [], false)
 4 VENDORPATH\codeigniter4\settings\src\Handlers\DatabaseHandler.php(186): CodeIgniter\Database\BaseBuilder->get()
 5 VENDORPATH\codeigniter4\settings\src\Handlers\DatabaseHandler.php(51): CodeIgniter\Settings\Handlers\DatabaseHandler->hydrate(null)
 6 VENDORPATH\codeigniter4\settings\src\Settings.php(59): CodeIgniter\Settings\Handlers\DatabaseHandler->has('Config\\Auth', 'sessionConfig', null)
 7 VENDORPATH\codeigniter4\settings\src\Helpers\setting_helper.php(25): CodeIgniter\Settings\Settings->get('Auth.sessionConfig')
 8 VENDORPATH\codeigniter4\shield\src\Authentication\Authenticators\Session.php(685): setting('Auth.sessionConfig')
 9 VENDORPATH\codeigniter4\shield\src\Authentication\Authenticators\Session.php(703): CodeIgniter\Shield\Authentication\Authenticators\Session->getSessionUserInfo()
10 VENDORPATH\codeigniter4\shield\src\Authentication\Authenticators\Session.php(390): CodeIgniter\Shield\Authentication\Authenticators\Session->getSessionUserKey('id')
11 VENDORPATH\codeigniter4\shield\src\Authentication\Authenticators\Session.php(374): CodeIgniter\Shield\Authentication\Authenticators\Session->checkUserState()
12 VENDORPATH\codeigniter4\shield\src\Auth.php(191): CodeIgniter\Shield\Authentication\Authenticators\Session->loggedIn()
13 VENDORPATH\codeigniter4\shield\src\Collectors\Auth.php(76): CodeIgniter\Shield\Auth->__call('loggedIn', [])
14 SYSTEMPATH\Debug\Toolbar\Collectors\BaseCollector.php(228): CodeIgniter\Shield\Collectors\Auth->display()
15 SYSTEMPATH\Debug\Toolbar.php(95): CodeIgniter\Debug\Toolbar\Collectors\BaseCollector->getAsArray()
16 SYSTEMPATH\Debug\Toolbar.php(390): CodeIgniter\Debug\Toolbar->run(1747715072.8868, 0.0468, Object(CodeIgniter\HTTP\IncomingRequest), Object(CodeIgniter\HTTP\Response))
17 SYSTEMPATH\Filters\DebugToolbar.php(44): CodeIgniter\Debug\Toolbar->prepare(Object(CodeIgniter\HTTP\IncomingRequest), Object(CodeIgniter\HTTP\Response))
18 SYSTEMPATH\Filters\Filters.php(278): CodeIgniter\Filters\DebugToolbar->after(Object(CodeIgniter\HTTP\IncomingRequest), Object(CodeIgniter\HTTP\Response), null)
19 SYSTEMPATH\Filters\Filters.php(364): CodeIgniter\Filters\Filters->runAfter([...])
20 SYSTEMPATH\CodeIgniter.php(407): CodeIgniter\Filters\Filters->runRequired('after')
21 SYSTEMPATH\CodeIgniter.php(368): CodeIgniter\CodeIgniter->runRequiredAfterFilters(Object(CodeIgniter\Filters\Filters))
22 SYSTEMPATH\Boot.php(334): CodeIgniter\CodeIgniter->run()
23 SYSTEMPATH\Boot.php(67): CodeIgniter\Boot::runCodeIgniter(Object(CodeIgniter\CodeIgniter))
24 FCPATH\index.php(59): CodeIgniter\Boot::bootWeb(Object(Config\Paths))
CRITICAL - 2025-05-20 04:24:32 --> [Caused by] mysqli_sql_exception: Table 'saiyoojyam.saiyoojyam_settings' doesn't exist
in SYSTEMPATH\Database\MySQLi\Connection.php on line 327.
 1 SYSTEMPATH\Database\MySQLi\Connection.php(327): mysqli->query('SELECT *
FROM `saiyoojyam_settings`
WHERE `context` IS NULL', 0)
 2 SYSTEMPATH\Database\BaseConnection.php(738): CodeIgniter\Database\MySQLi\Connection->execute('SELECT *
FROM `saiyoojyam_settings`
WHERE `context` IS NULL')
 3 SYSTEMPATH\Database\BaseConnection.php(652): CodeIgniter\Database\BaseConnection->simpleQuery('SELECT *
FROM `saiyoojyam_settings`
WHERE `context` IS NULL')
 4 SYSTEMPATH\Database\BaseBuilder.php(1649): CodeIgniter\Database\BaseConnection->query('SELECT *
FROM `saiyoojyam_settings`
WHERE `context` IS NULL', [], false)
 5 VENDORPATH\codeigniter4\settings\src\Handlers\DatabaseHandler.php(186): CodeIgniter\Database\BaseBuilder->get()
 6 VENDORPATH\codeigniter4\settings\src\Handlers\DatabaseHandler.php(51): CodeIgniter\Settings\Handlers\DatabaseHandler->hydrate(null)
 7 VENDORPATH\codeigniter4\settings\src\Settings.php(59): CodeIgniter\Settings\Handlers\DatabaseHandler->has('Config\\Auth', 'sessionConfig', null)
 8 VENDORPATH\codeigniter4\settings\src\Helpers\setting_helper.php(25): CodeIgniter\Settings\Settings->get('Auth.sessionConfig')
 9 VENDORPATH\codeigniter4\shield\src\Authentication\Authenticators\Session.php(685): setting('Auth.sessionConfig')
10 VENDORPATH\codeigniter4\shield\src\Authentication\Authenticators\Session.php(703): CodeIgniter\Shield\Authentication\Authenticators\Session->getSessionUserInfo()
11 VENDORPATH\codeigniter4\shield\src\Authentication\Authenticators\Session.php(390): CodeIgniter\Shield\Authentication\Authenticators\Session->getSessionUserKey('id')
12 VENDORPATH\codeigniter4\shield\src\Authentication\Authenticators\Session.php(374): CodeIgniter\Shield\Authentication\Authenticators\Session->checkUserState()
13 VENDORPATH\codeigniter4\shield\src\Auth.php(191): CodeIgniter\Shield\Authentication\Authenticators\Session->loggedIn()
14 VENDORPATH\codeigniter4\shield\src\Collectors\Auth.php(76): CodeIgniter\Shield\Auth->__call('loggedIn', [])
15 SYSTEMPATH\Debug\Toolbar\Collectors\BaseCollector.php(228): CodeIgniter\Shield\Collectors\Auth->display()
16 SYSTEMPATH\Debug\Toolbar.php(95): CodeIgniter\Debug\Toolbar\Collectors\BaseCollector->getAsArray()
17 SYSTEMPATH\Debug\Toolbar.php(390): CodeIgniter\Debug\Toolbar->run(1747715072.8868, 0.0468, Object(CodeIgniter\HTTP\IncomingRequest), Object(CodeIgniter\HTTP\Response))
18 SYSTEMPATH\Filters\DebugToolbar.php(44): CodeIgniter\Debug\Toolbar->prepare(Object(CodeIgniter\HTTP\IncomingRequest), Object(CodeIgniter\HTTP\Response))
19 SYSTEMPATH\Filters\Filters.php(278): CodeIgniter\Filters\DebugToolbar->after(Object(CodeIgniter\HTTP\IncomingRequest), Object(CodeIgniter\HTTP\Response), null)
20 SYSTEMPATH\Filters\Filters.php(364): CodeIgniter\Filters\Filters->runAfter([...])
21 SYSTEMPATH\CodeIgniter.php(407): CodeIgniter\Filters\Filters->runRequired('after')
22 SYSTEMPATH\CodeIgniter.php(368): CodeIgniter\CodeIgniter->runRequiredAfterFilters(Object(CodeIgniter\Filters\Filters))
23 SYSTEMPATH\Boot.php(334): CodeIgniter\CodeIgniter->run()
24 SYSTEMPATH\Boot.php(67): CodeIgniter\Boot::runCodeIgniter(Object(CodeIgniter\CodeIgniter))
25 FCPATH\index.php(59): CodeIgniter\Boot::bootWeb(Object(Config\Paths))
ERROR - 2025-05-20 04:24:33 --> mysqli_sql_exception: Table 'saiyoojyam.saiyoojyam_settings' doesn't exist in C:\xampp\htdocs\saiyoojyam\system\Database\MySQLi\Connection.php:327
Stack trace:
#0 C:\xampp\htdocs\saiyoojyam\system\Database\MySQLi\Connection.php(327): mysqli->query('SELECT *\nFROM `...', 0)
#1 C:\xampp\htdocs\saiyoojyam\system\Database\BaseConnection.php(738): CodeIgniter\Database\MySQLi\Connection->execute('SELECT *\nFROM `...')
#2 C:\xampp\htdocs\saiyoojyam\system\Database\BaseConnection.php(652): CodeIgniter\Database\BaseConnection->simpleQuery('SELECT *\nFROM `...')
#3 C:\xampp\htdocs\saiyoojyam\system\Database\BaseBuilder.php(1649): CodeIgniter\Database\BaseConnection->query('SELECT *\nFROM `...', Array, false)
#4 C:\xampp\htdocs\saiyoojyam\vendor\codeigniter4\settings\src\Handlers\DatabaseHandler.php(186): CodeIgniter\Database\BaseBuilder->get()
#5 C:\xampp\htdocs\saiyoojyam\vendor\codeigniter4\settings\src\Handlers\DatabaseHandler.php(51): CodeIgniter\Settings\Handlers\DatabaseHandler->hydrate(NULL)
#6 C:\xampp\htdocs\saiyoojyam\vendor\codeigniter4\settings\src\Settings.php(59): CodeIgniter\Settings\Handlers\DatabaseHandler->has('Config\\Auth', 'sessionConfig', NULL)
#7 C:\xampp\htdocs\saiyoojyam\vendor\codeigniter4\settings\src\Helpers\setting_helper.php(25): CodeIgniter\Settings\Settings->get('Auth.sessionCon...')
#8 C:\xampp\htdocs\saiyoojyam\vendor\codeigniter4\shield\src\Authentication\Authenticators\Session.php(685): setting('Auth.sessionCon...')
#9 C:\xampp\htdocs\saiyoojyam\vendor\codeigniter4\shield\src\Authentication\Authenticators\Session.php(703): CodeIgniter\Shield\Authentication\Authenticators\Session->getSessionUserInfo()
#10 C:\xampp\htdocs\saiyoojyam\vendor\codeigniter4\shield\src\Authentication\Authenticators\Session.php(390): CodeIgniter\Shield\Authentication\Authenticators\Session->getSessionUserKey('id')
#11 C:\xampp\htdocs\saiyoojyam\vendor\codeigniter4\shield\src\Authentication\Authenticators\Session.php(374): CodeIgniter\Shield\Authentication\Authenticators\Session->checkUserState()
#12 C:\xampp\htdocs\saiyoojyam\vendor\codeigniter4\shield\src\Auth.php(191): CodeIgniter\Shield\Authentication\Authenticators\Session->loggedIn()
#13 C:\xampp\htdocs\saiyoojyam\vendor\codeigniter4\shield\src\Collectors\Auth.php(76): CodeIgniter\Shield\Auth->__call('loggedIn', Array)
#14 C:\xampp\htdocs\saiyoojyam\system\Debug\Toolbar\Collectors\BaseCollector.php(228): CodeIgniter\Shield\Collectors\Auth->display()
#15 C:\xampp\htdocs\saiyoojyam\system\Debug\Toolbar.php(95): CodeIgniter\Debug\Toolbar\Collectors\BaseCollector->getAsArray()
#16 C:\xampp\htdocs\saiyoojyam\system\Debug\Toolbar.php(390): CodeIgniter\Debug\Toolbar->run(1747715073.3063, 0.0427, Object(CodeIgniter\HTTP\IncomingRequest), Object(CodeIgniter\HTTP\Response))
#17 C:\xampp\htdocs\saiyoojyam\system\Filters\DebugToolbar.php(44): CodeIgniter\Debug\Toolbar->prepare(Object(CodeIgniter\HTTP\IncomingRequest), Object(CodeIgniter\HTTP\Response))
#18 C:\xampp\htdocs\saiyoojyam\system\Filters\Filters.php(278): CodeIgniter\Filters\DebugToolbar->after(Object(CodeIgniter\HTTP\IncomingRequest), Object(CodeIgniter\HTTP\Response), NULL)
#19 C:\xampp\htdocs\saiyoojyam\system\Filters\Filters.php(364): CodeIgniter\Filters\Filters->runAfter(Array)
#20 C:\xampp\htdocs\saiyoojyam\system\CodeIgniter.php(407): CodeIgniter\Filters\Filters->runRequired('after')
#21 C:\xampp\htdocs\saiyoojyam\system\CodeIgniter.php(368): CodeIgniter\CodeIgniter->runRequiredAfterFilters(Object(CodeIgniter\Filters\Filters))
#22 C:\xampp\htdocs\saiyoojyam\system\Boot.php(334): CodeIgniter\CodeIgniter->run()
#23 C:\xampp\htdocs\saiyoojyam\system\Boot.php(67): CodeIgniter\Boot::runCodeIgniter(Object(CodeIgniter\CodeIgniter))
#24 C:\xampp\htdocs\saiyoojyam\public\index.php(59): CodeIgniter\Boot::bootWeb(Object(Config\Paths))
#25 {main}
CRITICAL - 2025-05-20 04:24:33 --> CodeIgniter\Database\Exceptions\DatabaseException: Table 'saiyoojyam.saiyoojyam_settings' doesn't exist
[Method: GET, Route: Admin/RoomType]
in SYSTEMPATH\Database\BaseConnection.php on line 692.
 1 SYSTEMPATH\Database\BaseBuilder.php(1649): CodeIgniter\Database\BaseConnection->query('SELECT *
FROM `saiyoojyam_settings`
WHERE `context` IS NULL', [], false)
 2 VENDORPATH\codeigniter4\settings\src\Handlers\DatabaseHandler.php(186): CodeIgniter\Database\BaseBuilder->get()
 3 VENDORPATH\codeigniter4\settings\src\Handlers\DatabaseHandler.php(51): CodeIgniter\Settings\Handlers\DatabaseHandler->hydrate(null)
 4 VENDORPATH\codeigniter4\settings\src\Settings.php(59): CodeIgniter\Settings\Handlers\DatabaseHandler->has('Config\\Auth', 'sessionConfig', null)
 5 VENDORPATH\codeigniter4\settings\src\Helpers\setting_helper.php(25): CodeIgniter\Settings\Settings->get('Auth.sessionConfig')
 6 VENDORPATH\codeigniter4\shield\src\Authentication\Authenticators\Session.php(685): setting('Auth.sessionConfig')
 7 VENDORPATH\codeigniter4\shield\src\Authentication\Authenticators\Session.php(703): CodeIgniter\Shield\Authentication\Authenticators\Session->getSessionUserInfo()
 8 VENDORPATH\codeigniter4\shield\src\Authentication\Authenticators\Session.php(390): CodeIgniter\Shield\Authentication\Authenticators\Session->getSessionUserKey('id')
 9 VENDORPATH\codeigniter4\shield\src\Authentication\Authenticators\Session.php(374): CodeIgniter\Shield\Authentication\Authenticators\Session->checkUserState()
10 VENDORPATH\codeigniter4\shield\src\Auth.php(191): CodeIgniter\Shield\Authentication\Authenticators\Session->loggedIn()
11 VENDORPATH\codeigniter4\shield\src\Collectors\Auth.php(76): CodeIgniter\Shield\Auth->__call('loggedIn', [])
12 SYSTEMPATH\Debug\Toolbar\Collectors\BaseCollector.php(228): CodeIgniter\Shield\Collectors\Auth->display()
13 SYSTEMPATH\Debug\Toolbar.php(95): CodeIgniter\Debug\Toolbar\Collectors\BaseCollector->getAsArray()
14 SYSTEMPATH\Debug\Toolbar.php(390): CodeIgniter\Debug\Toolbar->run(1747715073.306268, 0.0427, Object(CodeIgniter\HTTP\IncomingRequest), Object(CodeIgniter\HTTP\Response))
15 SYSTEMPATH\Filters\DebugToolbar.php(44): CodeIgniter\Debug\Toolbar->prepare(Object(CodeIgniter\HTTP\IncomingRequest), Object(CodeIgniter\HTTP\Response))
16 SYSTEMPATH\Filters\Filters.php(278): CodeIgniter\Filters\DebugToolbar->after(Object(CodeIgniter\HTTP\IncomingRequest), Object(CodeIgniter\HTTP\Response), null)
17 SYSTEMPATH\Filters\Filters.php(364): CodeIgniter\Filters\Filters->runAfter([...])
18 SYSTEMPATH\CodeIgniter.php(407): CodeIgniter\Filters\Filters->runRequired('after')
19 SYSTEMPATH\CodeIgniter.php(368): CodeIgniter\CodeIgniter->runRequiredAfterFilters(Object(CodeIgniter\Filters\Filters))
20 SYSTEMPATH\Boot.php(334): CodeIgniter\CodeIgniter->run()
21 SYSTEMPATH\Boot.php(67): CodeIgniter\Boot::runCodeIgniter(Object(CodeIgniter\CodeIgniter))
22 FCPATH\index.php(59): CodeIgniter\Boot::bootWeb(Object(Config\Paths))
CRITICAL - 2025-05-20 04:24:33 --> [Caused by] CodeIgniter\Database\Exceptions\DatabaseException: Table 'saiyoojyam.saiyoojyam_settings' doesn't exist
in SYSTEMPATH\Database\MySQLi\Connection.php on line 332.
 1 SYSTEMPATH\Database\BaseConnection.php(738): CodeIgniter\Database\MySQLi\Connection->execute('SELECT *
FROM `saiyoojyam_settings`
WHERE `context` IS NULL')
 2 SYSTEMPATH\Database\BaseConnection.php(652): CodeIgniter\Database\BaseConnection->simpleQuery('SELECT *
FROM `saiyoojyam_settings`
WHERE `context` IS NULL')
 3 SYSTEMPATH\Database\BaseBuilder.php(1649): CodeIgniter\Database\BaseConnection->query('SELECT *
FROM `saiyoojyam_settings`
WHERE `context` IS NULL', [], false)
 4 VENDORPATH\codeigniter4\settings\src\Handlers\DatabaseHandler.php(186): CodeIgniter\Database\BaseBuilder->get()
 5 VENDORPATH\codeigniter4\settings\src\Handlers\DatabaseHandler.php(51): CodeIgniter\Settings\Handlers\DatabaseHandler->hydrate(null)
 6 VENDORPATH\codeigniter4\settings\src\Settings.php(59): CodeIgniter\Settings\Handlers\DatabaseHandler->has('Config\\Auth', 'sessionConfig', null)
 7 VENDORPATH\codeigniter4\settings\src\Helpers\setting_helper.php(25): CodeIgniter\Settings\Settings->get('Auth.sessionConfig')
 8 VENDORPATH\codeigniter4\shield\src\Authentication\Authenticators\Session.php(685): setting('Auth.sessionConfig')
 9 VENDORPATH\codeigniter4\shield\src\Authentication\Authenticators\Session.php(703): CodeIgniter\Shield\Authentication\Authenticators\Session->getSessionUserInfo()
10 VENDORPATH\codeigniter4\shield\src\Authentication\Authenticators\Session.php(390): CodeIgniter\Shield\Authentication\Authenticators\Session->getSessionUserKey('id')
11 VENDORPATH\codeigniter4\shield\src\Authentication\Authenticators\Session.php(374): CodeIgniter\Shield\Authentication\Authenticators\Session->checkUserState()
12 VENDORPATH\codeigniter4\shield\src\Auth.php(191): CodeIgniter\Shield\Authentication\Authenticators\Session->loggedIn()
13 VENDORPATH\codeigniter4\shield\src\Collectors\Auth.php(76): CodeIgniter\Shield\Auth->__call('loggedIn', [])
14 SYSTEMPATH\Debug\Toolbar\Collectors\BaseCollector.php(228): CodeIgniter\Shield\Collectors\Auth->display()
15 SYSTEMPATH\Debug\Toolbar.php(95): CodeIgniter\Debug\Toolbar\Collectors\BaseCollector->getAsArray()
16 SYSTEMPATH\Debug\Toolbar.php(390): CodeIgniter\Debug\Toolbar->run(1747715073.306268, 0.0427, Object(CodeIgniter\HTTP\IncomingRequest), Object(CodeIgniter\HTTP\Response))
17 SYSTEMPATH\Filters\DebugToolbar.php(44): CodeIgniter\Debug\Toolbar->prepare(Object(CodeIgniter\HTTP\IncomingRequest), Object(CodeIgniter\HTTP\Response))
18 SYSTEMPATH\Filters\Filters.php(278): CodeIgniter\Filters\DebugToolbar->after(Object(CodeIgniter\HTTP\IncomingRequest), Object(CodeIgniter\HTTP\Response), null)
19 SYSTEMPATH\Filters\Filters.php(364): CodeIgniter\Filters\Filters->runAfter([...])
20 SYSTEMPATH\CodeIgniter.php(407): CodeIgniter\Filters\Filters->runRequired('after')
21 SYSTEMPATH\CodeIgniter.php(368): CodeIgniter\CodeIgniter->runRequiredAfterFilters(Object(CodeIgniter\Filters\Filters))
22 SYSTEMPATH\Boot.php(334): CodeIgniter\CodeIgniter->run()
23 SYSTEMPATH\Boot.php(67): CodeIgniter\Boot::runCodeIgniter(Object(CodeIgniter\CodeIgniter))
24 FCPATH\index.php(59): CodeIgniter\Boot::bootWeb(Object(Config\Paths))
CRITICAL - 2025-05-20 04:24:33 --> [Caused by] mysqli_sql_exception: Table 'saiyoojyam.saiyoojyam_settings' doesn't exist
in SYSTEMPATH\Database\MySQLi\Connection.php on line 327.
 1 SYSTEMPATH\Database\MySQLi\Connection.php(327): mysqli->query('SELECT *
FROM `saiyoojyam_settings`
WHERE `context` IS NULL', 0)
 2 SYSTEMPATH\Database\BaseConnection.php(738): CodeIgniter\Database\MySQLi\Connection->execute('SELECT *
FROM `saiyoojyam_settings`
WHERE `context` IS NULL')
 3 SYSTEMPATH\Database\BaseConnection.php(652): CodeIgniter\Database\BaseConnection->simpleQuery('SELECT *
FROM `saiyoojyam_settings`
WHERE `context` IS NULL')
 4 SYSTEMPATH\Database\BaseBuilder.php(1649): CodeIgniter\Database\BaseConnection->query('SELECT *
FROM `saiyoojyam_settings`
WHERE `context` IS NULL', [], false)
 5 VENDORPATH\codeigniter4\settings\src\Handlers\DatabaseHandler.php(186): CodeIgniter\Database\BaseBuilder->get()
 6 VENDORPATH\codeigniter4\settings\src\Handlers\DatabaseHandler.php(51): CodeIgniter\Settings\Handlers\DatabaseHandler->hydrate(null)
 7 VENDORPATH\codeigniter4\settings\src\Settings.php(59): CodeIgniter\Settings\Handlers\DatabaseHandler->has('Config\\Auth', 'sessionConfig', null)
 8 VENDORPATH\codeigniter4\settings\src\Helpers\setting_helper.php(25): CodeIgniter\Settings\Settings->get('Auth.sessionConfig')
 9 VENDORPATH\codeigniter4\shield\src\Authentication\Authenticators\Session.php(685): setting('Auth.sessionConfig')
10 VENDORPATH\codeigniter4\shield\src\Authentication\Authenticators\Session.php(703): CodeIgniter\Shield\Authentication\Authenticators\Session->getSessionUserInfo()
11 VENDORPATH\codeigniter4\shield\src\Authentication\Authenticators\Session.php(390): CodeIgniter\Shield\Authentication\Authenticators\Session->getSessionUserKey('id')
12 VENDORPATH\codeigniter4\shield\src\Authentication\Authenticators\Session.php(374): CodeIgniter\Shield\Authentication\Authenticators\Session->checkUserState()
13 VENDORPATH\codeigniter4\shield\src\Auth.php(191): CodeIgniter\Shield\Authentication\Authenticators\Session->loggedIn()
14 VENDORPATH\codeigniter4\shield\src\Collectors\Auth.php(76): CodeIgniter\Shield\Auth->__call('loggedIn', [])
15 SYSTEMPATH\Debug\Toolbar\Collectors\BaseCollector.php(228): CodeIgniter\Shield\Collectors\Auth->display()
16 SYSTEMPATH\Debug\Toolbar.php(95): CodeIgniter\Debug\Toolbar\Collectors\BaseCollector->getAsArray()
17 SYSTEMPATH\Debug\Toolbar.php(390): CodeIgniter\Debug\Toolbar->run(1747715073.306268, 0.0427, Object(CodeIgniter\HTTP\IncomingRequest), Object(CodeIgniter\HTTP\Response))
18 SYSTEMPATH\Filters\DebugToolbar.php(44): CodeIgniter\Debug\Toolbar->prepare(Object(CodeIgniter\HTTP\IncomingRequest), Object(CodeIgniter\HTTP\Response))
19 SYSTEMPATH\Filters\Filters.php(278): CodeIgniter\Filters\DebugToolbar->after(Object(CodeIgniter\HTTP\IncomingRequest), Object(CodeIgniter\HTTP\Response), null)
20 SYSTEMPATH\Filters\Filters.php(364): CodeIgniter\Filters\Filters->runAfter([...])
21 SYSTEMPATH\CodeIgniter.php(407): CodeIgniter\Filters\Filters->runRequired('after')
22 SYSTEMPATH\CodeIgniter.php(368): CodeIgniter\CodeIgniter->runRequiredAfterFilters(Object(CodeIgniter\Filters\Filters))
23 SYSTEMPATH\Boot.php(334): CodeIgniter\CodeIgniter->run()
24 SYSTEMPATH\Boot.php(67): CodeIgniter\Boot::runCodeIgniter(Object(CodeIgniter\CodeIgniter))
25 FCPATH\index.php(59): CodeIgniter\Boot::bootWeb(Object(Config\Paths))
ERROR - 2025-05-20 04:25:52 --> mysqli_sql_exception: Table 'saiyoojyam.saiyoojyam_settings' doesn't exist in C:\xampp\htdocs\saiyoojyam\system\Database\MySQLi\Connection.php:327
Stack trace:
#0 C:\xampp\htdocs\saiyoojyam\system\Database\MySQLi\Connection.php(327): mysqli->query('SELECT *\nFROM `...', 0)
#1 C:\xampp\htdocs\saiyoojyam\system\Database\BaseConnection.php(738): CodeIgniter\Database\MySQLi\Connection->execute('SELECT *\nFROM `...')
#2 C:\xampp\htdocs\saiyoojyam\system\Database\BaseConnection.php(652): CodeIgniter\Database\BaseConnection->simpleQuery('SELECT *\nFROM `...')
#3 C:\xampp\htdocs\saiyoojyam\system\Database\BaseBuilder.php(1649): CodeIgniter\Database\BaseConnection->query('SELECT *\nFROM `...', Array, false)
#4 C:\xampp\htdocs\saiyoojyam\vendor\codeigniter4\settings\src\Handlers\DatabaseHandler.php(186): CodeIgniter\Database\BaseBuilder->get()
#5 C:\xampp\htdocs\saiyoojyam\vendor\codeigniter4\settings\src\Handlers\DatabaseHandler.php(51): CodeIgniter\Settings\Handlers\DatabaseHandler->hydrate(NULL)
#6 C:\xampp\htdocs\saiyoojyam\vendor\codeigniter4\settings\src\Settings.php(59): CodeIgniter\Settings\Handlers\DatabaseHandler->has('Config\\Auth', 'sessionConfig', NULL)
#7 C:\xampp\htdocs\saiyoojyam\vendor\codeigniter4\settings\src\Helpers\setting_helper.php(25): CodeIgniter\Settings\Settings->get('Auth.sessionCon...')
#8 C:\xampp\htdocs\saiyoojyam\vendor\codeigniter4\shield\src\Authentication\Authenticators\Session.php(685): setting('Auth.sessionCon...')
#9 C:\xampp\htdocs\saiyoojyam\vendor\codeigniter4\shield\src\Authentication\Authenticators\Session.php(703): CodeIgniter\Shield\Authentication\Authenticators\Session->getSessionUserInfo()
#10 C:\xampp\htdocs\saiyoojyam\vendor\codeigniter4\shield\src\Authentication\Authenticators\Session.php(390): CodeIgniter\Shield\Authentication\Authenticators\Session->getSessionUserKey('id')
#11 C:\xampp\htdocs\saiyoojyam\vendor\codeigniter4\shield\src\Authentication\Authenticators\Session.php(374): CodeIgniter\Shield\Authentication\Authenticators\Session->checkUserState()
#12 C:\xampp\htdocs\saiyoojyam\vendor\codeigniter4\shield\src\Auth.php(191): CodeIgniter\Shield\Authentication\Authenticators\Session->loggedIn()
#13 C:\xampp\htdocs\saiyoojyam\vendor\codeigniter4\shield\src\Collectors\Auth.php(76): CodeIgniter\Shield\Auth->__call('loggedIn', Array)
#14 C:\xampp\htdocs\saiyoojyam\system\Debug\Toolbar\Collectors\BaseCollector.php(228): CodeIgniter\Shield\Collectors\Auth->display()
#15 C:\xampp\htdocs\saiyoojyam\system\Debug\Toolbar.php(95): CodeIgniter\Debug\Toolbar\Collectors\BaseCollector->getAsArray()
#16 C:\xampp\htdocs\saiyoojyam\system\Debug\Toolbar.php(390): CodeIgniter\Debug\Toolbar->run(1747715151.9875, 0.0431, Object(CodeIgniter\HTTP\IncomingRequest), Object(CodeIgniter\HTTP\Response))
#17 C:\xampp\htdocs\saiyoojyam\system\Filters\DebugToolbar.php(44): CodeIgniter\Debug\Toolbar->prepare(Object(CodeIgniter\HTTP\IncomingRequest), Object(CodeIgniter\HTTP\Response))
#18 C:\xampp\htdocs\saiyoojyam\system\Filters\Filters.php(278): CodeIgniter\Filters\DebugToolbar->after(Object(CodeIgniter\HTTP\IncomingRequest), Object(CodeIgniter\HTTP\Response), NULL)
#19 C:\xampp\htdocs\saiyoojyam\system\Filters\Filters.php(364): CodeIgniter\Filters\Filters->runAfter(Array)
#20 C:\xampp\htdocs\saiyoojyam\system\CodeIgniter.php(407): CodeIgniter\Filters\Filters->runRequired('after')
#21 C:\xampp\htdocs\saiyoojyam\system\CodeIgniter.php(368): CodeIgniter\CodeIgniter->runRequiredAfterFilters(Object(CodeIgniter\Filters\Filters))
#22 C:\xampp\htdocs\saiyoojyam\system\Boot.php(334): CodeIgniter\CodeIgniter->run()
#23 C:\xampp\htdocs\saiyoojyam\system\Boot.php(67): CodeIgniter\Boot::runCodeIgniter(Object(CodeIgniter\CodeIgniter))
#24 C:\xampp\htdocs\saiyoojyam\public\index.php(59): CodeIgniter\Boot::bootWeb(Object(Config\Paths))
#25 {main}
CRITICAL - 2025-05-20 04:25:52 --> CodeIgniter\Database\Exceptions\DatabaseException: Table 'saiyoojyam.saiyoojyam_settings' doesn't exist
[Method: GET, Route: Admin/RoomType]
in SYSTEMPATH\Database\BaseConnection.php on line 692.
 1 SYSTEMPATH\Database\BaseBuilder.php(1649): CodeIgniter\Database\BaseConnection->query('SELECT *
FROM `saiyoojyam_settings`
WHERE `context` IS NULL', [], false)
 2 VENDORPATH\codeigniter4\settings\src\Handlers\DatabaseHandler.php(186): CodeIgniter\Database\BaseBuilder->get()
 3 VENDORPATH\codeigniter4\settings\src\Handlers\DatabaseHandler.php(51): CodeIgniter\Settings\Handlers\DatabaseHandler->hydrate(null)
 4 VENDORPATH\codeigniter4\settings\src\Settings.php(59): CodeIgniter\Settings\Handlers\DatabaseHandler->has('Config\\Auth', 'sessionConfig', null)
 5 VENDORPATH\codeigniter4\settings\src\Helpers\setting_helper.php(25): CodeIgniter\Settings\Settings->get('Auth.sessionConfig')
 6 VENDORPATH\codeigniter4\shield\src\Authentication\Authenticators\Session.php(685): setting('Auth.sessionConfig')
 7 VENDORPATH\codeigniter4\shield\src\Authentication\Authenticators\Session.php(703): CodeIgniter\Shield\Authentication\Authenticators\Session->getSessionUserInfo()
 8 VENDORPATH\codeigniter4\shield\src\Authentication\Authenticators\Session.php(390): CodeIgniter\Shield\Authentication\Authenticators\Session->getSessionUserKey('id')
 9 VENDORPATH\codeigniter4\shield\src\Authentication\Authenticators\Session.php(374): CodeIgniter\Shield\Authentication\Authenticators\Session->checkUserState()
10 VENDORPATH\codeigniter4\shield\src\Auth.php(191): CodeIgniter\Shield\Authentication\Authenticators\Session->loggedIn()
11 VENDORPATH\codeigniter4\shield\src\Collectors\Auth.php(76): CodeIgniter\Shield\Auth->__call('loggedIn', [])
12 SYSTEMPATH\Debug\Toolbar\Collectors\BaseCollector.php(228): CodeIgniter\Shield\Collectors\Auth->display()
13 SYSTEMPATH\Debug\Toolbar.php(95): CodeIgniter\Debug\Toolbar\Collectors\BaseCollector->getAsArray()
14 SYSTEMPATH\Debug\Toolbar.php(390): CodeIgniter\Debug\Toolbar->run(1747715151.987507, 0.0431, Object(CodeIgniter\HTTP\IncomingRequest), Object(CodeIgniter\HTTP\Response))
15 SYSTEMPATH\Filters\DebugToolbar.php(44): CodeIgniter\Debug\Toolbar->prepare(Object(CodeIgniter\HTTP\IncomingRequest), Object(CodeIgniter\HTTP\Response))
16 SYSTEMPATH\Filters\Filters.php(278): CodeIgniter\Filters\DebugToolbar->after(Object(CodeIgniter\HTTP\IncomingRequest), Object(CodeIgniter\HTTP\Response), null)
17 SYSTEMPATH\Filters\Filters.php(364): CodeIgniter\Filters\Filters->runAfter([...])
18 SYSTEMPATH\CodeIgniter.php(407): CodeIgniter\Filters\Filters->runRequired('after')
19 SYSTEMPATH\CodeIgniter.php(368): CodeIgniter\CodeIgniter->runRequiredAfterFilters(Object(CodeIgniter\Filters\Filters))
20 SYSTEMPATH\Boot.php(334): CodeIgniter\CodeIgniter->run()
21 SYSTEMPATH\Boot.php(67): CodeIgniter\Boot::runCodeIgniter(Object(CodeIgniter\CodeIgniter))
22 FCPATH\index.php(59): CodeIgniter\Boot::bootWeb(Object(Config\Paths))
CRITICAL - 2025-05-20 04:25:52 --> [Caused by] CodeIgniter\Database\Exceptions\DatabaseException: Table 'saiyoojyam.saiyoojyam_settings' doesn't exist
in SYSTEMPATH\Database\MySQLi\Connection.php on line 332.
 1 SYSTEMPATH\Database\BaseConnection.php(738): CodeIgniter\Database\MySQLi\Connection->execute('SELECT *
FROM `saiyoojyam_settings`
WHERE `context` IS NULL')
 2 SYSTEMPATH\Database\BaseConnection.php(652): CodeIgniter\Database\BaseConnection->simpleQuery('SELECT *
FROM `saiyoojyam_settings`
WHERE `context` IS NULL')
 3 SYSTEMPATH\Database\BaseBuilder.php(1649): CodeIgniter\Database\BaseConnection->query('SELECT *
FROM `saiyoojyam_settings`
WHERE `context` IS NULL', [], false)
 4 VENDORPATH\codeigniter4\settings\src\Handlers\DatabaseHandler.php(186): CodeIgniter\Database\BaseBuilder->get()
 5 VENDORPATH\codeigniter4\settings\src\Handlers\DatabaseHandler.php(51): CodeIgniter\Settings\Handlers\DatabaseHandler->hydrate(null)
 6 VENDORPATH\codeigniter4\settings\src\Settings.php(59): CodeIgniter\Settings\Handlers\DatabaseHandler->has('Config\\Auth', 'sessionConfig', null)
 7 VENDORPATH\codeigniter4\settings\src\Helpers\setting_helper.php(25): CodeIgniter\Settings\Settings->get('Auth.sessionConfig')
 8 VENDORPATH\codeigniter4\shield\src\Authentication\Authenticators\Session.php(685): setting('Auth.sessionConfig')
 9 VENDORPATH\codeigniter4\shield\src\Authentication\Authenticators\Session.php(703): CodeIgniter\Shield\Authentication\Authenticators\Session->getSessionUserInfo()
10 VENDORPATH\codeigniter4\shield\src\Authentication\Authenticators\Session.php(390): CodeIgniter\Shield\Authentication\Authenticators\Session->getSessionUserKey('id')
11 VENDORPATH\codeigniter4\shield\src\Authentication\Authenticators\Session.php(374): CodeIgniter\Shield\Authentication\Authenticators\Session->checkUserState()
12 VENDORPATH\codeigniter4\shield\src\Auth.php(191): CodeIgniter\Shield\Authentication\Authenticators\Session->loggedIn()
13 VENDORPATH\codeigniter4\shield\src\Collectors\Auth.php(76): CodeIgniter\Shield\Auth->__call('loggedIn', [])
14 SYSTEMPATH\Debug\Toolbar\Collectors\BaseCollector.php(228): CodeIgniter\Shield\Collectors\Auth->display()
15 SYSTEMPATH\Debug\Toolbar.php(95): CodeIgniter\Debug\Toolbar\Collectors\BaseCollector->getAsArray()
16 SYSTEMPATH\Debug\Toolbar.php(390): CodeIgniter\Debug\Toolbar->run(1747715151.987507, 0.0431, Object(CodeIgniter\HTTP\IncomingRequest), Object(CodeIgniter\HTTP\Response))
17 SYSTEMPATH\Filters\DebugToolbar.php(44): CodeIgniter\Debug\Toolbar->prepare(Object(CodeIgniter\HTTP\IncomingRequest), Object(CodeIgniter\HTTP\Response))
18 SYSTEMPATH\Filters\Filters.php(278): CodeIgniter\Filters\DebugToolbar->after(Object(CodeIgniter\HTTP\IncomingRequest), Object(CodeIgniter\HTTP\Response), null)
19 SYSTEMPATH\Filters\Filters.php(364): CodeIgniter\Filters\Filters->runAfter([...])
20 SYSTEMPATH\CodeIgniter.php(407): CodeIgniter\Filters\Filters->runRequired('after')
21 SYSTEMPATH\CodeIgniter.php(368): CodeIgniter\CodeIgniter->runRequiredAfterFilters(Object(CodeIgniter\Filters\Filters))
22 SYSTEMPATH\Boot.php(334): CodeIgniter\CodeIgniter->run()
23 SYSTEMPATH\Boot.php(67): CodeIgniter\Boot::runCodeIgniter(Object(CodeIgniter\CodeIgniter))
24 FCPATH\index.php(59): CodeIgniter\Boot::bootWeb(Object(Config\Paths))
CRITICAL - 2025-05-20 04:25:52 --> [Caused by] mysqli_sql_exception: Table 'saiyoojyam.saiyoojyam_settings' doesn't exist
in SYSTEMPATH\Database\MySQLi\Connection.php on line 327.
 1 SYSTEMPATH\Database\MySQLi\Connection.php(327): mysqli->query('SELECT *
FROM `saiyoojyam_settings`
WHERE `context` IS NULL', 0)
 2 SYSTEMPATH\Database\BaseConnection.php(738): CodeIgniter\Database\MySQLi\Connection->execute('SELECT *
FROM `saiyoojyam_settings`
WHERE `context` IS NULL')
 3 SYSTEMPATH\Database\BaseConnection.php(652): CodeIgniter\Database\BaseConnection->simpleQuery('SELECT *
FROM `saiyoojyam_settings`
WHERE `context` IS NULL')
 4 SYSTEMPATH\Database\BaseBuilder.php(1649): CodeIgniter\Database\BaseConnection->query('SELECT *
FROM `saiyoojyam_settings`
WHERE `context` IS NULL', [], false)
 5 VENDORPATH\codeigniter4\settings\src\Handlers\DatabaseHandler.php(186): CodeIgniter\Database\BaseBuilder->get()
 6 VENDORPATH\codeigniter4\settings\src\Handlers\DatabaseHandler.php(51): CodeIgniter\Settings\Handlers\DatabaseHandler->hydrate(null)
 7 VENDORPATH\codeigniter4\settings\src\Settings.php(59): CodeIgniter\Settings\Handlers\DatabaseHandler->has('Config\\Auth', 'sessionConfig', null)
 8 VENDORPATH\codeigniter4\settings\src\Helpers\setting_helper.php(25): CodeIgniter\Settings\Settings->get('Auth.sessionConfig')
 9 VENDORPATH\codeigniter4\shield\src\Authentication\Authenticators\Session.php(685): setting('Auth.sessionConfig')
10 VENDORPATH\codeigniter4\shield\src\Authentication\Authenticators\Session.php(703): CodeIgniter\Shield\Authentication\Authenticators\Session->getSessionUserInfo()
11 VENDORPATH\codeigniter4\shield\src\Authentication\Authenticators\Session.php(390): CodeIgniter\Shield\Authentication\Authenticators\Session->getSessionUserKey('id')
12 VENDORPATH\codeigniter4\shield\src\Authentication\Authenticators\Session.php(374): CodeIgniter\Shield\Authentication\Authenticators\Session->checkUserState()
13 VENDORPATH\codeigniter4\shield\src\Auth.php(191): CodeIgniter\Shield\Authentication\Authenticators\Session->loggedIn()
14 VENDORPATH\codeigniter4\shield\src\Collectors\Auth.php(76): CodeIgniter\Shield\Auth->__call('loggedIn', [])
15 SYSTEMPATH\Debug\Toolbar\Collectors\BaseCollector.php(228): CodeIgniter\Shield\Collectors\Auth->display()
16 SYSTEMPATH\Debug\Toolbar.php(95): CodeIgniter\Debug\Toolbar\Collectors\BaseCollector->getAsArray()
17 SYSTEMPATH\Debug\Toolbar.php(390): CodeIgniter\Debug\Toolbar->run(1747715151.987507, 0.0431, Object(CodeIgniter\HTTP\IncomingRequest), Object(CodeIgniter\HTTP\Response))
18 SYSTEMPATH\Filters\DebugToolbar.php(44): CodeIgniter\Debug\Toolbar->prepare(Object(CodeIgniter\HTTP\IncomingRequest), Object(CodeIgniter\HTTP\Response))
19 SYSTEMPATH\Filters\Filters.php(278): CodeIgniter\Filters\DebugToolbar->after(Object(CodeIgniter\HTTP\IncomingRequest), Object(CodeIgniter\HTTP\Response), null)
20 SYSTEMPATH\Filters\Filters.php(364): CodeIgniter\Filters\Filters->runAfter([...])
21 SYSTEMPATH\CodeIgniter.php(407): CodeIgniter\Filters\Filters->runRequired('after')
22 SYSTEMPATH\CodeIgniter.php(368): CodeIgniter\CodeIgniter->runRequiredAfterFilters(Object(CodeIgniter\Filters\Filters))
23 SYSTEMPATH\Boot.php(334): CodeIgniter\CodeIgniter->run()
24 SYSTEMPATH\Boot.php(67): CodeIgniter\Boot::runCodeIgniter(Object(CodeIgniter\CodeIgniter))
25 FCPATH\index.php(59): CodeIgniter\Boot::bootWeb(Object(Config\Paths))
ERROR - 2025-05-20 04:25:52 --> mysqli_sql_exception: Table 'saiyoojyam.saiyoojyam_settings' doesn't exist in C:\xampp\htdocs\saiyoojyam\system\Database\MySQLi\Connection.php:327
Stack trace:
#0 C:\xampp\htdocs\saiyoojyam\system\Database\MySQLi\Connection.php(327): mysqli->query('SELECT *\nFROM `...', 0)
#1 C:\xampp\htdocs\saiyoojyam\system\Database\BaseConnection.php(738): CodeIgniter\Database\MySQLi\Connection->execute('SELECT *\nFROM `...')
#2 C:\xampp\htdocs\saiyoojyam\system\Database\BaseConnection.php(652): CodeIgniter\Database\BaseConnection->simpleQuery('SELECT *\nFROM `...')
#3 C:\xampp\htdocs\saiyoojyam\system\Database\BaseBuilder.php(1649): CodeIgniter\Database\BaseConnection->query('SELECT *\nFROM `...', Array, false)
#4 C:\xampp\htdocs\saiyoojyam\vendor\codeigniter4\settings\src\Handlers\DatabaseHandler.php(186): CodeIgniter\Database\BaseBuilder->get()
#5 C:\xampp\htdocs\saiyoojyam\vendor\codeigniter4\settings\src\Handlers\DatabaseHandler.php(51): CodeIgniter\Settings\Handlers\DatabaseHandler->hydrate(NULL)
#6 C:\xampp\htdocs\saiyoojyam\vendor\codeigniter4\settings\src\Settings.php(59): CodeIgniter\Settings\Handlers\DatabaseHandler->has('Config\\Auth', 'sessionConfig', NULL)
#7 C:\xampp\htdocs\saiyoojyam\vendor\codeigniter4\settings\src\Helpers\setting_helper.php(25): CodeIgniter\Settings\Settings->get('Auth.sessionCon...')
#8 C:\xampp\htdocs\saiyoojyam\vendor\codeigniter4\shield\src\Authentication\Authenticators\Session.php(685): setting('Auth.sessionCon...')
#9 C:\xampp\htdocs\saiyoojyam\vendor\codeigniter4\shield\src\Authentication\Authenticators\Session.php(703): CodeIgniter\Shield\Authentication\Authenticators\Session->getSessionUserInfo()
#10 C:\xampp\htdocs\saiyoojyam\vendor\codeigniter4\shield\src\Authentication\Authenticators\Session.php(390): CodeIgniter\Shield\Authentication\Authenticators\Session->getSessionUserKey('id')
#11 C:\xampp\htdocs\saiyoojyam\vendor\codeigniter4\shield\src\Authentication\Authenticators\Session.php(374): CodeIgniter\Shield\Authentication\Authenticators\Session->checkUserState()
#12 C:\xampp\htdocs\saiyoojyam\vendor\codeigniter4\shield\src\Auth.php(191): CodeIgniter\Shield\Authentication\Authenticators\Session->loggedIn()
#13 C:\xampp\htdocs\saiyoojyam\vendor\codeigniter4\shield\src\Collectors\Auth.php(76): CodeIgniter\Shield\Auth->__call('loggedIn', Array)
#14 C:\xampp\htdocs\saiyoojyam\system\Debug\Toolbar\Collectors\BaseCollector.php(228): CodeIgniter\Shield\Collectors\Auth->display()
#15 C:\xampp\htdocs\saiyoojyam\system\Debug\Toolbar.php(95): CodeIgniter\Debug\Toolbar\Collectors\BaseCollector->getAsArray()
#16 C:\xampp\htdocs\saiyoojyam\system\Debug\Toolbar.php(390): CodeIgniter\Debug\Toolbar->run(1747715152.6892, 0.0437, Object(CodeIgniter\HTTP\IncomingRequest), Object(CodeIgniter\HTTP\Response))
#17 C:\xampp\htdocs\saiyoojyam\system\Filters\DebugToolbar.php(44): CodeIgniter\Debug\Toolbar->prepare(Object(CodeIgniter\HTTP\IncomingRequest), Object(CodeIgniter\HTTP\Response))
#18 C:\xampp\htdocs\saiyoojyam\system\Filters\Filters.php(278): CodeIgniter\Filters\DebugToolbar->after(Object(CodeIgniter\HTTP\IncomingRequest), Object(CodeIgniter\HTTP\Response), NULL)
#19 C:\xampp\htdocs\saiyoojyam\system\Filters\Filters.php(364): CodeIgniter\Filters\Filters->runAfter(Array)
#20 C:\xampp\htdocs\saiyoojyam\system\CodeIgniter.php(407): CodeIgniter\Filters\Filters->runRequired('after')
#21 C:\xampp\htdocs\saiyoojyam\system\CodeIgniter.php(368): CodeIgniter\CodeIgniter->runRequiredAfterFilters(Object(CodeIgniter\Filters\Filters))
#22 C:\xampp\htdocs\saiyoojyam\system\Boot.php(334): CodeIgniter\CodeIgniter->run()
#23 C:\xampp\htdocs\saiyoojyam\system\Boot.php(67): CodeIgniter\Boot::runCodeIgniter(Object(CodeIgniter\CodeIgniter))
#24 C:\xampp\htdocs\saiyoojyam\public\index.php(59): CodeIgniter\Boot::bootWeb(Object(Config\Paths))
#25 {main}
CRITICAL - 2025-05-20 04:25:52 --> CodeIgniter\Database\Exceptions\DatabaseException: Table 'saiyoojyam.saiyoojyam_settings' doesn't exist
[Method: GET, Route: Admin/RoomType]
in SYSTEMPATH\Database\BaseConnection.php on line 692.
 1 SYSTEMPATH\Database\BaseBuilder.php(1649): CodeIgniter\Database\BaseConnection->query('SELECT *
FROM `saiyoojyam_settings`
WHERE `context` IS NULL', [], false)
 2 VENDORPATH\codeigniter4\settings\src\Handlers\DatabaseHandler.php(186): CodeIgniter\Database\BaseBuilder->get()
 3 VENDORPATH\codeigniter4\settings\src\Handlers\DatabaseHandler.php(51): CodeIgniter\Settings\Handlers\DatabaseHandler->hydrate(null)
 4 VENDORPATH\codeigniter4\settings\src\Settings.php(59): CodeIgniter\Settings\Handlers\DatabaseHandler->has('Config\\Auth', 'sessionConfig', null)
 5 VENDORPATH\codeigniter4\settings\src\Helpers\setting_helper.php(25): CodeIgniter\Settings\Settings->get('Auth.sessionConfig')
 6 VENDORPATH\codeigniter4\shield\src\Authentication\Authenticators\Session.php(685): setting('Auth.sessionConfig')
 7 VENDORPATH\codeigniter4\shield\src\Authentication\Authenticators\Session.php(703): CodeIgniter\Shield\Authentication\Authenticators\Session->getSessionUserInfo()
 8 VENDORPATH\codeigniter4\shield\src\Authentication\Authenticators\Session.php(390): CodeIgniter\Shield\Authentication\Authenticators\Session->getSessionUserKey('id')
 9 VENDORPATH\codeigniter4\shield\src\Authentication\Authenticators\Session.php(374): CodeIgniter\Shield\Authentication\Authenticators\Session->checkUserState()
10 VENDORPATH\codeigniter4\shield\src\Auth.php(191): CodeIgniter\Shield\Authentication\Authenticators\Session->loggedIn()
11 VENDORPATH\codeigniter4\shield\src\Collectors\Auth.php(76): CodeIgniter\Shield\Auth->__call('loggedIn', [])
12 SYSTEMPATH\Debug\Toolbar\Collectors\BaseCollector.php(228): CodeIgniter\Shield\Collectors\Auth->display()
13 SYSTEMPATH\Debug\Toolbar.php(95): CodeIgniter\Debug\Toolbar\Collectors\BaseCollector->getAsArray()
14 SYSTEMPATH\Debug\Toolbar.php(390): CodeIgniter\Debug\Toolbar->run(1747715152.68924, 0.0437, Object(CodeIgniter\HTTP\IncomingRequest), Object(CodeIgniter\HTTP\Response))
15 SYSTEMPATH\Filters\DebugToolbar.php(44): CodeIgniter\Debug\Toolbar->prepare(Object(CodeIgniter\HTTP\IncomingRequest), Object(CodeIgniter\HTTP\Response))
16 SYSTEMPATH\Filters\Filters.php(278): CodeIgniter\Filters\DebugToolbar->after(Object(CodeIgniter\HTTP\IncomingRequest), Object(CodeIgniter\HTTP\Response), null)
17 SYSTEMPATH\Filters\Filters.php(364): CodeIgniter\Filters\Filters->runAfter([...])
18 SYSTEMPATH\CodeIgniter.php(407): CodeIgniter\Filters\Filters->runRequired('after')
19 SYSTEMPATH\CodeIgniter.php(368): CodeIgniter\CodeIgniter->runRequiredAfterFilters(Object(CodeIgniter\Filters\Filters))
20 SYSTEMPATH\Boot.php(334): CodeIgniter\CodeIgniter->run()
21 SYSTEMPATH\Boot.php(67): CodeIgniter\Boot::runCodeIgniter(Object(CodeIgniter\CodeIgniter))
22 FCPATH\index.php(59): CodeIgniter\Boot::bootWeb(Object(Config\Paths))
CRITICAL - 2025-05-20 04:25:52 --> [Caused by] CodeIgniter\Database\Exceptions\DatabaseException: Table 'saiyoojyam.saiyoojyam_settings' doesn't exist
in SYSTEMPATH\Database\MySQLi\Connection.php on line 332.
 1 SYSTEMPATH\Database\BaseConnection.php(738): CodeIgniter\Database\MySQLi\Connection->execute('SELECT *
FROM `saiyoojyam_settings`
WHERE `context` IS NULL')
 2 SYSTEMPATH\Database\BaseConnection.php(652): CodeIgniter\Database\BaseConnection->simpleQuery('SELECT *
FROM `saiyoojyam_settings`
WHERE `context` IS NULL')
 3 SYSTEMPATH\Database\BaseBuilder.php(1649): CodeIgniter\Database\BaseConnection->query('SELECT *
FROM `saiyoojyam_settings`
WHERE `context` IS NULL', [], false)
 4 VENDORPATH\codeigniter4\settings\src\Handlers\DatabaseHandler.php(186): CodeIgniter\Database\BaseBuilder->get()
 5 VENDORPATH\codeigniter4\settings\src\Handlers\DatabaseHandler.php(51): CodeIgniter\Settings\Handlers\DatabaseHandler->hydrate(null)
 6 VENDORPATH\codeigniter4\settings\src\Settings.php(59): CodeIgniter\Settings\Handlers\DatabaseHandler->has('Config\\Auth', 'sessionConfig', null)
 7 VENDORPATH\codeigniter4\settings\src\Helpers\setting_helper.php(25): CodeIgniter\Settings\Settings->get('Auth.sessionConfig')
 8 VENDORPATH\codeigniter4\shield\src\Authentication\Authenticators\Session.php(685): setting('Auth.sessionConfig')
 9 VENDORPATH\codeigniter4\shield\src\Authentication\Authenticators\Session.php(703): CodeIgniter\Shield\Authentication\Authenticators\Session->getSessionUserInfo()
10 VENDORPATH\codeigniter4\shield\src\Authentication\Authenticators\Session.php(390): CodeIgniter\Shield\Authentication\Authenticators\Session->getSessionUserKey('id')
11 VENDORPATH\codeigniter4\shield\src\Authentication\Authenticators\Session.php(374): CodeIgniter\Shield\Authentication\Authenticators\Session->checkUserState()
12 VENDORPATH\codeigniter4\shield\src\Auth.php(191): CodeIgniter\Shield\Authentication\Authenticators\Session->loggedIn()
13 VENDORPATH\codeigniter4\shield\src\Collectors\Auth.php(76): CodeIgniter\Shield\Auth->__call('loggedIn', [])
14 SYSTEMPATH\Debug\Toolbar\Collectors\BaseCollector.php(228): CodeIgniter\Shield\Collectors\Auth->display()
15 SYSTEMPATH\Debug\Toolbar.php(95): CodeIgniter\Debug\Toolbar\Collectors\BaseCollector->getAsArray()
16 SYSTEMPATH\Debug\Toolbar.php(390): CodeIgniter\Debug\Toolbar->run(1747715152.68924, 0.0437, Object(CodeIgniter\HTTP\IncomingRequest), Object(CodeIgniter\HTTP\Response))
17 SYSTEMPATH\Filters\DebugToolbar.php(44): CodeIgniter\Debug\Toolbar->prepare(Object(CodeIgniter\HTTP\IncomingRequest), Object(CodeIgniter\HTTP\Response))
18 SYSTEMPATH\Filters\Filters.php(278): CodeIgniter\Filters\DebugToolbar->after(Object(CodeIgniter\HTTP\IncomingRequest), Object(CodeIgniter\HTTP\Response), null)
19 SYSTEMPATH\Filters\Filters.php(364): CodeIgniter\Filters\Filters->runAfter([...])
20 SYSTEMPATH\CodeIgniter.php(407): CodeIgniter\Filters\Filters->runRequired('after')
21 SYSTEMPATH\CodeIgniter.php(368): CodeIgniter\CodeIgniter->runRequiredAfterFilters(Object(CodeIgniter\Filters\Filters))
22 SYSTEMPATH\Boot.php(334): CodeIgniter\CodeIgniter->run()
23 SYSTEMPATH\Boot.php(67): CodeIgniter\Boot::runCodeIgniter(Object(CodeIgniter\CodeIgniter))
24 FCPATH\index.php(59): CodeIgniter\Boot::bootWeb(Object(Config\Paths))
CRITICAL - 2025-05-20 04:25:52 --> [Caused by] mysqli_sql_exception: Table 'saiyoojyam.saiyoojyam_settings' doesn't exist
in SYSTEMPATH\Database\MySQLi\Connection.php on line 327.
 1 SYSTEMPATH\Database\MySQLi\Connection.php(327): mysqli->query('SELECT *
FROM `saiyoojyam_settings`
WHERE `context` IS NULL', 0)
 2 SYSTEMPATH\Database\BaseConnection.php(738): CodeIgniter\Database\MySQLi\Connection->execute('SELECT *
FROM `saiyoojyam_settings`
WHERE `context` IS NULL')
 3 SYSTEMPATH\Database\BaseConnection.php(652): CodeIgniter\Database\BaseConnection->simpleQuery('SELECT *
FROM `saiyoojyam_settings`
WHERE `context` IS NULL')
 4 SYSTEMPATH\Database\BaseBuilder.php(1649): CodeIgniter\Database\BaseConnection->query('SELECT *
FROM `saiyoojyam_settings`
WHERE `context` IS NULL', [], false)
 5 VENDORPATH\codeigniter4\settings\src\Handlers\DatabaseHandler.php(186): CodeIgniter\Database\BaseBuilder->get()
 6 VENDORPATH\codeigniter4\settings\src\Handlers\DatabaseHandler.php(51): CodeIgniter\Settings\Handlers\DatabaseHandler->hydrate(null)
 7 VENDORPATH\codeigniter4\settings\src\Settings.php(59): CodeIgniter\Settings\Handlers\DatabaseHandler->has('Config\\Auth', 'sessionConfig', null)
 8 VENDORPATH\codeigniter4\settings\src\Helpers\setting_helper.php(25): CodeIgniter\Settings\Settings->get('Auth.sessionConfig')
 9 VENDORPATH\codeigniter4\shield\src\Authentication\Authenticators\Session.php(685): setting('Auth.sessionConfig')
10 VENDORPATH\codeigniter4\shield\src\Authentication\Authenticators\Session.php(703): CodeIgniter\Shield\Authentication\Authenticators\Session->getSessionUserInfo()
11 VENDORPATH\codeigniter4\shield\src\Authentication\Authenticators\Session.php(390): CodeIgniter\Shield\Authentication\Authenticators\Session->getSessionUserKey('id')
12 VENDORPATH\codeigniter4\shield\src\Authentication\Authenticators\Session.php(374): CodeIgniter\Shield\Authentication\Authenticators\Session->checkUserState()
13 VENDORPATH\codeigniter4\shield\src\Auth.php(191): CodeIgniter\Shield\Authentication\Authenticators\Session->loggedIn()
14 VENDORPATH\codeigniter4\shield\src\Collectors\Auth.php(76): CodeIgniter\Shield\Auth->__call('loggedIn', [])
15 SYSTEMPATH\Debug\Toolbar\Collectors\BaseCollector.php(228): CodeIgniter\Shield\Collectors\Auth->display()
16 SYSTEMPATH\Debug\Toolbar.php(95): CodeIgniter\Debug\Toolbar\Collectors\BaseCollector->getAsArray()
17 SYSTEMPATH\Debug\Toolbar.php(390): CodeIgniter\Debug\Toolbar->run(1747715152.68924, 0.0437, Object(CodeIgniter\HTTP\IncomingRequest), Object(CodeIgniter\HTTP\Response))
18 SYSTEMPATH\Filters\DebugToolbar.php(44): CodeIgniter\Debug\Toolbar->prepare(Object(CodeIgniter\HTTP\IncomingRequest), Object(CodeIgniter\HTTP\Response))
19 SYSTEMPATH\Filters\Filters.php(278): CodeIgniter\Filters\DebugToolbar->after(Object(CodeIgniter\HTTP\IncomingRequest), Object(CodeIgniter\HTTP\Response), null)
20 SYSTEMPATH\Filters\Filters.php(364): CodeIgniter\Filters\Filters->runAfter([...])
21 SYSTEMPATH\CodeIgniter.php(407): CodeIgniter\Filters\Filters->runRequired('after')
22 SYSTEMPATH\CodeIgniter.php(368): CodeIgniter\CodeIgniter->runRequiredAfterFilters(Object(CodeIgniter\Filters\Filters))
23 SYSTEMPATH\Boot.php(334): CodeIgniter\CodeIgniter->run()
24 SYSTEMPATH\Boot.php(67): CodeIgniter\Boot::runCodeIgniter(Object(CodeIgniter\CodeIgniter))
25 FCPATH\index.php(59): CodeIgniter\Boot::bootWeb(Object(Config\Paths))
ERROR - 2025-05-20 04:25:52 --> mysqli_sql_exception: Table 'saiyoojyam.saiyoojyam_settings' doesn't exist in C:\xampp\htdocs\saiyoojyam\system\Database\MySQLi\Connection.php:327
Stack trace:
#0 C:\xampp\htdocs\saiyoojyam\system\Database\MySQLi\Connection.php(327): mysqli->query('SELECT *\nFROM `...', 0)
#1 C:\xampp\htdocs\saiyoojyam\system\Database\BaseConnection.php(738): CodeIgniter\Database\MySQLi\Connection->execute('SELECT *\nFROM `...')
#2 C:\xampp\htdocs\saiyoojyam\system\Database\BaseConnection.php(652): CodeIgniter\Database\BaseConnection->simpleQuery('SELECT *\nFROM `...')
#3 C:\xampp\htdocs\saiyoojyam\system\Database\BaseBuilder.php(1649): CodeIgniter\Database\BaseConnection->query('SELECT *\nFROM `...', Array, false)
#4 C:\xampp\htdocs\saiyoojyam\vendor\codeigniter4\settings\src\Handlers\DatabaseHandler.php(186): CodeIgniter\Database\BaseBuilder->get()
#5 C:\xampp\htdocs\saiyoojyam\vendor\codeigniter4\settings\src\Handlers\DatabaseHandler.php(51): CodeIgniter\Settings\Handlers\DatabaseHandler->hydrate(NULL)
#6 C:\xampp\htdocs\saiyoojyam\vendor\codeigniter4\settings\src\Settings.php(59): CodeIgniter\Settings\Handlers\DatabaseHandler->has('Config\\Auth', 'sessionConfig', NULL)
#7 C:\xampp\htdocs\saiyoojyam\vendor\codeigniter4\settings\src\Helpers\setting_helper.php(25): CodeIgniter\Settings\Settings->get('Auth.sessionCon...')
#8 C:\xampp\htdocs\saiyoojyam\vendor\codeigniter4\shield\src\Authentication\Authenticators\Session.php(685): setting('Auth.sessionCon...')
#9 C:\xampp\htdocs\saiyoojyam\vendor\codeigniter4\shield\src\Authentication\Authenticators\Session.php(703): CodeIgniter\Shield\Authentication\Authenticators\Session->getSessionUserInfo()
#10 C:\xampp\htdocs\saiyoojyam\vendor\codeigniter4\shield\src\Authentication\Authenticators\Session.php(390): CodeIgniter\Shield\Authentication\Authenticators\Session->getSessionUserKey('id')
#11 C:\xampp\htdocs\saiyoojyam\vendor\codeigniter4\shield\src\Authentication\Authenticators\Session.php(374): CodeIgniter\Shield\Authentication\Authenticators\Session->checkUserState()
#12 C:\xampp\htdocs\saiyoojyam\vendor\codeigniter4\shield\src\Auth.php(191): CodeIgniter\Shield\Authentication\Authenticators\Session->loggedIn()
#13 C:\xampp\htdocs\saiyoojyam\vendor\codeigniter4\shield\src\Collectors\Auth.php(76): CodeIgniter\Shield\Auth->__call('loggedIn', Array)
#14 C:\xampp\htdocs\saiyoojyam\system\Debug\Toolbar\Collectors\BaseCollector.php(228): CodeIgniter\Shield\Collectors\Auth->display()
#15 C:\xampp\htdocs\saiyoojyam\system\Debug\Toolbar.php(95): CodeIgniter\Debug\Toolbar\Collectors\BaseCollector->getAsArray()
#16 C:\xampp\htdocs\saiyoojyam\system\Debug\Toolbar.php(390): CodeIgniter\Debug\Toolbar->run(1747715152.8961, 0.048, Object(CodeIgniter\HTTP\IncomingRequest), Object(CodeIgniter\HTTP\Response))
#17 C:\xampp\htdocs\saiyoojyam\system\Filters\DebugToolbar.php(44): CodeIgniter\Debug\Toolbar->prepare(Object(CodeIgniter\HTTP\IncomingRequest), Object(CodeIgniter\HTTP\Response))
#18 C:\xampp\htdocs\saiyoojyam\system\Filters\Filters.php(278): CodeIgniter\Filters\DebugToolbar->after(Object(CodeIgniter\HTTP\IncomingRequest), Object(CodeIgniter\HTTP\Response), NULL)
#19 C:\xampp\htdocs\saiyoojyam\system\Filters\Filters.php(364): CodeIgniter\Filters\Filters->runAfter(Array)
#20 C:\xampp\htdocs\saiyoojyam\system\CodeIgniter.php(407): CodeIgniter\Filters\Filters->runRequired('after')
#21 C:\xampp\htdocs\saiyoojyam\system\CodeIgniter.php(368): CodeIgniter\CodeIgniter->runRequiredAfterFilters(Object(CodeIgniter\Filters\Filters))
#22 C:\xampp\htdocs\saiyoojyam\system\Boot.php(334): CodeIgniter\CodeIgniter->run()
#23 C:\xampp\htdocs\saiyoojyam\system\Boot.php(67): CodeIgniter\Boot::runCodeIgniter(Object(CodeIgniter\CodeIgniter))
#24 C:\xampp\htdocs\saiyoojyam\public\index.php(59): CodeIgniter\Boot::bootWeb(Object(Config\Paths))
#25 {main}
CRITICAL - 2025-05-20 04:25:52 --> CodeIgniter\Database\Exceptions\DatabaseException: Table 'saiyoojyam.saiyoojyam_settings' doesn't exist
[Method: GET, Route: Admin/RoomType]
in SYSTEMPATH\Database\BaseConnection.php on line 692.
 1 SYSTEMPATH\Database\BaseBuilder.php(1649): CodeIgniter\Database\BaseConnection->query('SELECT *
FROM `saiyoojyam_settings`
WHERE `context` IS NULL', [], false)
 2 VENDORPATH\codeigniter4\settings\src\Handlers\DatabaseHandler.php(186): CodeIgniter\Database\BaseBuilder->get()
 3 VENDORPATH\codeigniter4\settings\src\Handlers\DatabaseHandler.php(51): CodeIgniter\Settings\Handlers\DatabaseHandler->hydrate(null)
 4 VENDORPATH\codeigniter4\settings\src\Settings.php(59): CodeIgniter\Settings\Handlers\DatabaseHandler->has('Config\\Auth', 'sessionConfig', null)
 5 VENDORPATH\codeigniter4\settings\src\Helpers\setting_helper.php(25): CodeIgniter\Settings\Settings->get('Auth.sessionConfig')
 6 VENDORPATH\codeigniter4\shield\src\Authentication\Authenticators\Session.php(685): setting('Auth.sessionConfig')
 7 VENDORPATH\codeigniter4\shield\src\Authentication\Authenticators\Session.php(703): CodeIgniter\Shield\Authentication\Authenticators\Session->getSessionUserInfo()
 8 VENDORPATH\codeigniter4\shield\src\Authentication\Authenticators\Session.php(390): CodeIgniter\Shield\Authentication\Authenticators\Session->getSessionUserKey('id')
 9 VENDORPATH\codeigniter4\shield\src\Authentication\Authenticators\Session.php(374): CodeIgniter\Shield\Authentication\Authenticators\Session->checkUserState()
10 VENDORPATH\codeigniter4\shield\src\Auth.php(191): CodeIgniter\Shield\Authentication\Authenticators\Session->loggedIn()
11 VENDORPATH\codeigniter4\shield\src\Collectors\Auth.php(76): CodeIgniter\Shield\Auth->__call('loggedIn', [])
12 SYSTEMPATH\Debug\Toolbar\Collectors\BaseCollector.php(228): CodeIgniter\Shield\Collectors\Auth->display()
13 SYSTEMPATH\Debug\Toolbar.php(95): CodeIgniter\Debug\Toolbar\Collectors\BaseCollector->getAsArray()
14 SYSTEMPATH\Debug\Toolbar.php(390): CodeIgniter\Debug\Toolbar->run(1747715152.896074, 0.048, Object(CodeIgniter\HTTP\IncomingRequest), Object(CodeIgniter\HTTP\Response))
15 SYSTEMPATH\Filters\DebugToolbar.php(44): CodeIgniter\Debug\Toolbar->prepare(Object(CodeIgniter\HTTP\IncomingRequest), Object(CodeIgniter\HTTP\Response))
16 SYSTEMPATH\Filters\Filters.php(278): CodeIgniter\Filters\DebugToolbar->after(Object(CodeIgniter\HTTP\IncomingRequest), Object(CodeIgniter\HTTP\Response), null)
17 SYSTEMPATH\Filters\Filters.php(364): CodeIgniter\Filters\Filters->runAfter([...])
18 SYSTEMPATH\CodeIgniter.php(407): CodeIgniter\Filters\Filters->runRequired('after')
19 SYSTEMPATH\CodeIgniter.php(368): CodeIgniter\CodeIgniter->runRequiredAfterFilters(Object(CodeIgniter\Filters\Filters))
20 SYSTEMPATH\Boot.php(334): CodeIgniter\CodeIgniter->run()
21 SYSTEMPATH\Boot.php(67): CodeIgniter\Boot::runCodeIgniter(Object(CodeIgniter\CodeIgniter))
22 FCPATH\index.php(59): CodeIgniter\Boot::bootWeb(Object(Config\Paths))
CRITICAL - 2025-05-20 04:25:52 --> [Caused by] CodeIgniter\Database\Exceptions\DatabaseException: Table 'saiyoojyam.saiyoojyam_settings' doesn't exist
in SYSTEMPATH\Database\MySQLi\Connection.php on line 332.
 1 SYSTEMPATH\Database\BaseConnection.php(738): CodeIgniter\Database\MySQLi\Connection->execute('SELECT *
FROM `saiyoojyam_settings`
WHERE `context` IS NULL')
 2 SYSTEMPATH\Database\BaseConnection.php(652): CodeIgniter\Database\BaseConnection->simpleQuery('SELECT *
FROM `saiyoojyam_settings`
WHERE `context` IS NULL')
 3 SYSTEMPATH\Database\BaseBuilder.php(1649): CodeIgniter\Database\BaseConnection->query('SELECT *
FROM `saiyoojyam_settings`
WHERE `context` IS NULL', [], false)
 4 VENDORPATH\codeigniter4\settings\src\Handlers\DatabaseHandler.php(186): CodeIgniter\Database\BaseBuilder->get()
 5 VENDORPATH\codeigniter4\settings\src\Handlers\DatabaseHandler.php(51): CodeIgniter\Settings\Handlers\DatabaseHandler->hydrate(null)
 6 VENDORPATH\codeigniter4\settings\src\Settings.php(59): CodeIgniter\Settings\Handlers\DatabaseHandler->has('Config\\Auth', 'sessionConfig', null)
 7 VENDORPATH\codeigniter4\settings\src\Helpers\setting_helper.php(25): CodeIgniter\Settings\Settings->get('Auth.sessionConfig')
 8 VENDORPATH\codeigniter4\shield\src\Authentication\Authenticators\Session.php(685): setting('Auth.sessionConfig')
 9 VENDORPATH\codeigniter4\shield\src\Authentication\Authenticators\Session.php(703): CodeIgniter\Shield\Authentication\Authenticators\Session->getSessionUserInfo()
10 VENDORPATH\codeigniter4\shield\src\Authentication\Authenticators\Session.php(390): CodeIgniter\Shield\Authentication\Authenticators\Session->getSessionUserKey('id')
11 VENDORPATH\codeigniter4\shield\src\Authentication\Authenticators\Session.php(374): CodeIgniter\Shield\Authentication\Authenticators\Session->checkUserState()
12 VENDORPATH\codeigniter4\shield\src\Auth.php(191): CodeIgniter\Shield\Authentication\Authenticators\Session->loggedIn()
13 VENDORPATH\codeigniter4\shield\src\Collectors\Auth.php(76): CodeIgniter\Shield\Auth->__call('loggedIn', [])
14 SYSTEMPATH\Debug\Toolbar\Collectors\BaseCollector.php(228): CodeIgniter\Shield\Collectors\Auth->display()
15 SYSTEMPATH\Debug\Toolbar.php(95): CodeIgniter\Debug\Toolbar\Collectors\BaseCollector->getAsArray()
16 SYSTEMPATH\Debug\Toolbar.php(390): CodeIgniter\Debug\Toolbar->run(1747715152.896074, 0.048, Object(CodeIgniter\HTTP\IncomingRequest), Object(CodeIgniter\HTTP\Response))
17 SYSTEMPATH\Filters\DebugToolbar.php(44): CodeIgniter\Debug\Toolbar->prepare(Object(CodeIgniter\HTTP\IncomingRequest), Object(CodeIgniter\HTTP\Response))
18 SYSTEMPATH\Filters\Filters.php(278): CodeIgniter\Filters\DebugToolbar->after(Object(CodeIgniter\HTTP\IncomingRequest), Object(CodeIgniter\HTTP\Response), null)
19 SYSTEMPATH\Filters\Filters.php(364): CodeIgniter\Filters\Filters->runAfter([...])
20 SYSTEMPATH\CodeIgniter.php(407): CodeIgniter\Filters\Filters->runRequired('after')
21 SYSTEMPATH\CodeIgniter.php(368): CodeIgniter\CodeIgniter->runRequiredAfterFilters(Object(CodeIgniter\Filters\Filters))
22 SYSTEMPATH\Boot.php(334): CodeIgniter\CodeIgniter->run()
23 SYSTEMPATH\Boot.php(67): CodeIgniter\Boot::runCodeIgniter(Object(CodeIgniter\CodeIgniter))
24 FCPATH\index.php(59): CodeIgniter\Boot::bootWeb(Object(Config\Paths))
CRITICAL - 2025-05-20 04:25:52 --> [Caused by] mysqli_sql_exception: Table 'saiyoojyam.saiyoojyam_settings' doesn't exist
in SYSTEMPATH\Database\MySQLi\Connection.php on line 327.
 1 SYSTEMPATH\Database\MySQLi\Connection.php(327): mysqli->query('SELECT *
FROM `saiyoojyam_settings`
WHERE `context` IS NULL', 0)
 2 SYSTEMPATH\Database\BaseConnection.php(738): CodeIgniter\Database\MySQLi\Connection->execute('SELECT *
FROM `saiyoojyam_settings`
WHERE `context` IS NULL')
 3 SYSTEMPATH\Database\BaseConnection.php(652): CodeIgniter\Database\BaseConnection->simpleQuery('SELECT *
FROM `saiyoojyam_settings`
WHERE `context` IS NULL')
 4 SYSTEMPATH\Database\BaseBuilder.php(1649): CodeIgniter\Database\BaseConnection->query('SELECT *
FROM `saiyoojyam_settings`
WHERE `context` IS NULL', [], false)
 5 VENDORPATH\codeigniter4\settings\src\Handlers\DatabaseHandler.php(186): CodeIgniter\Database\BaseBuilder->get()
 6 VENDORPATH\codeigniter4\settings\src\Handlers\DatabaseHandler.php(51): CodeIgniter\Settings\Handlers\DatabaseHandler->hydrate(null)
 7 VENDORPATH\codeigniter4\settings\src\Settings.php(59): CodeIgniter\Settings\Handlers\DatabaseHandler->has('Config\\Auth', 'sessionConfig', null)
 8 VENDORPATH\codeigniter4\settings\src\Helpers\setting_helper.php(25): CodeIgniter\Settings\Settings->get('Auth.sessionConfig')
 9 VENDORPATH\codeigniter4\shield\src\Authentication\Authenticators\Session.php(685): setting('Auth.sessionConfig')
10 VENDORPATH\codeigniter4\shield\src\Authentication\Authenticators\Session.php(703): CodeIgniter\Shield\Authentication\Authenticators\Session->getSessionUserInfo()
11 VENDORPATH\codeigniter4\shield\src\Authentication\Authenticators\Session.php(390): CodeIgniter\Shield\Authentication\Authenticators\Session->getSessionUserKey('id')
12 VENDORPATH\codeigniter4\shield\src\Authentication\Authenticators\Session.php(374): CodeIgniter\Shield\Authentication\Authenticators\Session->checkUserState()
13 VENDORPATH\codeigniter4\shield\src\Auth.php(191): CodeIgniter\Shield\Authentication\Authenticators\Session->loggedIn()
14 VENDORPATH\codeigniter4\shield\src\Collectors\Auth.php(76): CodeIgniter\Shield\Auth->__call('loggedIn', [])
15 SYSTEMPATH\Debug\Toolbar\Collectors\BaseCollector.php(228): CodeIgniter\Shield\Collectors\Auth->display()
16 SYSTEMPATH\Debug\Toolbar.php(95): CodeIgniter\Debug\Toolbar\Collectors\BaseCollector->getAsArray()
17 SYSTEMPATH\Debug\Toolbar.php(390): CodeIgniter\Debug\Toolbar->run(1747715152.896074, 0.048, Object(CodeIgniter\HTTP\IncomingRequest), Object(CodeIgniter\HTTP\Response))
18 SYSTEMPATH\Filters\DebugToolbar.php(44): CodeIgniter\Debug\Toolbar->prepare(Object(CodeIgniter\HTTP\IncomingRequest), Object(CodeIgniter\HTTP\Response))
19 SYSTEMPATH\Filters\Filters.php(278): CodeIgniter\Filters\DebugToolbar->after(Object(CodeIgniter\HTTP\IncomingRequest), Object(CodeIgniter\HTTP\Response), null)
20 SYSTEMPATH\Filters\Filters.php(364): CodeIgniter\Filters\Filters->runAfter([...])
21 SYSTEMPATH\CodeIgniter.php(407): CodeIgniter\Filters\Filters->runRequired('after')
22 SYSTEMPATH\CodeIgniter.php(368): CodeIgniter\CodeIgniter->runRequiredAfterFilters(Object(CodeIgniter\Filters\Filters))
23 SYSTEMPATH\Boot.php(334): CodeIgniter\CodeIgniter->run()
24 SYSTEMPATH\Boot.php(67): CodeIgniter\Boot::runCodeIgniter(Object(CodeIgniter\CodeIgniter))
25 FCPATH\index.php(59): CodeIgniter\Boot::bootWeb(Object(Config\Paths))
ERROR - 2025-05-20 04:25:53 --> mysqli_sql_exception: Table 'saiyoojyam.saiyoojyam_settings' doesn't exist in C:\xampp\htdocs\saiyoojyam\system\Database\MySQLi\Connection.php:327
Stack trace:
#0 C:\xampp\htdocs\saiyoojyam\system\Database\MySQLi\Connection.php(327): mysqli->query('SELECT *\nFROM `...', 0)
#1 C:\xampp\htdocs\saiyoojyam\system\Database\BaseConnection.php(738): CodeIgniter\Database\MySQLi\Connection->execute('SELECT *\nFROM `...')
#2 C:\xampp\htdocs\saiyoojyam\system\Database\BaseConnection.php(652): CodeIgniter\Database\BaseConnection->simpleQuery('SELECT *\nFROM `...')
#3 C:\xampp\htdocs\saiyoojyam\system\Database\BaseBuilder.php(1649): CodeIgniter\Database\BaseConnection->query('SELECT *\nFROM `...', Array, false)
#4 C:\xampp\htdocs\saiyoojyam\vendor\codeigniter4\settings\src\Handlers\DatabaseHandler.php(186): CodeIgniter\Database\BaseBuilder->get()
#5 C:\xampp\htdocs\saiyoojyam\vendor\codeigniter4\settings\src\Handlers\DatabaseHandler.php(51): CodeIgniter\Settings\Handlers\DatabaseHandler->hydrate(NULL)
#6 C:\xampp\htdocs\saiyoojyam\vendor\codeigniter4\settings\src\Settings.php(59): CodeIgniter\Settings\Handlers\DatabaseHandler->has('Config\\Auth', 'sessionConfig', NULL)
#7 C:\xampp\htdocs\saiyoojyam\vendor\codeigniter4\settings\src\Helpers\setting_helper.php(25): CodeIgniter\Settings\Settings->get('Auth.sessionCon...')
#8 C:\xampp\htdocs\saiyoojyam\vendor\codeigniter4\shield\src\Authentication\Authenticators\Session.php(685): setting('Auth.sessionCon...')
#9 C:\xampp\htdocs\saiyoojyam\vendor\codeigniter4\shield\src\Authentication\Authenticators\Session.php(703): CodeIgniter\Shield\Authentication\Authenticators\Session->getSessionUserInfo()
#10 C:\xampp\htdocs\saiyoojyam\vendor\codeigniter4\shield\src\Authentication\Authenticators\Session.php(390): CodeIgniter\Shield\Authentication\Authenticators\Session->getSessionUserKey('id')
#11 C:\xampp\htdocs\saiyoojyam\vendor\codeigniter4\shield\src\Authentication\Authenticators\Session.php(374): CodeIgniter\Shield\Authentication\Authenticators\Session->checkUserState()
#12 C:\xampp\htdocs\saiyoojyam\vendor\codeigniter4\shield\src\Auth.php(191): CodeIgniter\Shield\Authentication\Authenticators\Session->loggedIn()
#13 C:\xampp\htdocs\saiyoojyam\vendor\codeigniter4\shield\src\Collectors\Auth.php(76): CodeIgniter\Shield\Auth->__call('loggedIn', Array)
#14 C:\xampp\htdocs\saiyoojyam\system\Debug\Toolbar\Collectors\BaseCollector.php(228): CodeIgniter\Shield\Collectors\Auth->display()
#15 C:\xampp\htdocs\saiyoojyam\system\Debug\Toolbar.php(95): CodeIgniter\Debug\Toolbar\Collectors\BaseCollector->getAsArray()
#16 C:\xampp\htdocs\saiyoojyam\system\Debug\Toolbar.php(390): CodeIgniter\Debug\Toolbar->run(1747715153.0761, 0.0423, Object(CodeIgniter\HTTP\IncomingRequest), Object(CodeIgniter\HTTP\Response))
#17 C:\xampp\htdocs\saiyoojyam\system\Filters\DebugToolbar.php(44): CodeIgniter\Debug\Toolbar->prepare(Object(CodeIgniter\HTTP\IncomingRequest), Object(CodeIgniter\HTTP\Response))
#18 C:\xampp\htdocs\saiyoojyam\system\Filters\Filters.php(278): CodeIgniter\Filters\DebugToolbar->after(Object(CodeIgniter\HTTP\IncomingRequest), Object(CodeIgniter\HTTP\Response), NULL)
#19 C:\xampp\htdocs\saiyoojyam\system\Filters\Filters.php(364): CodeIgniter\Filters\Filters->runAfter(Array)
#20 C:\xampp\htdocs\saiyoojyam\system\CodeIgniter.php(407): CodeIgniter\Filters\Filters->runRequired('after')
#21 C:\xampp\htdocs\saiyoojyam\system\CodeIgniter.php(368): CodeIgniter\CodeIgniter->runRequiredAfterFilters(Object(CodeIgniter\Filters\Filters))
#22 C:\xampp\htdocs\saiyoojyam\system\Boot.php(334): CodeIgniter\CodeIgniter->run()
#23 C:\xampp\htdocs\saiyoojyam\system\Boot.php(67): CodeIgniter\Boot::runCodeIgniter(Object(CodeIgniter\CodeIgniter))
#24 C:\xampp\htdocs\saiyoojyam\public\index.php(59): CodeIgniter\Boot::bootWeb(Object(Config\Paths))
#25 {main}
CRITICAL - 2025-05-20 04:25:53 --> CodeIgniter\Database\Exceptions\DatabaseException: Table 'saiyoojyam.saiyoojyam_settings' doesn't exist
[Method: GET, Route: Admin/RoomType]
in SYSTEMPATH\Database\BaseConnection.php on line 692.
 1 SYSTEMPATH\Database\BaseBuilder.php(1649): CodeIgniter\Database\BaseConnection->query('SELECT *
FROM `saiyoojyam_settings`
WHERE `context` IS NULL', [], false)
 2 VENDORPATH\codeigniter4\settings\src\Handlers\DatabaseHandler.php(186): CodeIgniter\Database\BaseBuilder->get()
 3 VENDORPATH\codeigniter4\settings\src\Handlers\DatabaseHandler.php(51): CodeIgniter\Settings\Handlers\DatabaseHandler->hydrate(null)
 4 VENDORPATH\codeigniter4\settings\src\Settings.php(59): CodeIgniter\Settings\Handlers\DatabaseHandler->has('Config\\Auth', 'sessionConfig', null)
 5 VENDORPATH\codeigniter4\settings\src\Helpers\setting_helper.php(25): CodeIgniter\Settings\Settings->get('Auth.sessionConfig')
 6 VENDORPATH\codeigniter4\shield\src\Authentication\Authenticators\Session.php(685): setting('Auth.sessionConfig')
 7 VENDORPATH\codeigniter4\shield\src\Authentication\Authenticators\Session.php(703): CodeIgniter\Shield\Authentication\Authenticators\Session->getSessionUserInfo()
 8 VENDORPATH\codeigniter4\shield\src\Authentication\Authenticators\Session.php(390): CodeIgniter\Shield\Authentication\Authenticators\Session->getSessionUserKey('id')
 9 VENDORPATH\codeigniter4\shield\src\Authentication\Authenticators\Session.php(374): CodeIgniter\Shield\Authentication\Authenticators\Session->checkUserState()
10 VENDORPATH\codeigniter4\shield\src\Auth.php(191): CodeIgniter\Shield\Authentication\Authenticators\Session->loggedIn()
11 VENDORPATH\codeigniter4\shield\src\Collectors\Auth.php(76): CodeIgniter\Shield\Auth->__call('loggedIn', [])
12 SYSTEMPATH\Debug\Toolbar\Collectors\BaseCollector.php(228): CodeIgniter\Shield\Collectors\Auth->display()
13 SYSTEMPATH\Debug\Toolbar.php(95): CodeIgniter\Debug\Toolbar\Collectors\BaseCollector->getAsArray()
14 SYSTEMPATH\Debug\Toolbar.php(390): CodeIgniter\Debug\Toolbar->run(1747715153.076114, 0.0423, Object(CodeIgniter\HTTP\IncomingRequest), Object(CodeIgniter\HTTP\Response))
15 SYSTEMPATH\Filters\DebugToolbar.php(44): CodeIgniter\Debug\Toolbar->prepare(Object(CodeIgniter\HTTP\IncomingRequest), Object(CodeIgniter\HTTP\Response))
16 SYSTEMPATH\Filters\Filters.php(278): CodeIgniter\Filters\DebugToolbar->after(Object(CodeIgniter\HTTP\IncomingRequest), Object(CodeIgniter\HTTP\Response), null)
17 SYSTEMPATH\Filters\Filters.php(364): CodeIgniter\Filters\Filters->runAfter([...])
18 SYSTEMPATH\CodeIgniter.php(407): CodeIgniter\Filters\Filters->runRequired('after')
19 SYSTEMPATH\CodeIgniter.php(368): CodeIgniter\CodeIgniter->runRequiredAfterFilters(Object(CodeIgniter\Filters\Filters))
20 SYSTEMPATH\Boot.php(334): CodeIgniter\CodeIgniter->run()
21 SYSTEMPATH\Boot.php(67): CodeIgniter\Boot::runCodeIgniter(Object(CodeIgniter\CodeIgniter))
22 FCPATH\index.php(59): CodeIgniter\Boot::bootWeb(Object(Config\Paths))
CRITICAL - 2025-05-20 04:25:53 --> [Caused by] CodeIgniter\Database\Exceptions\DatabaseException: Table 'saiyoojyam.saiyoojyam_settings' doesn't exist
in SYSTEMPATH\Database\MySQLi\Connection.php on line 332.
 1 SYSTEMPATH\Database\BaseConnection.php(738): CodeIgniter\Database\MySQLi\Connection->execute('SELECT *
FROM `saiyoojyam_settings`
WHERE `context` IS NULL')
 2 SYSTEMPATH\Database\BaseConnection.php(652): CodeIgniter\Database\BaseConnection->simpleQuery('SELECT *
FROM `saiyoojyam_settings`
WHERE `context` IS NULL')
 3 SYSTEMPATH\Database\BaseBuilder.php(1649): CodeIgniter\Database\BaseConnection->query('SELECT *
FROM `saiyoojyam_settings`
WHERE `context` IS NULL', [], false)
 4 VENDORPATH\codeigniter4\settings\src\Handlers\DatabaseHandler.php(186): CodeIgniter\Database\BaseBuilder->get()
 5 VENDORPATH\codeigniter4\settings\src\Handlers\DatabaseHandler.php(51): CodeIgniter\Settings\Handlers\DatabaseHandler->hydrate(null)
 6 VENDORPATH\codeigniter4\settings\src\Settings.php(59): CodeIgniter\Settings\Handlers\DatabaseHandler->has('Config\\Auth', 'sessionConfig', null)
 7 VENDORPATH\codeigniter4\settings\src\Helpers\setting_helper.php(25): CodeIgniter\Settings\Settings->get('Auth.sessionConfig')
 8 VENDORPATH\codeigniter4\shield\src\Authentication\Authenticators\Session.php(685): setting('Auth.sessionConfig')
 9 VENDORPATH\codeigniter4\shield\src\Authentication\Authenticators\Session.php(703): CodeIgniter\Shield\Authentication\Authenticators\Session->getSessionUserInfo()
10 VENDORPATH\codeigniter4\shield\src\Authentication\Authenticators\Session.php(390): CodeIgniter\Shield\Authentication\Authenticators\Session->getSessionUserKey('id')
11 VENDORPATH\codeigniter4\shield\src\Authentication\Authenticators\Session.php(374): CodeIgniter\Shield\Authentication\Authenticators\Session->checkUserState()
12 VENDORPATH\codeigniter4\shield\src\Auth.php(191): CodeIgniter\Shield\Authentication\Authenticators\Session->loggedIn()
13 VENDORPATH\codeigniter4\shield\src\Collectors\Auth.php(76): CodeIgniter\Shield\Auth->__call('loggedIn', [])
14 SYSTEMPATH\Debug\Toolbar\Collectors\BaseCollector.php(228): CodeIgniter\Shield\Collectors\Auth->display()
15 SYSTEMPATH\Debug\Toolbar.php(95): CodeIgniter\Debug\Toolbar\Collectors\BaseCollector->getAsArray()
16 SYSTEMPATH\Debug\Toolbar.php(390): CodeIgniter\Debug\Toolbar->run(1747715153.076114, 0.0423, Object(CodeIgniter\HTTP\IncomingRequest), Object(CodeIgniter\HTTP\Response))
17 SYSTEMPATH\Filters\DebugToolbar.php(44): CodeIgniter\Debug\Toolbar->prepare(Object(CodeIgniter\HTTP\IncomingRequest), Object(CodeIgniter\HTTP\Response))
18 SYSTEMPATH\Filters\Filters.php(278): CodeIgniter\Filters\DebugToolbar->after(Object(CodeIgniter\HTTP\IncomingRequest), Object(CodeIgniter\HTTP\Response), null)
19 SYSTEMPATH\Filters\Filters.php(364): CodeIgniter\Filters\Filters->runAfter([...])
20 SYSTEMPATH\CodeIgniter.php(407): CodeIgniter\Filters\Filters->runRequired('after')
21 SYSTEMPATH\CodeIgniter.php(368): CodeIgniter\CodeIgniter->runRequiredAfterFilters(Object(CodeIgniter\Filters\Filters))
22 SYSTEMPATH\Boot.php(334): CodeIgniter\CodeIgniter->run()
23 SYSTEMPATH\Boot.php(67): CodeIgniter\Boot::runCodeIgniter(Object(CodeIgniter\CodeIgniter))
24 FCPATH\index.php(59): CodeIgniter\Boot::bootWeb(Object(Config\Paths))
CRITICAL - 2025-05-20 04:25:53 --> [Caused by] mysqli_sql_exception: Table 'saiyoojyam.saiyoojyam_settings' doesn't exist
in SYSTEMPATH\Database\MySQLi\Connection.php on line 327.
 1 SYSTEMPATH\Database\MySQLi\Connection.php(327): mysqli->query('SELECT *
FROM `saiyoojyam_settings`
WHERE `context` IS NULL', 0)
 2 SYSTEMPATH\Database\BaseConnection.php(738): CodeIgniter\Database\MySQLi\Connection->execute('SELECT *
FROM `saiyoojyam_settings`
WHERE `context` IS NULL')
 3 SYSTEMPATH\Database\BaseConnection.php(652): CodeIgniter\Database\BaseConnection->simpleQuery('SELECT *
FROM `saiyoojyam_settings`
WHERE `context` IS NULL')
 4 SYSTEMPATH\Database\BaseBuilder.php(1649): CodeIgniter\Database\BaseConnection->query('SELECT *
FROM `saiyoojyam_settings`
WHERE `context` IS NULL', [], false)
 5 VENDORPATH\codeigniter4\settings\src\Handlers\DatabaseHandler.php(186): CodeIgniter\Database\BaseBuilder->get()
 6 VENDORPATH\codeigniter4\settings\src\Handlers\DatabaseHandler.php(51): CodeIgniter\Settings\Handlers\DatabaseHandler->hydrate(null)
 7 VENDORPATH\codeigniter4\settings\src\Settings.php(59): CodeIgniter\Settings\Handlers\DatabaseHandler->has('Config\\Auth', 'sessionConfig', null)
 8 VENDORPATH\codeigniter4\settings\src\Helpers\setting_helper.php(25): CodeIgniter\Settings\Settings->get('Auth.sessionConfig')
 9 VENDORPATH\codeigniter4\shield\src\Authentication\Authenticators\Session.php(685): setting('Auth.sessionConfig')
10 VENDORPATH\codeigniter4\shield\src\Authentication\Authenticators\Session.php(703): CodeIgniter\Shield\Authentication\Authenticators\Session->getSessionUserInfo()
11 VENDORPATH\codeigniter4\shield\src\Authentication\Authenticators\Session.php(390): CodeIgniter\Shield\Authentication\Authenticators\Session->getSessionUserKey('id')
12 VENDORPATH\codeigniter4\shield\src\Authentication\Authenticators\Session.php(374): CodeIgniter\Shield\Authentication\Authenticators\Session->checkUserState()
13 VENDORPATH\codeigniter4\shield\src\Auth.php(191): CodeIgniter\Shield\Authentication\Authenticators\Session->loggedIn()
14 VENDORPATH\codeigniter4\shield\src\Collectors\Auth.php(76): CodeIgniter\Shield\Auth->__call('loggedIn', [])
15 SYSTEMPATH\Debug\Toolbar\Collectors\BaseCollector.php(228): CodeIgniter\Shield\Collectors\Auth->display()
16 SYSTEMPATH\Debug\Toolbar.php(95): CodeIgniter\Debug\Toolbar\Collectors\BaseCollector->getAsArray()
17 SYSTEMPATH\Debug\Toolbar.php(390): CodeIgniter\Debug\Toolbar->run(1747715153.076114, 0.0423, Object(CodeIgniter\HTTP\IncomingRequest), Object(CodeIgniter\HTTP\Response))
18 SYSTEMPATH\Filters\DebugToolbar.php(44): CodeIgniter\Debug\Toolbar->prepare(Object(CodeIgniter\HTTP\IncomingRequest), Object(CodeIgniter\HTTP\Response))
19 SYSTEMPATH\Filters\Filters.php(278): CodeIgniter\Filters\DebugToolbar->after(Object(CodeIgniter\HTTP\IncomingRequest), Object(CodeIgniter\HTTP\Response), null)
20 SYSTEMPATH\Filters\Filters.php(364): CodeIgniter\Filters\Filters->runAfter([...])
21 SYSTEMPATH\CodeIgniter.php(407): CodeIgniter\Filters\Filters->runRequired('after')
22 SYSTEMPATH\CodeIgniter.php(368): CodeIgniter\CodeIgniter->runRequiredAfterFilters(Object(CodeIgniter\Filters\Filters))
23 SYSTEMPATH\Boot.php(334): CodeIgniter\CodeIgniter->run()
24 SYSTEMPATH\Boot.php(67): CodeIgniter\Boot::runCodeIgniter(Object(CodeIgniter\CodeIgniter))
25 FCPATH\index.php(59): CodeIgniter\Boot::bootWeb(Object(Config\Paths))
ERROR - 2025-05-20 04:25:53 --> mysqli_sql_exception: Table 'saiyoojyam.saiyoojyam_settings' doesn't exist in C:\xampp\htdocs\saiyoojyam\system\Database\MySQLi\Connection.php:327
Stack trace:
#0 C:\xampp\htdocs\saiyoojyam\system\Database\MySQLi\Connection.php(327): mysqli->query('SELECT *\nFROM `...', 0)
#1 C:\xampp\htdocs\saiyoojyam\system\Database\BaseConnection.php(738): CodeIgniter\Database\MySQLi\Connection->execute('SELECT *\nFROM `...')
#2 C:\xampp\htdocs\saiyoojyam\system\Database\BaseConnection.php(652): CodeIgniter\Database\BaseConnection->simpleQuery('SELECT *\nFROM `...')
#3 C:\xampp\htdocs\saiyoojyam\system\Database\BaseBuilder.php(1649): CodeIgniter\Database\BaseConnection->query('SELECT *\nFROM `...', Array, false)
#4 C:\xampp\htdocs\saiyoojyam\vendor\codeigniter4\settings\src\Handlers\DatabaseHandler.php(186): CodeIgniter\Database\BaseBuilder->get()
#5 C:\xampp\htdocs\saiyoojyam\vendor\codeigniter4\settings\src\Handlers\DatabaseHandler.php(51): CodeIgniter\Settings\Handlers\DatabaseHandler->hydrate(NULL)
#6 C:\xampp\htdocs\saiyoojyam\vendor\codeigniter4\settings\src\Settings.php(59): CodeIgniter\Settings\Handlers\DatabaseHandler->has('Config\\Auth', 'sessionConfig', NULL)
#7 C:\xampp\htdocs\saiyoojyam\vendor\codeigniter4\settings\src\Helpers\setting_helper.php(25): CodeIgniter\Settings\Settings->get('Auth.sessionCon...')
#8 C:\xampp\htdocs\saiyoojyam\vendor\codeigniter4\shield\src\Authentication\Authenticators\Session.php(685): setting('Auth.sessionCon...')
#9 C:\xampp\htdocs\saiyoojyam\vendor\codeigniter4\shield\src\Authentication\Authenticators\Session.php(703): CodeIgniter\Shield\Authentication\Authenticators\Session->getSessionUserInfo()
#10 C:\xampp\htdocs\saiyoojyam\vendor\codeigniter4\shield\src\Authentication\Authenticators\Session.php(390): CodeIgniter\Shield\Authentication\Authenticators\Session->getSessionUserKey('id')
#11 C:\xampp\htdocs\saiyoojyam\vendor\codeigniter4\shield\src\Authentication\Authenticators\Session.php(374): CodeIgniter\Shield\Authentication\Authenticators\Session->checkUserState()
#12 C:\xampp\htdocs\saiyoojyam\vendor\codeigniter4\shield\src\Auth.php(191): CodeIgniter\Shield\Authentication\Authenticators\Session->loggedIn()
#13 C:\xampp\htdocs\saiyoojyam\vendor\codeigniter4\shield\src\Collectors\Auth.php(76): CodeIgniter\Shield\Auth->__call('loggedIn', Array)
#14 C:\xampp\htdocs\saiyoojyam\system\Debug\Toolbar\Collectors\BaseCollector.php(228): CodeIgniter\Shield\Collectors\Auth->display()
#15 C:\xampp\htdocs\saiyoojyam\system\Debug\Toolbar.php(95): CodeIgniter\Debug\Toolbar\Collectors\BaseCollector->getAsArray()
#16 C:\xampp\htdocs\saiyoojyam\system\Debug\Toolbar.php(390): CodeIgniter\Debug\Toolbar->run(1747715153.2737, 0.0504, Object(CodeIgniter\HTTP\IncomingRequest), Object(CodeIgniter\HTTP\Response))
#17 C:\xampp\htdocs\saiyoojyam\system\Filters\DebugToolbar.php(44): CodeIgniter\Debug\Toolbar->prepare(Object(CodeIgniter\HTTP\IncomingRequest), Object(CodeIgniter\HTTP\Response))
#18 C:\xampp\htdocs\saiyoojyam\system\Filters\Filters.php(278): CodeIgniter\Filters\DebugToolbar->after(Object(CodeIgniter\HTTP\IncomingRequest), Object(CodeIgniter\HTTP\Response), NULL)
#19 C:\xampp\htdocs\saiyoojyam\system\Filters\Filters.php(364): CodeIgniter\Filters\Filters->runAfter(Array)
#20 C:\xampp\htdocs\saiyoojyam\system\CodeIgniter.php(407): CodeIgniter\Filters\Filters->runRequired('after')
#21 C:\xampp\htdocs\saiyoojyam\system\CodeIgniter.php(368): CodeIgniter\CodeIgniter->runRequiredAfterFilters(Object(CodeIgniter\Filters\Filters))
#22 C:\xampp\htdocs\saiyoojyam\system\Boot.php(334): CodeIgniter\CodeIgniter->run()
#23 C:\xampp\htdocs\saiyoojyam\system\Boot.php(67): CodeIgniter\Boot::runCodeIgniter(Object(CodeIgniter\CodeIgniter))
#24 C:\xampp\htdocs\saiyoojyam\public\index.php(59): CodeIgniter\Boot::bootWeb(Object(Config\Paths))
#25 {main}
CRITICAL - 2025-05-20 04:25:53 --> CodeIgniter\Database\Exceptions\DatabaseException: Table 'saiyoojyam.saiyoojyam_settings' doesn't exist
[Method: GET, Route: Admin/RoomType]
in SYSTEMPATH\Database\BaseConnection.php on line 692.
 1 SYSTEMPATH\Database\BaseBuilder.php(1649): CodeIgniter\Database\BaseConnection->query('SELECT *
FROM `saiyoojyam_settings`
WHERE `context` IS NULL', [], false)
 2 VENDORPATH\codeigniter4\settings\src\Handlers\DatabaseHandler.php(186): CodeIgniter\Database\BaseBuilder->get()
 3 VENDORPATH\codeigniter4\settings\src\Handlers\DatabaseHandler.php(51): CodeIgniter\Settings\Handlers\DatabaseHandler->hydrate(null)
 4 VENDORPATH\codeigniter4\settings\src\Settings.php(59): CodeIgniter\Settings\Handlers\DatabaseHandler->has('Config\\Auth', 'sessionConfig', null)
 5 VENDORPATH\codeigniter4\settings\src\Helpers\setting_helper.php(25): CodeIgniter\Settings\Settings->get('Auth.sessionConfig')
 6 VENDORPATH\codeigniter4\shield\src\Authentication\Authenticators\Session.php(685): setting('Auth.sessionConfig')
 7 VENDORPATH\codeigniter4\shield\src\Authentication\Authenticators\Session.php(703): CodeIgniter\Shield\Authentication\Authenticators\Session->getSessionUserInfo()
 8 VENDORPATH\codeigniter4\shield\src\Authentication\Authenticators\Session.php(390): CodeIgniter\Shield\Authentication\Authenticators\Session->getSessionUserKey('id')
 9 VENDORPATH\codeigniter4\shield\src\Authentication\Authenticators\Session.php(374): CodeIgniter\Shield\Authentication\Authenticators\Session->checkUserState()
10 VENDORPATH\codeigniter4\shield\src\Auth.php(191): CodeIgniter\Shield\Authentication\Authenticators\Session->loggedIn()
11 VENDORPATH\codeigniter4\shield\src\Collectors\Auth.php(76): CodeIgniter\Shield\Auth->__call('loggedIn', [])
12 SYSTEMPATH\Debug\Toolbar\Collectors\BaseCollector.php(228): CodeIgniter\Shield\Collectors\Auth->display()
13 SYSTEMPATH\Debug\Toolbar.php(95): CodeIgniter\Debug\Toolbar\Collectors\BaseCollector->getAsArray()
14 SYSTEMPATH\Debug\Toolbar.php(390): CodeIgniter\Debug\Toolbar->run(1747715153.273677, 0.0504, Object(CodeIgniter\HTTP\IncomingRequest), Object(CodeIgniter\HTTP\Response))
15 SYSTEMPATH\Filters\DebugToolbar.php(44): CodeIgniter\Debug\Toolbar->prepare(Object(CodeIgniter\HTTP\IncomingRequest), Object(CodeIgniter\HTTP\Response))
16 SYSTEMPATH\Filters\Filters.php(278): CodeIgniter\Filters\DebugToolbar->after(Object(CodeIgniter\HTTP\IncomingRequest), Object(CodeIgniter\HTTP\Response), null)
17 SYSTEMPATH\Filters\Filters.php(364): CodeIgniter\Filters\Filters->runAfter([...])
18 SYSTEMPATH\CodeIgniter.php(407): CodeIgniter\Filters\Filters->runRequired('after')
19 SYSTEMPATH\CodeIgniter.php(368): CodeIgniter\CodeIgniter->runRequiredAfterFilters(Object(CodeIgniter\Filters\Filters))
20 SYSTEMPATH\Boot.php(334): CodeIgniter\CodeIgniter->run()
21 SYSTEMPATH\Boot.php(67): CodeIgniter\Boot::runCodeIgniter(Object(CodeIgniter\CodeIgniter))
22 FCPATH\index.php(59): CodeIgniter\Boot::bootWeb(Object(Config\Paths))
CRITICAL - 2025-05-20 04:25:53 --> [Caused by] CodeIgniter\Database\Exceptions\DatabaseException: Table 'saiyoojyam.saiyoojyam_settings' doesn't exist
in SYSTEMPATH\Database\MySQLi\Connection.php on line 332.
 1 SYSTEMPATH\Database\BaseConnection.php(738): CodeIgniter\Database\MySQLi\Connection->execute('SELECT *
FROM `saiyoojyam_settings`
WHERE `context` IS NULL')
 2 SYSTEMPATH\Database\BaseConnection.php(652): CodeIgniter\Database\BaseConnection->simpleQuery('SELECT *
FROM `saiyoojyam_settings`
WHERE `context` IS NULL')
 3 SYSTEMPATH\Database\BaseBuilder.php(1649): CodeIgniter\Database\BaseConnection->query('SELECT *
FROM `saiyoojyam_settings`
WHERE `context` IS NULL', [], false)
 4 VENDORPATH\codeigniter4\settings\src\Handlers\DatabaseHandler.php(186): CodeIgniter\Database\BaseBuilder->get()
 5 VENDORPATH\codeigniter4\settings\src\Handlers\DatabaseHandler.php(51): CodeIgniter\Settings\Handlers\DatabaseHandler->hydrate(null)
 6 VENDORPATH\codeigniter4\settings\src\Settings.php(59): CodeIgniter\Settings\Handlers\DatabaseHandler->has('Config\\Auth', 'sessionConfig', null)
 7 VENDORPATH\codeigniter4\settings\src\Helpers\setting_helper.php(25): CodeIgniter\Settings\Settings->get('Auth.sessionConfig')
 8 VENDORPATH\codeigniter4\shield\src\Authentication\Authenticators\Session.php(685): setting('Auth.sessionConfig')
 9 VENDORPATH\codeigniter4\shield\src\Authentication\Authenticators\Session.php(703): CodeIgniter\Shield\Authentication\Authenticators\Session->getSessionUserInfo()
10 VENDORPATH\codeigniter4\shield\src\Authentication\Authenticators\Session.php(390): CodeIgniter\Shield\Authentication\Authenticators\Session->getSessionUserKey('id')
11 VENDORPATH\codeigniter4\shield\src\Authentication\Authenticators\Session.php(374): CodeIgniter\Shield\Authentication\Authenticators\Session->checkUserState()
12 VENDORPATH\codeigniter4\shield\src\Auth.php(191): CodeIgniter\Shield\Authentication\Authenticators\Session->loggedIn()
13 VENDORPATH\codeigniter4\shield\src\Collectors\Auth.php(76): CodeIgniter\Shield\Auth->__call('loggedIn', [])
14 SYSTEMPATH\Debug\Toolbar\Collectors\BaseCollector.php(228): CodeIgniter\Shield\Collectors\Auth->display()
15 SYSTEMPATH\Debug\Toolbar.php(95): CodeIgniter\Debug\Toolbar\Collectors\BaseCollector->getAsArray()
16 SYSTEMPATH\Debug\Toolbar.php(390): CodeIgniter\Debug\Toolbar->run(1747715153.273677, 0.0504, Object(CodeIgniter\HTTP\IncomingRequest), Object(CodeIgniter\HTTP\Response))
17 SYSTEMPATH\Filters\DebugToolbar.php(44): CodeIgniter\Debug\Toolbar->prepare(Object(CodeIgniter\HTTP\IncomingRequest), Object(CodeIgniter\HTTP\Response))
18 SYSTEMPATH\Filters\Filters.php(278): CodeIgniter\Filters\DebugToolbar->after(Object(CodeIgniter\HTTP\IncomingRequest), Object(CodeIgniter\HTTP\Response), null)
19 SYSTEMPATH\Filters\Filters.php(364): CodeIgniter\Filters\Filters->runAfter([...])
20 SYSTEMPATH\CodeIgniter.php(407): CodeIgniter\Filters\Filters->runRequired('after')
21 SYSTEMPATH\CodeIgniter.php(368): CodeIgniter\CodeIgniter->runRequiredAfterFilters(Object(CodeIgniter\Filters\Filters))
22 SYSTEMPATH\Boot.php(334): CodeIgniter\CodeIgniter->run()
23 SYSTEMPATH\Boot.php(67): CodeIgniter\Boot::runCodeIgniter(Object(CodeIgniter\CodeIgniter))
24 FCPATH\index.php(59): CodeIgniter\Boot::bootWeb(Object(Config\Paths))
CRITICAL - 2025-05-20 04:25:53 --> [Caused by] mysqli_sql_exception: Table 'saiyoojyam.saiyoojyam_settings' doesn't exist
in SYSTEMPATH\Database\MySQLi\Connection.php on line 327.
 1 SYSTEMPATH\Database\MySQLi\Connection.php(327): mysqli->query('SELECT *
FROM `saiyoojyam_settings`
WHERE `context` IS NULL', 0)
 2 SYSTEMPATH\Database\BaseConnection.php(738): CodeIgniter\Database\MySQLi\Connection->execute('SELECT *
FROM `saiyoojyam_settings`
WHERE `context` IS NULL')
 3 SYSTEMPATH\Database\BaseConnection.php(652): CodeIgniter\Database\BaseConnection->simpleQuery('SELECT *
FROM `saiyoojyam_settings`
WHERE `context` IS NULL')
 4 SYSTEMPATH\Database\BaseBuilder.php(1649): CodeIgniter\Database\BaseConnection->query('SELECT *
FROM `saiyoojyam_settings`
WHERE `context` IS NULL', [], false)
 5 VENDORPATH\codeigniter4\settings\src\Handlers\DatabaseHandler.php(186): CodeIgniter\Database\BaseBuilder->get()
 6 VENDORPATH\codeigniter4\settings\src\Handlers\DatabaseHandler.php(51): CodeIgniter\Settings\Handlers\DatabaseHandler->hydrate(null)
 7 VENDORPATH\codeigniter4\settings\src\Settings.php(59): CodeIgniter\Settings\Handlers\DatabaseHandler->has('Config\\Auth', 'sessionConfig', null)
 8 VENDORPATH\codeigniter4\settings\src\Helpers\setting_helper.php(25): CodeIgniter\Settings\Settings->get('Auth.sessionConfig')
 9 VENDORPATH\codeigniter4\shield\src\Authentication\Authenticators\Session.php(685): setting('Auth.sessionConfig')
10 VENDORPATH\codeigniter4\shield\src\Authentication\Authenticators\Session.php(703): CodeIgniter\Shield\Authentication\Authenticators\Session->getSessionUserInfo()
11 VENDORPATH\codeigniter4\shield\src\Authentication\Authenticators\Session.php(390): CodeIgniter\Shield\Authentication\Authenticators\Session->getSessionUserKey('id')
12 VENDORPATH\codeigniter4\shield\src\Authentication\Authenticators\Session.php(374): CodeIgniter\Shield\Authentication\Authenticators\Session->checkUserState()
13 VENDORPATH\codeigniter4\shield\src\Auth.php(191): CodeIgniter\Shield\Authentication\Authenticators\Session->loggedIn()
14 VENDORPATH\codeigniter4\shield\src\Collectors\Auth.php(76): CodeIgniter\Shield\Auth->__call('loggedIn', [])
15 SYSTEMPATH\Debug\Toolbar\Collectors\BaseCollector.php(228): CodeIgniter\Shield\Collectors\Auth->display()
16 SYSTEMPATH\Debug\Toolbar.php(95): CodeIgniter\Debug\Toolbar\Collectors\BaseCollector->getAsArray()
17 SYSTEMPATH\Debug\Toolbar.php(390): CodeIgniter\Debug\Toolbar->run(1747715153.273677, 0.0504, Object(CodeIgniter\HTTP\IncomingRequest), Object(CodeIgniter\HTTP\Response))
18 SYSTEMPATH\Filters\DebugToolbar.php(44): CodeIgniter\Debug\Toolbar->prepare(Object(CodeIgniter\HTTP\IncomingRequest), Object(CodeIgniter\HTTP\Response))
19 SYSTEMPATH\Filters\Filters.php(278): CodeIgniter\Filters\DebugToolbar->after(Object(CodeIgniter\HTTP\IncomingRequest), Object(CodeIgniter\HTTP\Response), null)
20 SYSTEMPATH\Filters\Filters.php(364): CodeIgniter\Filters\Filters->runAfter([...])
21 SYSTEMPATH\CodeIgniter.php(407): CodeIgniter\Filters\Filters->runRequired('after')
22 SYSTEMPATH\CodeIgniter.php(368): CodeIgniter\CodeIgniter->runRequiredAfterFilters(Object(CodeIgniter\Filters\Filters))
23 SYSTEMPATH\Boot.php(334): CodeIgniter\CodeIgniter->run()
24 SYSTEMPATH\Boot.php(67): CodeIgniter\Boot::runCodeIgniter(Object(CodeIgniter\CodeIgniter))
25 FCPATH\index.php(59): CodeIgniter\Boot::bootWeb(Object(Config\Paths))
ERROR - 2025-05-20 04:25:53 --> mysqli_sql_exception: Table 'saiyoojyam.saiyoojyam_settings' doesn't exist in C:\xampp\htdocs\saiyoojyam\system\Database\MySQLi\Connection.php:327
Stack trace:
#0 C:\xampp\htdocs\saiyoojyam\system\Database\MySQLi\Connection.php(327): mysqli->query('SELECT *\nFROM `...', 0)
#1 C:\xampp\htdocs\saiyoojyam\system\Database\BaseConnection.php(738): CodeIgniter\Database\MySQLi\Connection->execute('SELECT *\nFROM `...')
#2 C:\xampp\htdocs\saiyoojyam\system\Database\BaseConnection.php(652): CodeIgniter\Database\BaseConnection->simpleQuery('SELECT *\nFROM `...')
#3 C:\xampp\htdocs\saiyoojyam\system\Database\BaseBuilder.php(1649): CodeIgniter\Database\BaseConnection->query('SELECT *\nFROM `...', Array, false)
#4 C:\xampp\htdocs\saiyoojyam\vendor\codeigniter4\settings\src\Handlers\DatabaseHandler.php(186): CodeIgniter\Database\BaseBuilder->get()
#5 C:\xampp\htdocs\saiyoojyam\vendor\codeigniter4\settings\src\Handlers\DatabaseHandler.php(51): CodeIgniter\Settings\Handlers\DatabaseHandler->hydrate(NULL)
#6 C:\xampp\htdocs\saiyoojyam\vendor\codeigniter4\settings\src\Settings.php(59): CodeIgniter\Settings\Handlers\DatabaseHandler->has('Config\\Auth', 'sessionConfig', NULL)
#7 C:\xampp\htdocs\saiyoojyam\vendor\codeigniter4\settings\src\Helpers\setting_helper.php(25): CodeIgniter\Settings\Settings->get('Auth.sessionCon...')
#8 C:\xampp\htdocs\saiyoojyam\vendor\codeigniter4\shield\src\Authentication\Authenticators\Session.php(685): setting('Auth.sessionCon...')
#9 C:\xampp\htdocs\saiyoojyam\vendor\codeigniter4\shield\src\Authentication\Authenticators\Session.php(703): CodeIgniter\Shield\Authentication\Authenticators\Session->getSessionUserInfo()
#10 C:\xampp\htdocs\saiyoojyam\vendor\codeigniter4\shield\src\Authentication\Authenticators\Session.php(390): CodeIgniter\Shield\Authentication\Authenticators\Session->getSessionUserKey('id')
#11 C:\xampp\htdocs\saiyoojyam\vendor\codeigniter4\shield\src\Authentication\Authenticators\Session.php(374): CodeIgniter\Shield\Authentication\Authenticators\Session->checkUserState()
#12 C:\xampp\htdocs\saiyoojyam\vendor\codeigniter4\shield\src\Auth.php(191): CodeIgniter\Shield\Authentication\Authenticators\Session->loggedIn()
#13 C:\xampp\htdocs\saiyoojyam\vendor\codeigniter4\shield\src\Collectors\Auth.php(76): CodeIgniter\Shield\Auth->__call('loggedIn', Array)
#14 C:\xampp\htdocs\saiyoojyam\system\Debug\Toolbar\Collectors\BaseCollector.php(228): CodeIgniter\Shield\Collectors\Auth->display()
#15 C:\xampp\htdocs\saiyoojyam\system\Debug\Toolbar.php(95): CodeIgniter\Debug\Toolbar\Collectors\BaseCollector->getAsArray()
#16 C:\xampp\htdocs\saiyoojyam\system\Debug\Toolbar.php(390): CodeIgniter\Debug\Toolbar->run(1747715153.4791, 0.0425, Object(CodeIgniter\HTTP\IncomingRequest), Object(CodeIgniter\HTTP\Response))
#17 C:\xampp\htdocs\saiyoojyam\system\Filters\DebugToolbar.php(44): CodeIgniter\Debug\Toolbar->prepare(Object(CodeIgniter\HTTP\IncomingRequest), Object(CodeIgniter\HTTP\Response))
#18 C:\xampp\htdocs\saiyoojyam\system\Filters\Filters.php(278): CodeIgniter\Filters\DebugToolbar->after(Object(CodeIgniter\HTTP\IncomingRequest), Object(CodeIgniter\HTTP\Response), NULL)
#19 C:\xampp\htdocs\saiyoojyam\system\Filters\Filters.php(364): CodeIgniter\Filters\Filters->runAfter(Array)
#20 C:\xampp\htdocs\saiyoojyam\system\CodeIgniter.php(407): CodeIgniter\Filters\Filters->runRequired('after')
#21 C:\xampp\htdocs\saiyoojyam\system\CodeIgniter.php(368): CodeIgniter\CodeIgniter->runRequiredAfterFilters(Object(CodeIgniter\Filters\Filters))
#22 C:\xampp\htdocs\saiyoojyam\system\Boot.php(334): CodeIgniter\CodeIgniter->run()
#23 C:\xampp\htdocs\saiyoojyam\system\Boot.php(67): CodeIgniter\Boot::runCodeIgniter(Object(CodeIgniter\CodeIgniter))
#24 C:\xampp\htdocs\saiyoojyam\public\index.php(59): CodeIgniter\Boot::bootWeb(Object(Config\Paths))
#25 {main}
CRITICAL - 2025-05-20 04:25:53 --> CodeIgniter\Database\Exceptions\DatabaseException: Table 'saiyoojyam.saiyoojyam_settings' doesn't exist
[Method: GET, Route: Admin/RoomType]
in SYSTEMPATH\Database\BaseConnection.php on line 692.
 1 SYSTEMPATH\Database\BaseBuilder.php(1649): CodeIgniter\Database\BaseConnection->query('SELECT *
FROM `saiyoojyam_settings`
WHERE `context` IS NULL', [], false)
 2 VENDORPATH\codeigniter4\settings\src\Handlers\DatabaseHandler.php(186): CodeIgniter\Database\BaseBuilder->get()
 3 VENDORPATH\codeigniter4\settings\src\Handlers\DatabaseHandler.php(51): CodeIgniter\Settings\Handlers\DatabaseHandler->hydrate(null)
 4 VENDORPATH\codeigniter4\settings\src\Settings.php(59): CodeIgniter\Settings\Handlers\DatabaseHandler->has('Config\\Auth', 'sessionConfig', null)
 5 VENDORPATH\codeigniter4\settings\src\Helpers\setting_helper.php(25): CodeIgniter\Settings\Settings->get('Auth.sessionConfig')
 6 VENDORPATH\codeigniter4\shield\src\Authentication\Authenticators\Session.php(685): setting('Auth.sessionConfig')
 7 VENDORPATH\codeigniter4\shield\src\Authentication\Authenticators\Session.php(703): CodeIgniter\Shield\Authentication\Authenticators\Session->getSessionUserInfo()
 8 VENDORPATH\codeigniter4\shield\src\Authentication\Authenticators\Session.php(390): CodeIgniter\Shield\Authentication\Authenticators\Session->getSessionUserKey('id')
 9 VENDORPATH\codeigniter4\shield\src\Authentication\Authenticators\Session.php(374): CodeIgniter\Shield\Authentication\Authenticators\Session->checkUserState()
10 VENDORPATH\codeigniter4\shield\src\Auth.php(191): CodeIgniter\Shield\Authentication\Authenticators\Session->loggedIn()
11 VENDORPATH\codeigniter4\shield\src\Collectors\Auth.php(76): CodeIgniter\Shield\Auth->__call('loggedIn', [])
12 SYSTEMPATH\Debug\Toolbar\Collectors\BaseCollector.php(228): CodeIgniter\Shield\Collectors\Auth->display()
13 SYSTEMPATH\Debug\Toolbar.php(95): CodeIgniter\Debug\Toolbar\Collectors\BaseCollector->getAsArray()
14 SYSTEMPATH\Debug\Toolbar.php(390): CodeIgniter\Debug\Toolbar->run(1747715153.479137, 0.0425, Object(CodeIgniter\HTTP\IncomingRequest), Object(CodeIgniter\HTTP\Response))
15 SYSTEMPATH\Filters\DebugToolbar.php(44): CodeIgniter\Debug\Toolbar->prepare(Object(CodeIgniter\HTTP\IncomingRequest), Object(CodeIgniter\HTTP\Response))
16 SYSTEMPATH\Filters\Filters.php(278): CodeIgniter\Filters\DebugToolbar->after(Object(CodeIgniter\HTTP\IncomingRequest), Object(CodeIgniter\HTTP\Response), null)
17 SYSTEMPATH\Filters\Filters.php(364): CodeIgniter\Filters\Filters->runAfter([...])
18 SYSTEMPATH\CodeIgniter.php(407): CodeIgniter\Filters\Filters->runRequired('after')
19 SYSTEMPATH\CodeIgniter.php(368): CodeIgniter\CodeIgniter->runRequiredAfterFilters(Object(CodeIgniter\Filters\Filters))
20 SYSTEMPATH\Boot.php(334): CodeIgniter\CodeIgniter->run()
21 SYSTEMPATH\Boot.php(67): CodeIgniter\Boot::runCodeIgniter(Object(CodeIgniter\CodeIgniter))
22 FCPATH\index.php(59): CodeIgniter\Boot::bootWeb(Object(Config\Paths))
CRITICAL - 2025-05-20 04:25:53 --> [Caused by] CodeIgniter\Database\Exceptions\DatabaseException: Table 'saiyoojyam.saiyoojyam_settings' doesn't exist
in SYSTEMPATH\Database\MySQLi\Connection.php on line 332.
 1 SYSTEMPATH\Database\BaseConnection.php(738): CodeIgniter\Database\MySQLi\Connection->execute('SELECT *
FROM `saiyoojyam_settings`
WHERE `context` IS NULL')
 2 SYSTEMPATH\Database\BaseConnection.php(652): CodeIgniter\Database\BaseConnection->simpleQuery('SELECT *
FROM `saiyoojyam_settings`
WHERE `context` IS NULL')
 3 SYSTEMPATH\Database\BaseBuilder.php(1649): CodeIgniter\Database\BaseConnection->query('SELECT *
FROM `saiyoojyam_settings`
WHERE `context` IS NULL', [], false)
 4 VENDORPATH\codeigniter4\settings\src\Handlers\DatabaseHandler.php(186): CodeIgniter\Database\BaseBuilder->get()
 5 VENDORPATH\codeigniter4\settings\src\Handlers\DatabaseHandler.php(51): CodeIgniter\Settings\Handlers\DatabaseHandler->hydrate(null)
 6 VENDORPATH\codeigniter4\settings\src\Settings.php(59): CodeIgniter\Settings\Handlers\DatabaseHandler->has('Config\\Auth', 'sessionConfig', null)
 7 VENDORPATH\codeigniter4\settings\src\Helpers\setting_helper.php(25): CodeIgniter\Settings\Settings->get('Auth.sessionConfig')
 8 VENDORPATH\codeigniter4\shield\src\Authentication\Authenticators\Session.php(685): setting('Auth.sessionConfig')
 9 VENDORPATH\codeigniter4\shield\src\Authentication\Authenticators\Session.php(703): CodeIgniter\Shield\Authentication\Authenticators\Session->getSessionUserInfo()
10 VENDORPATH\codeigniter4\shield\src\Authentication\Authenticators\Session.php(390): CodeIgniter\Shield\Authentication\Authenticators\Session->getSessionUserKey('id')
11 VENDORPATH\codeigniter4\shield\src\Authentication\Authenticators\Session.php(374): CodeIgniter\Shield\Authentication\Authenticators\Session->checkUserState()
12 VENDORPATH\codeigniter4\shield\src\Auth.php(191): CodeIgniter\Shield\Authentication\Authenticators\Session->loggedIn()
13 VENDORPATH\codeigniter4\shield\src\Collectors\Auth.php(76): CodeIgniter\Shield\Auth->__call('loggedIn', [])
14 SYSTEMPATH\Debug\Toolbar\Collectors\BaseCollector.php(228): CodeIgniter\Shield\Collectors\Auth->display()
15 SYSTEMPATH\Debug\Toolbar.php(95): CodeIgniter\Debug\Toolbar\Collectors\BaseCollector->getAsArray()
16 SYSTEMPATH\Debug\Toolbar.php(390): CodeIgniter\Debug\Toolbar->run(1747715153.479137, 0.0425, Object(CodeIgniter\HTTP\IncomingRequest), Object(CodeIgniter\HTTP\Response))
17 SYSTEMPATH\Filters\DebugToolbar.php(44): CodeIgniter\Debug\Toolbar->prepare(Object(CodeIgniter\HTTP\IncomingRequest), Object(CodeIgniter\HTTP\Response))
18 SYSTEMPATH\Filters\Filters.php(278): CodeIgniter\Filters\DebugToolbar->after(Object(CodeIgniter\HTTP\IncomingRequest), Object(CodeIgniter\HTTP\Response), null)
19 SYSTEMPATH\Filters\Filters.php(364): CodeIgniter\Filters\Filters->runAfter([...])
20 SYSTEMPATH\CodeIgniter.php(407): CodeIgniter\Filters\Filters->runRequired('after')
21 SYSTEMPATH\CodeIgniter.php(368): CodeIgniter\CodeIgniter->runRequiredAfterFilters(Object(CodeIgniter\Filters\Filters))
22 SYSTEMPATH\Boot.php(334): CodeIgniter\CodeIgniter->run()
23 SYSTEMPATH\Boot.php(67): CodeIgniter\Boot::runCodeIgniter(Object(CodeIgniter\CodeIgniter))
24 FCPATH\index.php(59): CodeIgniter\Boot::bootWeb(Object(Config\Paths))
CRITICAL - 2025-05-20 04:25:53 --> [Caused by] mysqli_sql_exception: Table 'saiyoojyam.saiyoojyam_settings' doesn't exist
in SYSTEMPATH\Database\MySQLi\Connection.php on line 327.
 1 SYSTEMPATH\Database\MySQLi\Connection.php(327): mysqli->query('SELECT *
FROM `saiyoojyam_settings`
WHERE `context` IS NULL', 0)
 2 SYSTEMPATH\Database\BaseConnection.php(738): CodeIgniter\Database\MySQLi\Connection->execute('SELECT *
FROM `saiyoojyam_settings`
WHERE `context` IS NULL')
 3 SYSTEMPATH\Database\BaseConnection.php(652): CodeIgniter\Database\BaseConnection->simpleQuery('SELECT *
FROM `saiyoojyam_settings`
WHERE `context` IS NULL')
 4 SYSTEMPATH\Database\BaseBuilder.php(1649): CodeIgniter\Database\BaseConnection->query('SELECT *
FROM `saiyoojyam_settings`
WHERE `context` IS NULL', [], false)
 5 VENDORPATH\codeigniter4\settings\src\Handlers\DatabaseHandler.php(186): CodeIgniter\Database\BaseBuilder->get()
 6 VENDORPATH\codeigniter4\settings\src\Handlers\DatabaseHandler.php(51): CodeIgniter\Settings\Handlers\DatabaseHandler->hydrate(null)
 7 VENDORPATH\codeigniter4\settings\src\Settings.php(59): CodeIgniter\Settings\Handlers\DatabaseHandler->has('Config\\Auth', 'sessionConfig', null)
 8 VENDORPATH\codeigniter4\settings\src\Helpers\setting_helper.php(25): CodeIgniter\Settings\Settings->get('Auth.sessionConfig')
 9 VENDORPATH\codeigniter4\shield\src\Authentication\Authenticators\Session.php(685): setting('Auth.sessionConfig')
10 VENDORPATH\codeigniter4\shield\src\Authentication\Authenticators\Session.php(703): CodeIgniter\Shield\Authentication\Authenticators\Session->getSessionUserInfo()
11 VENDORPATH\codeigniter4\shield\src\Authentication\Authenticators\Session.php(390): CodeIgniter\Shield\Authentication\Authenticators\Session->getSessionUserKey('id')
12 VENDORPATH\codeigniter4\shield\src\Authentication\Authenticators\Session.php(374): CodeIgniter\Shield\Authentication\Authenticators\Session->checkUserState()
13 VENDORPATH\codeigniter4\shield\src\Auth.php(191): CodeIgniter\Shield\Authentication\Authenticators\Session->loggedIn()
14 VENDORPATH\codeigniter4\shield\src\Collectors\Auth.php(76): CodeIgniter\Shield\Auth->__call('loggedIn', [])
15 SYSTEMPATH\Debug\Toolbar\Collectors\BaseCollector.php(228): CodeIgniter\Shield\Collectors\Auth->display()
16 SYSTEMPATH\Debug\Toolbar.php(95): CodeIgniter\Debug\Toolbar\Collectors\BaseCollector->getAsArray()
17 SYSTEMPATH\Debug\Toolbar.php(390): CodeIgniter\Debug\Toolbar->run(1747715153.479137, 0.0425, Object(CodeIgniter\HTTP\IncomingRequest), Object(CodeIgniter\HTTP\Response))
18 SYSTEMPATH\Filters\DebugToolbar.php(44): CodeIgniter\Debug\Toolbar->prepare(Object(CodeIgniter\HTTP\IncomingRequest), Object(CodeIgniter\HTTP\Response))
19 SYSTEMPATH\Filters\Filters.php(278): CodeIgniter\Filters\DebugToolbar->after(Object(CodeIgniter\HTTP\IncomingRequest), Object(CodeIgniter\HTTP\Response), null)
20 SYSTEMPATH\Filters\Filters.php(364): CodeIgniter\Filters\Filters->runAfter([...])
21 SYSTEMPATH\CodeIgniter.php(407): CodeIgniter\Filters\Filters->runRequired('after')
22 SYSTEMPATH\CodeIgniter.php(368): CodeIgniter\CodeIgniter->runRequiredAfterFilters(Object(CodeIgniter\Filters\Filters))
23 SYSTEMPATH\Boot.php(334): CodeIgniter\CodeIgniter->run()
24 SYSTEMPATH\Boot.php(67): CodeIgniter\Boot::runCodeIgniter(Object(CodeIgniter\CodeIgniter))
25 FCPATH\index.php(59): CodeIgniter\Boot::bootWeb(Object(Config\Paths))
ERROR - 2025-05-20 04:25:54 --> mysqli_sql_exception: Table 'saiyoojyam.saiyoojyam_settings' doesn't exist in C:\xampp\htdocs\saiyoojyam\system\Database\MySQLi\Connection.php:327
Stack trace:
#0 C:\xampp\htdocs\saiyoojyam\system\Database\MySQLi\Connection.php(327): mysqli->query('SELECT *\nFROM `...', 0)
#1 C:\xampp\htdocs\saiyoojyam\system\Database\BaseConnection.php(738): CodeIgniter\Database\MySQLi\Connection->execute('SELECT *\nFROM `...')
#2 C:\xampp\htdocs\saiyoojyam\system\Database\BaseConnection.php(652): CodeIgniter\Database\BaseConnection->simpleQuery('SELECT *\nFROM `...')
#3 C:\xampp\htdocs\saiyoojyam\system\Database\BaseBuilder.php(1649): CodeIgniter\Database\BaseConnection->query('SELECT *\nFROM `...', Array, false)
#4 C:\xampp\htdocs\saiyoojyam\vendor\codeigniter4\settings\src\Handlers\DatabaseHandler.php(186): CodeIgniter\Database\BaseBuilder->get()
#5 C:\xampp\htdocs\saiyoojyam\vendor\codeigniter4\settings\src\Handlers\DatabaseHandler.php(51): CodeIgniter\Settings\Handlers\DatabaseHandler->hydrate(NULL)
#6 C:\xampp\htdocs\saiyoojyam\vendor\codeigniter4\settings\src\Settings.php(59): CodeIgniter\Settings\Handlers\DatabaseHandler->has('Config\\Auth', 'sessionConfig', NULL)
#7 C:\xampp\htdocs\saiyoojyam\vendor\codeigniter4\settings\src\Helpers\setting_helper.php(25): CodeIgniter\Settings\Settings->get('Auth.sessionCon...')
#8 C:\xampp\htdocs\saiyoojyam\vendor\codeigniter4\shield\src\Authentication\Authenticators\Session.php(685): setting('Auth.sessionCon...')
#9 C:\xampp\htdocs\saiyoojyam\vendor\codeigniter4\shield\src\Authentication\Authenticators\Session.php(703): CodeIgniter\Shield\Authentication\Authenticators\Session->getSessionUserInfo()
#10 C:\xampp\htdocs\saiyoojyam\vendor\codeigniter4\shield\src\Authentication\Authenticators\Session.php(390): CodeIgniter\Shield\Authentication\Authenticators\Session->getSessionUserKey('id')
#11 C:\xampp\htdocs\saiyoojyam\vendor\codeigniter4\shield\src\Authentication\Authenticators\Session.php(374): CodeIgniter\Shield\Authentication\Authenticators\Session->checkUserState()
#12 C:\xampp\htdocs\saiyoojyam\vendor\codeigniter4\shield\src\Auth.php(191): CodeIgniter\Shield\Authentication\Authenticators\Session->loggedIn()
#13 C:\xampp\htdocs\saiyoojyam\vendor\codeigniter4\shield\src\Collectors\Auth.php(76): CodeIgniter\Shield\Auth->__call('loggedIn', Array)
#14 C:\xampp\htdocs\saiyoojyam\system\Debug\Toolbar\Collectors\BaseCollector.php(228): CodeIgniter\Shield\Collectors\Auth->display()
#15 C:\xampp\htdocs\saiyoojyam\system\Debug\Toolbar.php(95): CodeIgniter\Debug\Toolbar\Collectors\BaseCollector->getAsArray()
#16 C:\xampp\htdocs\saiyoojyam\system\Debug\Toolbar.php(390): CodeIgniter\Debug\Toolbar->run(1747715154.2134, 0.0432, Object(CodeIgniter\HTTP\IncomingRequest), Object(CodeIgniter\HTTP\Response))
#17 C:\xampp\htdocs\saiyoojyam\system\Filters\DebugToolbar.php(44): CodeIgniter\Debug\Toolbar->prepare(Object(CodeIgniter\HTTP\IncomingRequest), Object(CodeIgniter\HTTP\Response))
#18 C:\xampp\htdocs\saiyoojyam\system\Filters\Filters.php(278): CodeIgniter\Filters\DebugToolbar->after(Object(CodeIgniter\HTTP\IncomingRequest), Object(CodeIgniter\HTTP\Response), NULL)
#19 C:\xampp\htdocs\saiyoojyam\system\Filters\Filters.php(364): CodeIgniter\Filters\Filters->runAfter(Array)
#20 C:\xampp\htdocs\saiyoojyam\system\CodeIgniter.php(407): CodeIgniter\Filters\Filters->runRequired('after')
#21 C:\xampp\htdocs\saiyoojyam\system\CodeIgniter.php(368): CodeIgniter\CodeIgniter->runRequiredAfterFilters(Object(CodeIgniter\Filters\Filters))
#22 C:\xampp\htdocs\saiyoojyam\system\Boot.php(334): CodeIgniter\CodeIgniter->run()
#23 C:\xampp\htdocs\saiyoojyam\system\Boot.php(67): CodeIgniter\Boot::runCodeIgniter(Object(CodeIgniter\CodeIgniter))
#24 C:\xampp\htdocs\saiyoojyam\public\index.php(59): CodeIgniter\Boot::bootWeb(Object(Config\Paths))
#25 {main}
CRITICAL - 2025-05-20 04:25:54 --> CodeIgniter\Database\Exceptions\DatabaseException: Table 'saiyoojyam.saiyoojyam_settings' doesn't exist
[Method: GET, Route: Admin/RoomType]
in SYSTEMPATH\Database\BaseConnection.php on line 692.
 1 SYSTEMPATH\Database\BaseBuilder.php(1649): CodeIgniter\Database\BaseConnection->query('SELECT *
FROM `saiyoojyam_settings`
WHERE `context` IS NULL', [], false)
 2 VENDORPATH\codeigniter4\settings\src\Handlers\DatabaseHandler.php(186): CodeIgniter\Database\BaseBuilder->get()
 3 VENDORPATH\codeigniter4\settings\src\Handlers\DatabaseHandler.php(51): CodeIgniter\Settings\Handlers\DatabaseHandler->hydrate(null)
 4 VENDORPATH\codeigniter4\settings\src\Settings.php(59): CodeIgniter\Settings\Handlers\DatabaseHandler->has('Config\\Auth', 'sessionConfig', null)
 5 VENDORPATH\codeigniter4\settings\src\Helpers\setting_helper.php(25): CodeIgniter\Settings\Settings->get('Auth.sessionConfig')
 6 VENDORPATH\codeigniter4\shield\src\Authentication\Authenticators\Session.php(685): setting('Auth.sessionConfig')
 7 VENDORPATH\codeigniter4\shield\src\Authentication\Authenticators\Session.php(703): CodeIgniter\Shield\Authentication\Authenticators\Session->getSessionUserInfo()
 8 VENDORPATH\codeigniter4\shield\src\Authentication\Authenticators\Session.php(390): CodeIgniter\Shield\Authentication\Authenticators\Session->getSessionUserKey('id')
 9 VENDORPATH\codeigniter4\shield\src\Authentication\Authenticators\Session.php(374): CodeIgniter\Shield\Authentication\Authenticators\Session->checkUserState()
10 VENDORPATH\codeigniter4\shield\src\Auth.php(191): CodeIgniter\Shield\Authentication\Authenticators\Session->loggedIn()
11 VENDORPATH\codeigniter4\shield\src\Collectors\Auth.php(76): CodeIgniter\Shield\Auth->__call('loggedIn', [])
12 SYSTEMPATH\Debug\Toolbar\Collectors\BaseCollector.php(228): CodeIgniter\Shield\Collectors\Auth->display()
13 SYSTEMPATH\Debug\Toolbar.php(95): CodeIgniter\Debug\Toolbar\Collectors\BaseCollector->getAsArray()
14 SYSTEMPATH\Debug\Toolbar.php(390): CodeIgniter\Debug\Toolbar->run(1747715154.213374, 0.0432, Object(CodeIgniter\HTTP\IncomingRequest), Object(CodeIgniter\HTTP\Response))
15 SYSTEMPATH\Filters\DebugToolbar.php(44): CodeIgniter\Debug\Toolbar->prepare(Object(CodeIgniter\HTTP\IncomingRequest), Object(CodeIgniter\HTTP\Response))
16 SYSTEMPATH\Filters\Filters.php(278): CodeIgniter\Filters\DebugToolbar->after(Object(CodeIgniter\HTTP\IncomingRequest), Object(CodeIgniter\HTTP\Response), null)
17 SYSTEMPATH\Filters\Filters.php(364): CodeIgniter\Filters\Filters->runAfter([...])
18 SYSTEMPATH\CodeIgniter.php(407): CodeIgniter\Filters\Filters->runRequired('after')
19 SYSTEMPATH\CodeIgniter.php(368): CodeIgniter\CodeIgniter->runRequiredAfterFilters(Object(CodeIgniter\Filters\Filters))
20 SYSTEMPATH\Boot.php(334): CodeIgniter\CodeIgniter->run()
21 SYSTEMPATH\Boot.php(67): CodeIgniter\Boot::runCodeIgniter(Object(CodeIgniter\CodeIgniter))
22 FCPATH\index.php(59): CodeIgniter\Boot::bootWeb(Object(Config\Paths))
CRITICAL - 2025-05-20 04:25:54 --> [Caused by] CodeIgniter\Database\Exceptions\DatabaseException: Table 'saiyoojyam.saiyoojyam_settings' doesn't exist
in SYSTEMPATH\Database\MySQLi\Connection.php on line 332.
 1 SYSTEMPATH\Database\BaseConnection.php(738): CodeIgniter\Database\MySQLi\Connection->execute('SELECT *
FROM `saiyoojyam_settings`
WHERE `context` IS NULL')
 2 SYSTEMPATH\Database\BaseConnection.php(652): CodeIgniter\Database\BaseConnection->simpleQuery('SELECT *
FROM `saiyoojyam_settings`
WHERE `context` IS NULL')
 3 SYSTEMPATH\Database\BaseBuilder.php(1649): CodeIgniter\Database\BaseConnection->query('SELECT *
FROM `saiyoojyam_settings`
WHERE `context` IS NULL', [], false)
 4 VENDORPATH\codeigniter4\settings\src\Handlers\DatabaseHandler.php(186): CodeIgniter\Database\BaseBuilder->get()
 5 VENDORPATH\codeigniter4\settings\src\Handlers\DatabaseHandler.php(51): CodeIgniter\Settings\Handlers\DatabaseHandler->hydrate(null)
 6 VENDORPATH\codeigniter4\settings\src\Settings.php(59): CodeIgniter\Settings\Handlers\DatabaseHandler->has('Config\\Auth', 'sessionConfig', null)
 7 VENDORPATH\codeigniter4\settings\src\Helpers\setting_helper.php(25): CodeIgniter\Settings\Settings->get('Auth.sessionConfig')
 8 VENDORPATH\codeigniter4\shield\src\Authentication\Authenticators\Session.php(685): setting('Auth.sessionConfig')
 9 VENDORPATH\codeigniter4\shield\src\Authentication\Authenticators\Session.php(703): CodeIgniter\Shield\Authentication\Authenticators\Session->getSessionUserInfo()
10 VENDORPATH\codeigniter4\shield\src\Authentication\Authenticators\Session.php(390): CodeIgniter\Shield\Authentication\Authenticators\Session->getSessionUserKey('id')
11 VENDORPATH\codeigniter4\shield\src\Authentication\Authenticators\Session.php(374): CodeIgniter\Shield\Authentication\Authenticators\Session->checkUserState()
12 VENDORPATH\codeigniter4\shield\src\Auth.php(191): CodeIgniter\Shield\Authentication\Authenticators\Session->loggedIn()
13 VENDORPATH\codeigniter4\shield\src\Collectors\Auth.php(76): CodeIgniter\Shield\Auth->__call('loggedIn', [])
14 SYSTEMPATH\Debug\Toolbar\Collectors\BaseCollector.php(228): CodeIgniter\Shield\Collectors\Auth->display()
15 SYSTEMPATH\Debug\Toolbar.php(95): CodeIgniter\Debug\Toolbar\Collectors\BaseCollector->getAsArray()
16 SYSTEMPATH\Debug\Toolbar.php(390): CodeIgniter\Debug\Toolbar->run(1747715154.213374, 0.0432, Object(CodeIgniter\HTTP\IncomingRequest), Object(CodeIgniter\HTTP\Response))
17 SYSTEMPATH\Filters\DebugToolbar.php(44): CodeIgniter\Debug\Toolbar->prepare(Object(CodeIgniter\HTTP\IncomingRequest), Object(CodeIgniter\HTTP\Response))
18 SYSTEMPATH\Filters\Filters.php(278): CodeIgniter\Filters\DebugToolbar->after(Object(CodeIgniter\HTTP\IncomingRequest), Object(CodeIgniter\HTTP\Response), null)
19 SYSTEMPATH\Filters\Filters.php(364): CodeIgniter\Filters\Filters->runAfter([...])
20 SYSTEMPATH\CodeIgniter.php(407): CodeIgniter\Filters\Filters->runRequired('after')
21 SYSTEMPATH\CodeIgniter.php(368): CodeIgniter\CodeIgniter->runRequiredAfterFilters(Object(CodeIgniter\Filters\Filters))
22 SYSTEMPATH\Boot.php(334): CodeIgniter\CodeIgniter->run()
23 SYSTEMPATH\Boot.php(67): CodeIgniter\Boot::runCodeIgniter(Object(CodeIgniter\CodeIgniter))
24 FCPATH\index.php(59): CodeIgniter\Boot::bootWeb(Object(Config\Paths))
CRITICAL - 2025-05-20 04:25:54 --> [Caused by] mysqli_sql_exception: Table 'saiyoojyam.saiyoojyam_settings' doesn't exist
in SYSTEMPATH\Database\MySQLi\Connection.php on line 327.
 1 SYSTEMPATH\Database\MySQLi\Connection.php(327): mysqli->query('SELECT *
FROM `saiyoojyam_settings`
WHERE `context` IS NULL', 0)
 2 SYSTEMPATH\Database\BaseConnection.php(738): CodeIgniter\Database\MySQLi\Connection->execute('SELECT *
FROM `saiyoojyam_settings`
WHERE `context` IS NULL')
 3 SYSTEMPATH\Database\BaseConnection.php(652): CodeIgniter\Database\BaseConnection->simpleQuery('SELECT *
FROM `saiyoojyam_settings`
WHERE `context` IS NULL')
 4 SYSTEMPATH\Database\BaseBuilder.php(1649): CodeIgniter\Database\BaseConnection->query('SELECT *
FROM `saiyoojyam_settings`
WHERE `context` IS NULL', [], false)
 5 VENDORPATH\codeigniter4\settings\src\Handlers\DatabaseHandler.php(186): CodeIgniter\Database\BaseBuilder->get()
 6 VENDORPATH\codeigniter4\settings\src\Handlers\DatabaseHandler.php(51): CodeIgniter\Settings\Handlers\DatabaseHandler->hydrate(null)
 7 VENDORPATH\codeigniter4\settings\src\Settings.php(59): CodeIgniter\Settings\Handlers\DatabaseHandler->has('Config\\Auth', 'sessionConfig', null)
 8 VENDORPATH\codeigniter4\settings\src\Helpers\setting_helper.php(25): CodeIgniter\Settings\Settings->get('Auth.sessionConfig')
 9 VENDORPATH\codeigniter4\shield\src\Authentication\Authenticators\Session.php(685): setting('Auth.sessionConfig')
10 VENDORPATH\codeigniter4\shield\src\Authentication\Authenticators\Session.php(703): CodeIgniter\Shield\Authentication\Authenticators\Session->getSessionUserInfo()
11 VENDORPATH\codeigniter4\shield\src\Authentication\Authenticators\Session.php(390): CodeIgniter\Shield\Authentication\Authenticators\Session->getSessionUserKey('id')
12 VENDORPATH\codeigniter4\shield\src\Authentication\Authenticators\Session.php(374): CodeIgniter\Shield\Authentication\Authenticators\Session->checkUserState()
13 VENDORPATH\codeigniter4\shield\src\Auth.php(191): CodeIgniter\Shield\Authentication\Authenticators\Session->loggedIn()
14 VENDORPATH\codeigniter4\shield\src\Collectors\Auth.php(76): CodeIgniter\Shield\Auth->__call('loggedIn', [])
15 SYSTEMPATH\Debug\Toolbar\Collectors\BaseCollector.php(228): CodeIgniter\Shield\Collectors\Auth->display()
16 SYSTEMPATH\Debug\Toolbar.php(95): CodeIgniter\Debug\Toolbar\Collectors\BaseCollector->getAsArray()
17 SYSTEMPATH\Debug\Toolbar.php(390): CodeIgniter\Debug\Toolbar->run(1747715154.213374, 0.0432, Object(CodeIgniter\HTTP\IncomingRequest), Object(CodeIgniter\HTTP\Response))
18 SYSTEMPATH\Filters\DebugToolbar.php(44): CodeIgniter\Debug\Toolbar->prepare(Object(CodeIgniter\HTTP\IncomingRequest), Object(CodeIgniter\HTTP\Response))
19 SYSTEMPATH\Filters\Filters.php(278): CodeIgniter\Filters\DebugToolbar->after(Object(CodeIgniter\HTTP\IncomingRequest), Object(CodeIgniter\HTTP\Response), null)
20 SYSTEMPATH\Filters\Filters.php(364): CodeIgniter\Filters\Filters->runAfter([...])
21 SYSTEMPATH\CodeIgniter.php(407): CodeIgniter\Filters\Filters->runRequired('after')
22 SYSTEMPATH\CodeIgniter.php(368): CodeIgniter\CodeIgniter->runRequiredAfterFilters(Object(CodeIgniter\Filters\Filters))
23 SYSTEMPATH\Boot.php(334): CodeIgniter\CodeIgniter->run()
24 SYSTEMPATH\Boot.php(67): CodeIgniter\Boot::runCodeIgniter(Object(CodeIgniter\CodeIgniter))
25 FCPATH\index.php(59): CodeIgniter\Boot::bootWeb(Object(Config\Paths))
ERROR - 2025-05-20 04:26:39 --> mysqli_sql_exception: Table 'saiyoojyam.saiyoojyam_settings' doesn't exist in C:\xampp\htdocs\saiyoojyam\system\Database\MySQLi\Connection.php:327
Stack trace:
#0 C:\xampp\htdocs\saiyoojyam\system\Database\MySQLi\Connection.php(327): mysqli->query('SELECT *\nFROM `...', 0)
#1 C:\xampp\htdocs\saiyoojyam\system\Database\BaseConnection.php(738): CodeIgniter\Database\MySQLi\Connection->execute('SELECT *\nFROM `...')
#2 C:\xampp\htdocs\saiyoojyam\system\Database\BaseConnection.php(652): CodeIgniter\Database\BaseConnection->simpleQuery('SELECT *\nFROM `...')
#3 C:\xampp\htdocs\saiyoojyam\system\Database\BaseBuilder.php(1649): CodeIgniter\Database\BaseConnection->query('SELECT *\nFROM `...', Array, false)
#4 C:\xampp\htdocs\saiyoojyam\vendor\codeigniter4\settings\src\Handlers\DatabaseHandler.php(186): CodeIgniter\Database\BaseBuilder->get()
#5 C:\xampp\htdocs\saiyoojyam\vendor\codeigniter4\settings\src\Handlers\DatabaseHandler.php(51): CodeIgniter\Settings\Handlers\DatabaseHandler->hydrate(NULL)
#6 C:\xampp\htdocs\saiyoojyam\vendor\codeigniter4\settings\src\Settings.php(59): CodeIgniter\Settings\Handlers\DatabaseHandler->has('Config\\Auth', 'sessionConfig', NULL)
#7 C:\xampp\htdocs\saiyoojyam\vendor\codeigniter4\settings\src\Helpers\setting_helper.php(25): CodeIgniter\Settings\Settings->get('Auth.sessionCon...')
#8 C:\xampp\htdocs\saiyoojyam\vendor\codeigniter4\shield\src\Authentication\Authenticators\Session.php(685): setting('Auth.sessionCon...')
#9 C:\xampp\htdocs\saiyoojyam\vendor\codeigniter4\shield\src\Authentication\Authenticators\Session.php(703): CodeIgniter\Shield\Authentication\Authenticators\Session->getSessionUserInfo()
#10 C:\xampp\htdocs\saiyoojyam\vendor\codeigniter4\shield\src\Authentication\Authenticators\Session.php(390): CodeIgniter\Shield\Authentication\Authenticators\Session->getSessionUserKey('id')
#11 C:\xampp\htdocs\saiyoojyam\vendor\codeigniter4\shield\src\Authentication\Authenticators\Session.php(374): CodeIgniter\Shield\Authentication\Authenticators\Session->checkUserState()
#12 C:\xampp\htdocs\saiyoojyam\vendor\codeigniter4\shield\src\Auth.php(191): CodeIgniter\Shield\Authentication\Authenticators\Session->loggedIn()
#13 C:\xampp\htdocs\saiyoojyam\vendor\codeigniter4\shield\src\Collectors\Auth.php(76): CodeIgniter\Shield\Auth->__call('loggedIn', Array)
#14 C:\xampp\htdocs\saiyoojyam\system\Debug\Toolbar\Collectors\BaseCollector.php(228): CodeIgniter\Shield\Collectors\Auth->display()
#15 C:\xampp\htdocs\saiyoojyam\system\Debug\Toolbar.php(95): CodeIgniter\Debug\Toolbar\Collectors\BaseCollector->getAsArray()
#16 C:\xampp\htdocs\saiyoojyam\system\Debug\Toolbar.php(390): CodeIgniter\Debug\Toolbar->run(1747715199.7106, 0.0431, Object(CodeIgniter\HTTP\IncomingRequest), Object(CodeIgniter\HTTP\Response))
#17 C:\xampp\htdocs\saiyoojyam\system\Filters\DebugToolbar.php(44): CodeIgniter\Debug\Toolbar->prepare(Object(CodeIgniter\HTTP\IncomingRequest), Object(CodeIgniter\HTTP\Response))
#18 C:\xampp\htdocs\saiyoojyam\system\Filters\Filters.php(278): CodeIgniter\Filters\DebugToolbar->after(Object(CodeIgniter\HTTP\IncomingRequest), Object(CodeIgniter\HTTP\Response), NULL)
#19 C:\xampp\htdocs\saiyoojyam\system\Filters\Filters.php(364): CodeIgniter\Filters\Filters->runAfter(Array)
#20 C:\xampp\htdocs\saiyoojyam\system\CodeIgniter.php(407): CodeIgniter\Filters\Filters->runRequired('after')
#21 C:\xampp\htdocs\saiyoojyam\system\CodeIgniter.php(368): CodeIgniter\CodeIgniter->runRequiredAfterFilters(Object(CodeIgniter\Filters\Filters))
#22 C:\xampp\htdocs\saiyoojyam\system\Boot.php(334): CodeIgniter\CodeIgniter->run()
#23 C:\xampp\htdocs\saiyoojyam\system\Boot.php(67): CodeIgniter\Boot::runCodeIgniter(Object(CodeIgniter\CodeIgniter))
#24 C:\xampp\htdocs\saiyoojyam\public\index.php(59): CodeIgniter\Boot::bootWeb(Object(Config\Paths))
#25 {main}
CRITICAL - 2025-05-20 04:26:39 --> CodeIgniter\Database\Exceptions\DatabaseException: Table 'saiyoojyam.saiyoojyam_settings' doesn't exist
[Method: GET, Route: Admin/RoomType]
in SYSTEMPATH\Database\BaseConnection.php on line 692.
 1 SYSTEMPATH\Database\BaseBuilder.php(1649): CodeIgniter\Database\BaseConnection->query('SELECT *
FROM `saiyoojyam_settings`
WHERE `context` IS NULL', [], false)
 2 VENDORPATH\codeigniter4\settings\src\Handlers\DatabaseHandler.php(186): CodeIgniter\Database\BaseBuilder->get()
 3 VENDORPATH\codeigniter4\settings\src\Handlers\DatabaseHandler.php(51): CodeIgniter\Settings\Handlers\DatabaseHandler->hydrate(null)
 4 VENDORPATH\codeigniter4\settings\src\Settings.php(59): CodeIgniter\Settings\Handlers\DatabaseHandler->has('Config\\Auth', 'sessionConfig', null)
 5 VENDORPATH\codeigniter4\settings\src\Helpers\setting_helper.php(25): CodeIgniter\Settings\Settings->get('Auth.sessionConfig')
 6 VENDORPATH\codeigniter4\shield\src\Authentication\Authenticators\Session.php(685): setting('Auth.sessionConfig')
 7 VENDORPATH\codeigniter4\shield\src\Authentication\Authenticators\Session.php(703): CodeIgniter\Shield\Authentication\Authenticators\Session->getSessionUserInfo()
 8 VENDORPATH\codeigniter4\shield\src\Authentication\Authenticators\Session.php(390): CodeIgniter\Shield\Authentication\Authenticators\Session->getSessionUserKey('id')
 9 VENDORPATH\codeigniter4\shield\src\Authentication\Authenticators\Session.php(374): CodeIgniter\Shield\Authentication\Authenticators\Session->checkUserState()
10 VENDORPATH\codeigniter4\shield\src\Auth.php(191): CodeIgniter\Shield\Authentication\Authenticators\Session->loggedIn()
11 VENDORPATH\codeigniter4\shield\src\Collectors\Auth.php(76): CodeIgniter\Shield\Auth->__call('loggedIn', [])
12 SYSTEMPATH\Debug\Toolbar\Collectors\BaseCollector.php(228): CodeIgniter\Shield\Collectors\Auth->display()
13 SYSTEMPATH\Debug\Toolbar.php(95): CodeIgniter\Debug\Toolbar\Collectors\BaseCollector->getAsArray()
14 SYSTEMPATH\Debug\Toolbar.php(390): CodeIgniter\Debug\Toolbar->run(1747715199.710613, 0.0431, Object(CodeIgniter\HTTP\IncomingRequest), Object(CodeIgniter\HTTP\Response))
15 SYSTEMPATH\Filters\DebugToolbar.php(44): CodeIgniter\Debug\Toolbar->prepare(Object(CodeIgniter\HTTP\IncomingRequest), Object(CodeIgniter\HTTP\Response))
16 SYSTEMPATH\Filters\Filters.php(278): CodeIgniter\Filters\DebugToolbar->after(Object(CodeIgniter\HTTP\IncomingRequest), Object(CodeIgniter\HTTP\Response), null)
17 SYSTEMPATH\Filters\Filters.php(364): CodeIgniter\Filters\Filters->runAfter([...])
18 SYSTEMPATH\CodeIgniter.php(407): CodeIgniter\Filters\Filters->runRequired('after')
19 SYSTEMPATH\CodeIgniter.php(368): CodeIgniter\CodeIgniter->runRequiredAfterFilters(Object(CodeIgniter\Filters\Filters))
20 SYSTEMPATH\Boot.php(334): CodeIgniter\CodeIgniter->run()
21 SYSTEMPATH\Boot.php(67): CodeIgniter\Boot::runCodeIgniter(Object(CodeIgniter\CodeIgniter))
22 FCPATH\index.php(59): CodeIgniter\Boot::bootWeb(Object(Config\Paths))
CRITICAL - 2025-05-20 04:26:39 --> [Caused by] CodeIgniter\Database\Exceptions\DatabaseException: Table 'saiyoojyam.saiyoojyam_settings' doesn't exist
in SYSTEMPATH\Database\MySQLi\Connection.php on line 332.
 1 SYSTEMPATH\Database\BaseConnection.php(738): CodeIgniter\Database\MySQLi\Connection->execute('SELECT *
FROM `saiyoojyam_settings`
WHERE `context` IS NULL')
 2 SYSTEMPATH\Database\BaseConnection.php(652): CodeIgniter\Database\BaseConnection->simpleQuery('SELECT *
FROM `saiyoojyam_settings`
WHERE `context` IS NULL')
 3 SYSTEMPATH\Database\BaseBuilder.php(1649): CodeIgniter\Database\BaseConnection->query('SELECT *
FROM `saiyoojyam_settings`
WHERE `context` IS NULL', [], false)
 4 VENDORPATH\codeigniter4\settings\src\Handlers\DatabaseHandler.php(186): CodeIgniter\Database\BaseBuilder->get()
 5 VENDORPATH\codeigniter4\settings\src\Handlers\DatabaseHandler.php(51): CodeIgniter\Settings\Handlers\DatabaseHandler->hydrate(null)
 6 VENDORPATH\codeigniter4\settings\src\Settings.php(59): CodeIgniter\Settings\Handlers\DatabaseHandler->has('Config\\Auth', 'sessionConfig', null)
 7 VENDORPATH\codeigniter4\settings\src\Helpers\setting_helper.php(25): CodeIgniter\Settings\Settings->get('Auth.sessionConfig')
 8 VENDORPATH\codeigniter4\shield\src\Authentication\Authenticators\Session.php(685): setting('Auth.sessionConfig')
 9 VENDORPATH\codeigniter4\shield\src\Authentication\Authenticators\Session.php(703): CodeIgniter\Shield\Authentication\Authenticators\Session->getSessionUserInfo()
10 VENDORPATH\codeigniter4\shield\src\Authentication\Authenticators\Session.php(390): CodeIgniter\Shield\Authentication\Authenticators\Session->getSessionUserKey('id')
11 VENDORPATH\codeigniter4\shield\src\Authentication\Authenticators\Session.php(374): CodeIgniter\Shield\Authentication\Authenticators\Session->checkUserState()
12 VENDORPATH\codeigniter4\shield\src\Auth.php(191): CodeIgniter\Shield\Authentication\Authenticators\Session->loggedIn()
13 VENDORPATH\codeigniter4\shield\src\Collectors\Auth.php(76): CodeIgniter\Shield\Auth->__call('loggedIn', [])
14 SYSTEMPATH\Debug\Toolbar\Collectors\BaseCollector.php(228): CodeIgniter\Shield\Collectors\Auth->display()
15 SYSTEMPATH\Debug\Toolbar.php(95): CodeIgniter\Debug\Toolbar\Collectors\BaseCollector->getAsArray()
16 SYSTEMPATH\Debug\Toolbar.php(390): CodeIgniter\Debug\Toolbar->run(1747715199.710613, 0.0431, Object(CodeIgniter\HTTP\IncomingRequest), Object(CodeIgniter\HTTP\Response))
17 SYSTEMPATH\Filters\DebugToolbar.php(44): CodeIgniter\Debug\Toolbar->prepare(Object(CodeIgniter\HTTP\IncomingRequest), Object(CodeIgniter\HTTP\Response))
18 SYSTEMPATH\Filters\Filters.php(278): CodeIgniter\Filters\DebugToolbar->after(Object(CodeIgniter\HTTP\IncomingRequest), Object(CodeIgniter\HTTP\Response), null)
19 SYSTEMPATH\Filters\Filters.php(364): CodeIgniter\Filters\Filters->runAfter([...])
20 SYSTEMPATH\CodeIgniter.php(407): CodeIgniter\Filters\Filters->runRequired('after')
21 SYSTEMPATH\CodeIgniter.php(368): CodeIgniter\CodeIgniter->runRequiredAfterFilters(Object(CodeIgniter\Filters\Filters))
22 SYSTEMPATH\Boot.php(334): CodeIgniter\CodeIgniter->run()
23 SYSTEMPATH\Boot.php(67): CodeIgniter\Boot::runCodeIgniter(Object(CodeIgniter\CodeIgniter))
24 FCPATH\index.php(59): CodeIgniter\Boot::bootWeb(Object(Config\Paths))
CRITICAL - 2025-05-20 04:26:39 --> [Caused by] mysqli_sql_exception: Table 'saiyoojyam.saiyoojyam_settings' doesn't exist
in SYSTEMPATH\Database\MySQLi\Connection.php on line 327.
 1 SYSTEMPATH\Database\MySQLi\Connection.php(327): mysqli->query('SELECT *
FROM `saiyoojyam_settings`
WHERE `context` IS NULL', 0)
 2 SYSTEMPATH\Database\BaseConnection.php(738): CodeIgniter\Database\MySQLi\Connection->execute('SELECT *
FROM `saiyoojyam_settings`
WHERE `context` IS NULL')
 3 SYSTEMPATH\Database\BaseConnection.php(652): CodeIgniter\Database\BaseConnection->simpleQuery('SELECT *
FROM `saiyoojyam_settings`
WHERE `context` IS NULL')
 4 SYSTEMPATH\Database\BaseBuilder.php(1649): CodeIgniter\Database\BaseConnection->query('SELECT *
FROM `saiyoojyam_settings`
WHERE `context` IS NULL', [], false)
 5 VENDORPATH\codeigniter4\settings\src\Handlers\DatabaseHandler.php(186): CodeIgniter\Database\BaseBuilder->get()
 6 VENDORPATH\codeigniter4\settings\src\Handlers\DatabaseHandler.php(51): CodeIgniter\Settings\Handlers\DatabaseHandler->hydrate(null)
 7 VENDORPATH\codeigniter4\settings\src\Settings.php(59): CodeIgniter\Settings\Handlers\DatabaseHandler->has('Config\\Auth', 'sessionConfig', null)
 8 VENDORPATH\codeigniter4\settings\src\Helpers\setting_helper.php(25): CodeIgniter\Settings\Settings->get('Auth.sessionConfig')
 9 VENDORPATH\codeigniter4\shield\src\Authentication\Authenticators\Session.php(685): setting('Auth.sessionConfig')
10 VENDORPATH\codeigniter4\shield\src\Authentication\Authenticators\Session.php(703): CodeIgniter\Shield\Authentication\Authenticators\Session->getSessionUserInfo()
11 VENDORPATH\codeigniter4\shield\src\Authentication\Authenticators\Session.php(390): CodeIgniter\Shield\Authentication\Authenticators\Session->getSessionUserKey('id')
12 VENDORPATH\codeigniter4\shield\src\Authentication\Authenticators\Session.php(374): CodeIgniter\Shield\Authentication\Authenticators\Session->checkUserState()
13 VENDORPATH\codeigniter4\shield\src\Auth.php(191): CodeIgniter\Shield\Authentication\Authenticators\Session->loggedIn()
14 VENDORPATH\codeigniter4\shield\src\Collectors\Auth.php(76): CodeIgniter\Shield\Auth->__call('loggedIn', [])
15 SYSTEMPATH\Debug\Toolbar\Collectors\BaseCollector.php(228): CodeIgniter\Shield\Collectors\Auth->display()
16 SYSTEMPATH\Debug\Toolbar.php(95): CodeIgniter\Debug\Toolbar\Collectors\BaseCollector->getAsArray()
17 SYSTEMPATH\Debug\Toolbar.php(390): CodeIgniter\Debug\Toolbar->run(1747715199.710613, 0.0431, Object(CodeIgniter\HTTP\IncomingRequest), Object(CodeIgniter\HTTP\Response))
18 SYSTEMPATH\Filters\DebugToolbar.php(44): CodeIgniter\Debug\Toolbar->prepare(Object(CodeIgniter\HTTP\IncomingRequest), Object(CodeIgniter\HTTP\Response))
19 SYSTEMPATH\Filters\Filters.php(278): CodeIgniter\Filters\DebugToolbar->after(Object(CodeIgniter\HTTP\IncomingRequest), Object(CodeIgniter\HTTP\Response), null)
20 SYSTEMPATH\Filters\Filters.php(364): CodeIgniter\Filters\Filters->runAfter([...])
21 SYSTEMPATH\CodeIgniter.php(407): CodeIgniter\Filters\Filters->runRequired('after')
22 SYSTEMPATH\CodeIgniter.php(368): CodeIgniter\CodeIgniter->runRequiredAfterFilters(Object(CodeIgniter\Filters\Filters))
23 SYSTEMPATH\Boot.php(334): CodeIgniter\CodeIgniter->run()
24 SYSTEMPATH\Boot.php(67): CodeIgniter\Boot::runCodeIgniter(Object(CodeIgniter\CodeIgniter))
25 FCPATH\index.php(59): CodeIgniter\Boot::bootWeb(Object(Config\Paths))
ERROR - 2025-05-20 04:26:40 --> mysqli_sql_exception: Table 'saiyoojyam.saiyoojyam_settings' doesn't exist in C:\xampp\htdocs\saiyoojyam\system\Database\MySQLi\Connection.php:327
Stack trace:
#0 C:\xampp\htdocs\saiyoojyam\system\Database\MySQLi\Connection.php(327): mysqli->query('SELECT *\nFROM `...', 0)
#1 C:\xampp\htdocs\saiyoojyam\system\Database\BaseConnection.php(738): CodeIgniter\Database\MySQLi\Connection->execute('SELECT *\nFROM `...')
#2 C:\xampp\htdocs\saiyoojyam\system\Database\BaseConnection.php(652): CodeIgniter\Database\BaseConnection->simpleQuery('SELECT *\nFROM `...')
#3 C:\xampp\htdocs\saiyoojyam\system\Database\BaseBuilder.php(1649): CodeIgniter\Database\BaseConnection->query('SELECT *\nFROM `...', Array, false)
#4 C:\xampp\htdocs\saiyoojyam\vendor\codeigniter4\settings\src\Handlers\DatabaseHandler.php(186): CodeIgniter\Database\BaseBuilder->get()
#5 C:\xampp\htdocs\saiyoojyam\vendor\codeigniter4\settings\src\Handlers\DatabaseHandler.php(51): CodeIgniter\Settings\Handlers\DatabaseHandler->hydrate(NULL)
#6 C:\xampp\htdocs\saiyoojyam\vendor\codeigniter4\settings\src\Settings.php(59): CodeIgniter\Settings\Handlers\DatabaseHandler->has('Config\\Auth', 'sessionConfig', NULL)
#7 C:\xampp\htdocs\saiyoojyam\vendor\codeigniter4\settings\src\Helpers\setting_helper.php(25): CodeIgniter\Settings\Settings->get('Auth.sessionCon...')
#8 C:\xampp\htdocs\saiyoojyam\vendor\codeigniter4\shield\src\Authentication\Authenticators\Session.php(685): setting('Auth.sessionCon...')
#9 C:\xampp\htdocs\saiyoojyam\vendor\codeigniter4\shield\src\Authentication\Authenticators\Session.php(703): CodeIgniter\Shield\Authentication\Authenticators\Session->getSessionUserInfo()
#10 C:\xampp\htdocs\saiyoojyam\vendor\codeigniter4\shield\src\Authentication\Authenticators\Session.php(390): CodeIgniter\Shield\Authentication\Authenticators\Session->getSessionUserKey('id')
#11 C:\xampp\htdocs\saiyoojyam\vendor\codeigniter4\shield\src\Authentication\Authenticators\Session.php(374): CodeIgniter\Shield\Authentication\Authenticators\Session->checkUserState()
#12 C:\xampp\htdocs\saiyoojyam\vendor\codeigniter4\shield\src\Auth.php(191): CodeIgniter\Shield\Authentication\Authenticators\Session->loggedIn()
#13 C:\xampp\htdocs\saiyoojyam\vendor\codeigniter4\shield\src\Collectors\Auth.php(76): CodeIgniter\Shield\Auth->__call('loggedIn', Array)
#14 C:\xampp\htdocs\saiyoojyam\system\Debug\Toolbar\Collectors\BaseCollector.php(228): CodeIgniter\Shield\Collectors\Auth->display()
#15 C:\xampp\htdocs\saiyoojyam\system\Debug\Toolbar.php(95): CodeIgniter\Debug\Toolbar\Collectors\BaseCollector->getAsArray()
#16 C:\xampp\htdocs\saiyoojyam\system\Debug\Toolbar.php(390): CodeIgniter\Debug\Toolbar->run(1747715200.4402, 0.0426, Object(CodeIgniter\HTTP\IncomingRequest), Object(CodeIgniter\HTTP\Response))
#17 C:\xampp\htdocs\saiyoojyam\system\Filters\DebugToolbar.php(44): CodeIgniter\Debug\Toolbar->prepare(Object(CodeIgniter\HTTP\IncomingRequest), Object(CodeIgniter\HTTP\Response))
#18 C:\xampp\htdocs\saiyoojyam\system\Filters\Filters.php(278): CodeIgniter\Filters\DebugToolbar->after(Object(CodeIgniter\HTTP\IncomingRequest), Object(CodeIgniter\HTTP\Response), NULL)
#19 C:\xampp\htdocs\saiyoojyam\system\Filters\Filters.php(364): CodeIgniter\Filters\Filters->runAfter(Array)
#20 C:\xampp\htdocs\saiyoojyam\system\CodeIgniter.php(407): CodeIgniter\Filters\Filters->runRequired('after')
#21 C:\xampp\htdocs\saiyoojyam\system\CodeIgniter.php(368): CodeIgniter\CodeIgniter->runRequiredAfterFilters(Object(CodeIgniter\Filters\Filters))
#22 C:\xampp\htdocs\saiyoojyam\system\Boot.php(334): CodeIgniter\CodeIgniter->run()
#23 C:\xampp\htdocs\saiyoojyam\system\Boot.php(67): CodeIgniter\Boot::runCodeIgniter(Object(CodeIgniter\CodeIgniter))
#24 C:\xampp\htdocs\saiyoojyam\public\index.php(59): CodeIgniter\Boot::bootWeb(Object(Config\Paths))
#25 {main}
CRITICAL - 2025-05-20 04:26:40 --> CodeIgniter\Database\Exceptions\DatabaseException: Table 'saiyoojyam.saiyoojyam_settings' doesn't exist
[Method: GET, Route: Admin/RoomType]
in SYSTEMPATH\Database\BaseConnection.php on line 692.
 1 SYSTEMPATH\Database\BaseBuilder.php(1649): CodeIgniter\Database\BaseConnection->query('SELECT *
FROM `saiyoojyam_settings`
WHERE `context` IS NULL', [], false)
 2 VENDORPATH\codeigniter4\settings\src\Handlers\DatabaseHandler.php(186): CodeIgniter\Database\BaseBuilder->get()
 3 VENDORPATH\codeigniter4\settings\src\Handlers\DatabaseHandler.php(51): CodeIgniter\Settings\Handlers\DatabaseHandler->hydrate(null)
 4 VENDORPATH\codeigniter4\settings\src\Settings.php(59): CodeIgniter\Settings\Handlers\DatabaseHandler->has('Config\\Auth', 'sessionConfig', null)
 5 VENDORPATH\codeigniter4\settings\src\Helpers\setting_helper.php(25): CodeIgniter\Settings\Settings->get('Auth.sessionConfig')
 6 VENDORPATH\codeigniter4\shield\src\Authentication\Authenticators\Session.php(685): setting('Auth.sessionConfig')
 7 VENDORPATH\codeigniter4\shield\src\Authentication\Authenticators\Session.php(703): CodeIgniter\Shield\Authentication\Authenticators\Session->getSessionUserInfo()
 8 VENDORPATH\codeigniter4\shield\src\Authentication\Authenticators\Session.php(390): CodeIgniter\Shield\Authentication\Authenticators\Session->getSessionUserKey('id')
 9 VENDORPATH\codeigniter4\shield\src\Authentication\Authenticators\Session.php(374): CodeIgniter\Shield\Authentication\Authenticators\Session->checkUserState()
10 VENDORPATH\codeigniter4\shield\src\Auth.php(191): CodeIgniter\Shield\Authentication\Authenticators\Session->loggedIn()
11 VENDORPATH\codeigniter4\shield\src\Collectors\Auth.php(76): CodeIgniter\Shield\Auth->__call('loggedIn', [])
12 SYSTEMPATH\Debug\Toolbar\Collectors\BaseCollector.php(228): CodeIgniter\Shield\Collectors\Auth->display()
13 SYSTEMPATH\Debug\Toolbar.php(95): CodeIgniter\Debug\Toolbar\Collectors\BaseCollector->getAsArray()
14 SYSTEMPATH\Debug\Toolbar.php(390): CodeIgniter\Debug\Toolbar->run(1747715200.440181, 0.0426, Object(CodeIgniter\HTTP\IncomingRequest), Object(CodeIgniter\HTTP\Response))
15 SYSTEMPATH\Filters\DebugToolbar.php(44): CodeIgniter\Debug\Toolbar->prepare(Object(CodeIgniter\HTTP\IncomingRequest), Object(CodeIgniter\HTTP\Response))
16 SYSTEMPATH\Filters\Filters.php(278): CodeIgniter\Filters\DebugToolbar->after(Object(CodeIgniter\HTTP\IncomingRequest), Object(CodeIgniter\HTTP\Response), null)
17 SYSTEMPATH\Filters\Filters.php(364): CodeIgniter\Filters\Filters->runAfter([...])
18 SYSTEMPATH\CodeIgniter.php(407): CodeIgniter\Filters\Filters->runRequired('after')
19 SYSTEMPATH\CodeIgniter.php(368): CodeIgniter\CodeIgniter->runRequiredAfterFilters(Object(CodeIgniter\Filters\Filters))
20 SYSTEMPATH\Boot.php(334): CodeIgniter\CodeIgniter->run()
21 SYSTEMPATH\Boot.php(67): CodeIgniter\Boot::runCodeIgniter(Object(CodeIgniter\CodeIgniter))
22 FCPATH\index.php(59): CodeIgniter\Boot::bootWeb(Object(Config\Paths))
CRITICAL - 2025-05-20 04:26:40 --> [Caused by] CodeIgniter\Database\Exceptions\DatabaseException: Table 'saiyoojyam.saiyoojyam_settings' doesn't exist
in SYSTEMPATH\Database\MySQLi\Connection.php on line 332.
 1 SYSTEMPATH\Database\BaseConnection.php(738): CodeIgniter\Database\MySQLi\Connection->execute('SELECT *
FROM `saiyoojyam_settings`
WHERE `context` IS NULL')
 2 SYSTEMPATH\Database\BaseConnection.php(652): CodeIgniter\Database\BaseConnection->simpleQuery('SELECT *
FROM `saiyoojyam_settings`
WHERE `context` IS NULL')
 3 SYSTEMPATH\Database\BaseBuilder.php(1649): CodeIgniter\Database\BaseConnection->query('SELECT *
FROM `saiyoojyam_settings`
WHERE `context` IS NULL', [], false)
 4 VENDORPATH\codeigniter4\settings\src\Handlers\DatabaseHandler.php(186): CodeIgniter\Database\BaseBuilder->get()
 5 VENDORPATH\codeigniter4\settings\src\Handlers\DatabaseHandler.php(51): CodeIgniter\Settings\Handlers\DatabaseHandler->hydrate(null)
 6 VENDORPATH\codeigniter4\settings\src\Settings.php(59): CodeIgniter\Settings\Handlers\DatabaseHandler->has('Config\\Auth', 'sessionConfig', null)
 7 VENDORPATH\codeigniter4\settings\src\Helpers\setting_helper.php(25): CodeIgniter\Settings\Settings->get('Auth.sessionConfig')
 8 VENDORPATH\codeigniter4\shield\src\Authentication\Authenticators\Session.php(685): setting('Auth.sessionConfig')
 9 VENDORPATH\codeigniter4\shield\src\Authentication\Authenticators\Session.php(703): CodeIgniter\Shield\Authentication\Authenticators\Session->getSessionUserInfo()
10 VENDORPATH\codeigniter4\shield\src\Authentication\Authenticators\Session.php(390): CodeIgniter\Shield\Authentication\Authenticators\Session->getSessionUserKey('id')
11 VENDORPATH\codeigniter4\shield\src\Authentication\Authenticators\Session.php(374): CodeIgniter\Shield\Authentication\Authenticators\Session->checkUserState()
12 VENDORPATH\codeigniter4\shield\src\Auth.php(191): CodeIgniter\Shield\Authentication\Authenticators\Session->loggedIn()
13 VENDORPATH\codeigniter4\shield\src\Collectors\Auth.php(76): CodeIgniter\Shield\Auth->__call('loggedIn', [])
14 SYSTEMPATH\Debug\Toolbar\Collectors\BaseCollector.php(228): CodeIgniter\Shield\Collectors\Auth->display()
15 SYSTEMPATH\Debug\Toolbar.php(95): CodeIgniter\Debug\Toolbar\Collectors\BaseCollector->getAsArray()
16 SYSTEMPATH\Debug\Toolbar.php(390): CodeIgniter\Debug\Toolbar->run(1747715200.440181, 0.0426, Object(CodeIgniter\HTTP\IncomingRequest), Object(CodeIgniter\HTTP\Response))
17 SYSTEMPATH\Filters\DebugToolbar.php(44): CodeIgniter\Debug\Toolbar->prepare(Object(CodeIgniter\HTTP\IncomingRequest), Object(CodeIgniter\HTTP\Response))
18 SYSTEMPATH\Filters\Filters.php(278): CodeIgniter\Filters\DebugToolbar->after(Object(CodeIgniter\HTTP\IncomingRequest), Object(CodeIgniter\HTTP\Response), null)
19 SYSTEMPATH\Filters\Filters.php(364): CodeIgniter\Filters\Filters->runAfter([...])
20 SYSTEMPATH\CodeIgniter.php(407): CodeIgniter\Filters\Filters->runRequired('after')
21 SYSTEMPATH\CodeIgniter.php(368): CodeIgniter\CodeIgniter->runRequiredAfterFilters(Object(CodeIgniter\Filters\Filters))
22 SYSTEMPATH\Boot.php(334): CodeIgniter\CodeIgniter->run()
23 SYSTEMPATH\Boot.php(67): CodeIgniter\Boot::runCodeIgniter(Object(CodeIgniter\CodeIgniter))
24 FCPATH\index.php(59): CodeIgniter\Boot::bootWeb(Object(Config\Paths))
CRITICAL - 2025-05-20 04:26:40 --> [Caused by] mysqli_sql_exception: Table 'saiyoojyam.saiyoojyam_settings' doesn't exist
in SYSTEMPATH\Database\MySQLi\Connection.php on line 327.
 1 SYSTEMPATH\Database\MySQLi\Connection.php(327): mysqli->query('SELECT *
FROM `saiyoojyam_settings`
WHERE `context` IS NULL', 0)
 2 SYSTEMPATH\Database\BaseConnection.php(738): CodeIgniter\Database\MySQLi\Connection->execute('SELECT *
FROM `saiyoojyam_settings`
WHERE `context` IS NULL')
 3 SYSTEMPATH\Database\BaseConnection.php(652): CodeIgniter\Database\BaseConnection->simpleQuery('SELECT *
FROM `saiyoojyam_settings`
WHERE `context` IS NULL')
 4 SYSTEMPATH\Database\BaseBuilder.php(1649): CodeIgniter\Database\BaseConnection->query('SELECT *
FROM `saiyoojyam_settings`
WHERE `context` IS NULL', [], false)
 5 VENDORPATH\codeigniter4\settings\src\Handlers\DatabaseHandler.php(186): CodeIgniter\Database\BaseBuilder->get()
 6 VENDORPATH\codeigniter4\settings\src\Handlers\DatabaseHandler.php(51): CodeIgniter\Settings\Handlers\DatabaseHandler->hydrate(null)
 7 VENDORPATH\codeigniter4\settings\src\Settings.php(59): CodeIgniter\Settings\Handlers\DatabaseHandler->has('Config\\Auth', 'sessionConfig', null)
 8 VENDORPATH\codeigniter4\settings\src\Helpers\setting_helper.php(25): CodeIgniter\Settings\Settings->get('Auth.sessionConfig')
 9 VENDORPATH\codeigniter4\shield\src\Authentication\Authenticators\Session.php(685): setting('Auth.sessionConfig')
10 VENDORPATH\codeigniter4\shield\src\Authentication\Authenticators\Session.php(703): CodeIgniter\Shield\Authentication\Authenticators\Session->getSessionUserInfo()
11 VENDORPATH\codeigniter4\shield\src\Authentication\Authenticators\Session.php(390): CodeIgniter\Shield\Authentication\Authenticators\Session->getSessionUserKey('id')
12 VENDORPATH\codeigniter4\shield\src\Authentication\Authenticators\Session.php(374): CodeIgniter\Shield\Authentication\Authenticators\Session->checkUserState()
13 VENDORPATH\codeigniter4\shield\src\Auth.php(191): CodeIgniter\Shield\Authentication\Authenticators\Session->loggedIn()
14 VENDORPATH\codeigniter4\shield\src\Collectors\Auth.php(76): CodeIgniter\Shield\Auth->__call('loggedIn', [])
15 SYSTEMPATH\Debug\Toolbar\Collectors\BaseCollector.php(228): CodeIgniter\Shield\Collectors\Auth->display()
16 SYSTEMPATH\Debug\Toolbar.php(95): CodeIgniter\Debug\Toolbar\Collectors\BaseCollector->getAsArray()
17 SYSTEMPATH\Debug\Toolbar.php(390): CodeIgniter\Debug\Toolbar->run(1747715200.440181, 0.0426, Object(CodeIgniter\HTTP\IncomingRequest), Object(CodeIgniter\HTTP\Response))
18 SYSTEMPATH\Filters\DebugToolbar.php(44): CodeIgniter\Debug\Toolbar->prepare(Object(CodeIgniter\HTTP\IncomingRequest), Object(CodeIgniter\HTTP\Response))
19 SYSTEMPATH\Filters\Filters.php(278): CodeIgniter\Filters\DebugToolbar->after(Object(CodeIgniter\HTTP\IncomingRequest), Object(CodeIgniter\HTTP\Response), null)
20 SYSTEMPATH\Filters\Filters.php(364): CodeIgniter\Filters\Filters->runAfter([...])
21 SYSTEMPATH\CodeIgniter.php(407): CodeIgniter\Filters\Filters->runRequired('after')
22 SYSTEMPATH\CodeIgniter.php(368): CodeIgniter\CodeIgniter->runRequiredAfterFilters(Object(CodeIgniter\Filters\Filters))
23 SYSTEMPATH\Boot.php(334): CodeIgniter\CodeIgniter->run()
24 SYSTEMPATH\Boot.php(67): CodeIgniter\Boot::runCodeIgniter(Object(CodeIgniter\CodeIgniter))
25 FCPATH\index.php(59): CodeIgniter\Boot::bootWeb(Object(Config\Paths))
ERROR - 2025-05-20 04:26:40 --> mysqli_sql_exception: Table 'saiyoojyam.saiyoojyam_settings' doesn't exist in C:\xampp\htdocs\saiyoojyam\system\Database\MySQLi\Connection.php:327
Stack trace:
#0 C:\xampp\htdocs\saiyoojyam\system\Database\MySQLi\Connection.php(327): mysqli->query('SELECT *\nFROM `...', 0)
#1 C:\xampp\htdocs\saiyoojyam\system\Database\BaseConnection.php(738): CodeIgniter\Database\MySQLi\Connection->execute('SELECT *\nFROM `...')
#2 C:\xampp\htdocs\saiyoojyam\system\Database\BaseConnection.php(652): CodeIgniter\Database\BaseConnection->simpleQuery('SELECT *\nFROM `...')
#3 C:\xampp\htdocs\saiyoojyam\system\Database\BaseBuilder.php(1649): CodeIgniter\Database\BaseConnection->query('SELECT *\nFROM `...', Array, false)
#4 C:\xampp\htdocs\saiyoojyam\vendor\codeigniter4\settings\src\Handlers\DatabaseHandler.php(186): CodeIgniter\Database\BaseBuilder->get()
#5 C:\xampp\htdocs\saiyoojyam\vendor\codeigniter4\settings\src\Handlers\DatabaseHandler.php(51): CodeIgniter\Settings\Handlers\DatabaseHandler->hydrate(NULL)
#6 C:\xampp\htdocs\saiyoojyam\vendor\codeigniter4\settings\src\Settings.php(59): CodeIgniter\Settings\Handlers\DatabaseHandler->has('Config\\Auth', 'sessionConfig', NULL)
#7 C:\xampp\htdocs\saiyoojyam\vendor\codeigniter4\settings\src\Helpers\setting_helper.php(25): CodeIgniter\Settings\Settings->get('Auth.sessionCon...')
#8 C:\xampp\htdocs\saiyoojyam\vendor\codeigniter4\shield\src\Authentication\Authenticators\Session.php(685): setting('Auth.sessionCon...')
#9 C:\xampp\htdocs\saiyoojyam\vendor\codeigniter4\shield\src\Authentication\Authenticators\Session.php(703): CodeIgniter\Shield\Authentication\Authenticators\Session->getSessionUserInfo()
#10 C:\xampp\htdocs\saiyoojyam\vendor\codeigniter4\shield\src\Authentication\Authenticators\Session.php(390): CodeIgniter\Shield\Authentication\Authenticators\Session->getSessionUserKey('id')
#11 C:\xampp\htdocs\saiyoojyam\vendor\codeigniter4\shield\src\Authentication\Authenticators\Session.php(374): CodeIgniter\Shield\Authentication\Authenticators\Session->checkUserState()
#12 C:\xampp\htdocs\saiyoojyam\vendor\codeigniter4\shield\src\Auth.php(191): CodeIgniter\Shield\Authentication\Authenticators\Session->loggedIn()
#13 C:\xampp\htdocs\saiyoojyam\vendor\codeigniter4\shield\src\Collectors\Auth.php(76): CodeIgniter\Shield\Auth->__call('loggedIn', Array)
#14 C:\xampp\htdocs\saiyoojyam\system\Debug\Toolbar\Collectors\BaseCollector.php(228): CodeIgniter\Shield\Collectors\Auth->display()
#15 C:\xampp\htdocs\saiyoojyam\system\Debug\Toolbar.php(95): CodeIgniter\Debug\Toolbar\Collectors\BaseCollector->getAsArray()
#16 C:\xampp\htdocs\saiyoojyam\system\Debug\Toolbar.php(390): CodeIgniter\Debug\Toolbar->run(1747715200.6904, 0.0426, Object(CodeIgniter\HTTP\IncomingRequest), Object(CodeIgniter\HTTP\Response))
#17 C:\xampp\htdocs\saiyoojyam\system\Filters\DebugToolbar.php(44): CodeIgniter\Debug\Toolbar->prepare(Object(CodeIgniter\HTTP\IncomingRequest), Object(CodeIgniter\HTTP\Response))
#18 C:\xampp\htdocs\saiyoojyam\system\Filters\Filters.php(278): CodeIgniter\Filters\DebugToolbar->after(Object(CodeIgniter\HTTP\IncomingRequest), Object(CodeIgniter\HTTP\Response), NULL)
#19 C:\xampp\htdocs\saiyoojyam\system\Filters\Filters.php(364): CodeIgniter\Filters\Filters->runAfter(Array)
#20 C:\xampp\htdocs\saiyoojyam\system\CodeIgniter.php(407): CodeIgniter\Filters\Filters->runRequired('after')
#21 C:\xampp\htdocs\saiyoojyam\system\CodeIgniter.php(368): CodeIgniter\CodeIgniter->runRequiredAfterFilters(Object(CodeIgniter\Filters\Filters))
#22 C:\xampp\htdocs\saiyoojyam\system\Boot.php(334): CodeIgniter\CodeIgniter->run()
#23 C:\xampp\htdocs\saiyoojyam\system\Boot.php(67): CodeIgniter\Boot::runCodeIgniter(Object(CodeIgniter\CodeIgniter))
#24 C:\xampp\htdocs\saiyoojyam\public\index.php(59): CodeIgniter\Boot::bootWeb(Object(Config\Paths))
#25 {main}
CRITICAL - 2025-05-20 04:26:40 --> CodeIgniter\Database\Exceptions\DatabaseException: Table 'saiyoojyam.saiyoojyam_settings' doesn't exist
[Method: GET, Route: Admin/RoomType]
in SYSTEMPATH\Database\BaseConnection.php on line 692.
 1 SYSTEMPATH\Database\BaseBuilder.php(1649): CodeIgniter\Database\BaseConnection->query('SELECT *
FROM `saiyoojyam_settings`
WHERE `context` IS NULL', [], false)
 2 VENDORPATH\codeigniter4\settings\src\Handlers\DatabaseHandler.php(186): CodeIgniter\Database\BaseBuilder->get()
 3 VENDORPATH\codeigniter4\settings\src\Handlers\DatabaseHandler.php(51): CodeIgniter\Settings\Handlers\DatabaseHandler->hydrate(null)
 4 VENDORPATH\codeigniter4\settings\src\Settings.php(59): CodeIgniter\Settings\Handlers\DatabaseHandler->has('Config\\Auth', 'sessionConfig', null)
 5 VENDORPATH\codeigniter4\settings\src\Helpers\setting_helper.php(25): CodeIgniter\Settings\Settings->get('Auth.sessionConfig')
 6 VENDORPATH\codeigniter4\shield\src\Authentication\Authenticators\Session.php(685): setting('Auth.sessionConfig')
 7 VENDORPATH\codeigniter4\shield\src\Authentication\Authenticators\Session.php(703): CodeIgniter\Shield\Authentication\Authenticators\Session->getSessionUserInfo()
 8 VENDORPATH\codeigniter4\shield\src\Authentication\Authenticators\Session.php(390): CodeIgniter\Shield\Authentication\Authenticators\Session->getSessionUserKey('id')
 9 VENDORPATH\codeigniter4\shield\src\Authentication\Authenticators\Session.php(374): CodeIgniter\Shield\Authentication\Authenticators\Session->checkUserState()
10 VENDORPATH\codeigniter4\shield\src\Auth.php(191): CodeIgniter\Shield\Authentication\Authenticators\Session->loggedIn()
11 VENDORPATH\codeigniter4\shield\src\Collectors\Auth.php(76): CodeIgniter\Shield\Auth->__call('loggedIn', [])
12 SYSTEMPATH\Debug\Toolbar\Collectors\BaseCollector.php(228): CodeIgniter\Shield\Collectors\Auth->display()
13 SYSTEMPATH\Debug\Toolbar.php(95): CodeIgniter\Debug\Toolbar\Collectors\BaseCollector->getAsArray()
14 SYSTEMPATH\Debug\Toolbar.php(390): CodeIgniter\Debug\Toolbar->run(1747715200.690351, 0.0426, Object(CodeIgniter\HTTP\IncomingRequest), Object(CodeIgniter\HTTP\Response))
15 SYSTEMPATH\Filters\DebugToolbar.php(44): CodeIgniter\Debug\Toolbar->prepare(Object(CodeIgniter\HTTP\IncomingRequest), Object(CodeIgniter\HTTP\Response))
16 SYSTEMPATH\Filters\Filters.php(278): CodeIgniter\Filters\DebugToolbar->after(Object(CodeIgniter\HTTP\IncomingRequest), Object(CodeIgniter\HTTP\Response), null)
17 SYSTEMPATH\Filters\Filters.php(364): CodeIgniter\Filters\Filters->runAfter([...])
18 SYSTEMPATH\CodeIgniter.php(407): CodeIgniter\Filters\Filters->runRequired('after')
19 SYSTEMPATH\CodeIgniter.php(368): CodeIgniter\CodeIgniter->runRequiredAfterFilters(Object(CodeIgniter\Filters\Filters))
20 SYSTEMPATH\Boot.php(334): CodeIgniter\CodeIgniter->run()
21 SYSTEMPATH\Boot.php(67): CodeIgniter\Boot::runCodeIgniter(Object(CodeIgniter\CodeIgniter))
22 FCPATH\index.php(59): CodeIgniter\Boot::bootWeb(Object(Config\Paths))
CRITICAL - 2025-05-20 04:26:40 --> [Caused by] CodeIgniter\Database\Exceptions\DatabaseException: Table 'saiyoojyam.saiyoojyam_settings' doesn't exist
in SYSTEMPATH\Database\MySQLi\Connection.php on line 332.
 1 SYSTEMPATH\Database\BaseConnection.php(738): CodeIgniter\Database\MySQLi\Connection->execute('SELECT *
FROM `saiyoojyam_settings`
WHERE `context` IS NULL')
 2 SYSTEMPATH\Database\BaseConnection.php(652): CodeIgniter\Database\BaseConnection->simpleQuery('SELECT *
FROM `saiyoojyam_settings`
WHERE `context` IS NULL')
 3 SYSTEMPATH\Database\BaseBuilder.php(1649): CodeIgniter\Database\BaseConnection->query('SELECT *
FROM `saiyoojyam_settings`
WHERE `context` IS NULL', [], false)
 4 VENDORPATH\codeigniter4\settings\src\Handlers\DatabaseHandler.php(186): CodeIgniter\Database\BaseBuilder->get()
 5 VENDORPATH\codeigniter4\settings\src\Handlers\DatabaseHandler.php(51): CodeIgniter\Settings\Handlers\DatabaseHandler->hydrate(null)
 6 VENDORPATH\codeigniter4\settings\src\Settings.php(59): CodeIgniter\Settings\Handlers\DatabaseHandler->has('Config\\Auth', 'sessionConfig', null)
 7 VENDORPATH\codeigniter4\settings\src\Helpers\setting_helper.php(25): CodeIgniter\Settings\Settings->get('Auth.sessionConfig')
 8 VENDORPATH\codeigniter4\shield\src\Authentication\Authenticators\Session.php(685): setting('Auth.sessionConfig')
 9 VENDORPATH\codeigniter4\shield\src\Authentication\Authenticators\Session.php(703): CodeIgniter\Shield\Authentication\Authenticators\Session->getSessionUserInfo()
10 VENDORPATH\codeigniter4\shield\src\Authentication\Authenticators\Session.php(390): CodeIgniter\Shield\Authentication\Authenticators\Session->getSessionUserKey('id')
11 VENDORPATH\codeigniter4\shield\src\Authentication\Authenticators\Session.php(374): CodeIgniter\Shield\Authentication\Authenticators\Session->checkUserState()
12 VENDORPATH\codeigniter4\shield\src\Auth.php(191): CodeIgniter\Shield\Authentication\Authenticators\Session->loggedIn()
13 VENDORPATH\codeigniter4\shield\src\Collectors\Auth.php(76): CodeIgniter\Shield\Auth->__call('loggedIn', [])
14 SYSTEMPATH\Debug\Toolbar\Collectors\BaseCollector.php(228): CodeIgniter\Shield\Collectors\Auth->display()
15 SYSTEMPATH\Debug\Toolbar.php(95): CodeIgniter\Debug\Toolbar\Collectors\BaseCollector->getAsArray()
16 SYSTEMPATH\Debug\Toolbar.php(390): CodeIgniter\Debug\Toolbar->run(1747715200.690351, 0.0426, Object(CodeIgniter\HTTP\IncomingRequest), Object(CodeIgniter\HTTP\Response))
17 SYSTEMPATH\Filters\DebugToolbar.php(44): CodeIgniter\Debug\Toolbar->prepare(Object(CodeIgniter\HTTP\IncomingRequest), Object(CodeIgniter\HTTP\Response))
18 SYSTEMPATH\Filters\Filters.php(278): CodeIgniter\Filters\DebugToolbar->after(Object(CodeIgniter\HTTP\IncomingRequest), Object(CodeIgniter\HTTP\Response), null)
19 SYSTEMPATH\Filters\Filters.php(364): CodeIgniter\Filters\Filters->runAfter([...])
20 SYSTEMPATH\CodeIgniter.php(407): CodeIgniter\Filters\Filters->runRequired('after')
21 SYSTEMPATH\CodeIgniter.php(368): CodeIgniter\CodeIgniter->runRequiredAfterFilters(Object(CodeIgniter\Filters\Filters))
22 SYSTEMPATH\Boot.php(334): CodeIgniter\CodeIgniter->run()
23 SYSTEMPATH\Boot.php(67): CodeIgniter\Boot::runCodeIgniter(Object(CodeIgniter\CodeIgniter))
24 FCPATH\index.php(59): CodeIgniter\Boot::bootWeb(Object(Config\Paths))
CRITICAL - 2025-05-20 04:26:40 --> [Caused by] mysqli_sql_exception: Table 'saiyoojyam.saiyoojyam_settings' doesn't exist
in SYSTEMPATH\Database\MySQLi\Connection.php on line 327.
 1 SYSTEMPATH\Database\MySQLi\Connection.php(327): mysqli->query('SELECT *
FROM `saiyoojyam_settings`
WHERE `context` IS NULL', 0)
 2 SYSTEMPATH\Database\BaseConnection.php(738): CodeIgniter\Database\MySQLi\Connection->execute('SELECT *
FROM `saiyoojyam_settings`
WHERE `context` IS NULL')
 3 SYSTEMPATH\Database\BaseConnection.php(652): CodeIgniter\Database\BaseConnection->simpleQuery('SELECT *
FROM `saiyoojyam_settings`
WHERE `context` IS NULL')
 4 SYSTEMPATH\Database\BaseBuilder.php(1649): CodeIgniter\Database\BaseConnection->query('SELECT *
FROM `saiyoojyam_settings`
WHERE `context` IS NULL', [], false)
 5 VENDORPATH\codeigniter4\settings\src\Handlers\DatabaseHandler.php(186): CodeIgniter\Database\BaseBuilder->get()
 6 VENDORPATH\codeigniter4\settings\src\Handlers\DatabaseHandler.php(51): CodeIgniter\Settings\Handlers\DatabaseHandler->hydrate(null)
 7 VENDORPATH\codeigniter4\settings\src\Settings.php(59): CodeIgniter\Settings\Handlers\DatabaseHandler->has('Config\\Auth', 'sessionConfig', null)
 8 VENDORPATH\codeigniter4\settings\src\Helpers\setting_helper.php(25): CodeIgniter\Settings\Settings->get('Auth.sessionConfig')
 9 VENDORPATH\codeigniter4\shield\src\Authentication\Authenticators\Session.php(685): setting('Auth.sessionConfig')
10 VENDORPATH\codeigniter4\shield\src\Authentication\Authenticators\Session.php(703): CodeIgniter\Shield\Authentication\Authenticators\Session->getSessionUserInfo()
11 VENDORPATH\codeigniter4\shield\src\Authentication\Authenticators\Session.php(390): CodeIgniter\Shield\Authentication\Authenticators\Session->getSessionUserKey('id')
12 VENDORPATH\codeigniter4\shield\src\Authentication\Authenticators\Session.php(374): CodeIgniter\Shield\Authentication\Authenticators\Session->checkUserState()
13 VENDORPATH\codeigniter4\shield\src\Auth.php(191): CodeIgniter\Shield\Authentication\Authenticators\Session->loggedIn()
14 VENDORPATH\codeigniter4\shield\src\Collectors\Auth.php(76): CodeIgniter\Shield\Auth->__call('loggedIn', [])
15 SYSTEMPATH\Debug\Toolbar\Collectors\BaseCollector.php(228): CodeIgniter\Shield\Collectors\Auth->display()
16 SYSTEMPATH\Debug\Toolbar.php(95): CodeIgniter\Debug\Toolbar\Collectors\BaseCollector->getAsArray()
17 SYSTEMPATH\Debug\Toolbar.php(390): CodeIgniter\Debug\Toolbar->run(1747715200.690351, 0.0426, Object(CodeIgniter\HTTP\IncomingRequest), Object(CodeIgniter\HTTP\Response))
18 SYSTEMPATH\Filters\DebugToolbar.php(44): CodeIgniter\Debug\Toolbar->prepare(Object(CodeIgniter\HTTP\IncomingRequest), Object(CodeIgniter\HTTP\Response))
19 SYSTEMPATH\Filters\Filters.php(278): CodeIgniter\Filters\DebugToolbar->after(Object(CodeIgniter\HTTP\IncomingRequest), Object(CodeIgniter\HTTP\Response), null)
20 SYSTEMPATH\Filters\Filters.php(364): CodeIgniter\Filters\Filters->runAfter([...])
21 SYSTEMPATH\CodeIgniter.php(407): CodeIgniter\Filters\Filters->runRequired('after')
22 SYSTEMPATH\CodeIgniter.php(368): CodeIgniter\CodeIgniter->runRequiredAfterFilters(Object(CodeIgniter\Filters\Filters))
23 SYSTEMPATH\Boot.php(334): CodeIgniter\CodeIgniter->run()
24 SYSTEMPATH\Boot.php(67): CodeIgniter\Boot::runCodeIgniter(Object(CodeIgniter\CodeIgniter))
25 FCPATH\index.php(59): CodeIgniter\Boot::bootWeb(Object(Config\Paths))
ERROR - 2025-05-20 04:26:41 --> mysqli_sql_exception: Table 'saiyoojyam.saiyoojyam_settings' doesn't exist in C:\xampp\htdocs\saiyoojyam\system\Database\MySQLi\Connection.php:327
Stack trace:
#0 C:\xampp\htdocs\saiyoojyam\system\Database\MySQLi\Connection.php(327): mysqli->query('SELECT *\nFROM `...', 0)
#1 C:\xampp\htdocs\saiyoojyam\system\Database\BaseConnection.php(738): CodeIgniter\Database\MySQLi\Connection->execute('SELECT *\nFROM `...')
#2 C:\xampp\htdocs\saiyoojyam\system\Database\BaseConnection.php(652): CodeIgniter\Database\BaseConnection->simpleQuery('SELECT *\nFROM `...')
#3 C:\xampp\htdocs\saiyoojyam\system\Database\BaseBuilder.php(1649): CodeIgniter\Database\BaseConnection->query('SELECT *\nFROM `...', Array, false)
#4 C:\xampp\htdocs\saiyoojyam\vendor\codeigniter4\settings\src\Handlers\DatabaseHandler.php(186): CodeIgniter\Database\BaseBuilder->get()
#5 C:\xampp\htdocs\saiyoojyam\vendor\codeigniter4\settings\src\Handlers\DatabaseHandler.php(51): CodeIgniter\Settings\Handlers\DatabaseHandler->hydrate(NULL)
#6 C:\xampp\htdocs\saiyoojyam\vendor\codeigniter4\settings\src\Settings.php(59): CodeIgniter\Settings\Handlers\DatabaseHandler->has('Config\\Auth', 'sessionConfig', NULL)
#7 C:\xampp\htdocs\saiyoojyam\vendor\codeigniter4\settings\src\Helpers\setting_helper.php(25): CodeIgniter\Settings\Settings->get('Auth.sessionCon...')
#8 C:\xampp\htdocs\saiyoojyam\vendor\codeigniter4\shield\src\Authentication\Authenticators\Session.php(685): setting('Auth.sessionCon...')
#9 C:\xampp\htdocs\saiyoojyam\vendor\codeigniter4\shield\src\Authentication\Authenticators\Session.php(703): CodeIgniter\Shield\Authentication\Authenticators\Session->getSessionUserInfo()
#10 C:\xampp\htdocs\saiyoojyam\vendor\codeigniter4\shield\src\Authentication\Authenticators\Session.php(390): CodeIgniter\Shield\Authentication\Authenticators\Session->getSessionUserKey('id')
#11 C:\xampp\htdocs\saiyoojyam\vendor\codeigniter4\shield\src\Authentication\Authenticators\Session.php(374): CodeIgniter\Shield\Authentication\Authenticators\Session->checkUserState()
#12 C:\xampp\htdocs\saiyoojyam\vendor\codeigniter4\shield\src\Auth.php(191): CodeIgniter\Shield\Authentication\Authenticators\Session->loggedIn()
#13 C:\xampp\htdocs\saiyoojyam\vendor\codeigniter4\shield\src\Collectors\Auth.php(76): CodeIgniter\Shield\Auth->__call('loggedIn', Array)
#14 C:\xampp\htdocs\saiyoojyam\system\Debug\Toolbar\Collectors\BaseCollector.php(228): CodeIgniter\Shield\Collectors\Auth->display()
#15 C:\xampp\htdocs\saiyoojyam\system\Debug\Toolbar.php(95): CodeIgniter\Debug\Toolbar\Collectors\BaseCollector->getAsArray()
#16 C:\xampp\htdocs\saiyoojyam\system\Debug\Toolbar.php(390): CodeIgniter\Debug\Toolbar->run(1747715200.9225, 0.0466, Object(CodeIgniter\HTTP\IncomingRequest), Object(CodeIgniter\HTTP\Response))
#17 C:\xampp\htdocs\saiyoojyam\system\Filters\DebugToolbar.php(44): CodeIgniter\Debug\Toolbar->prepare(Object(CodeIgniter\HTTP\IncomingRequest), Object(CodeIgniter\HTTP\Response))
#18 C:\xampp\htdocs\saiyoojyam\system\Filters\Filters.php(278): CodeIgniter\Filters\DebugToolbar->after(Object(CodeIgniter\HTTP\IncomingRequest), Object(CodeIgniter\HTTP\Response), NULL)
#19 C:\xampp\htdocs\saiyoojyam\system\Filters\Filters.php(364): CodeIgniter\Filters\Filters->runAfter(Array)
#20 C:\xampp\htdocs\saiyoojyam\system\CodeIgniter.php(407): CodeIgniter\Filters\Filters->runRequired('after')
#21 C:\xampp\htdocs\saiyoojyam\system\CodeIgniter.php(368): CodeIgniter\CodeIgniter->runRequiredAfterFilters(Object(CodeIgniter\Filters\Filters))
#22 C:\xampp\htdocs\saiyoojyam\system\Boot.php(334): CodeIgniter\CodeIgniter->run()
#23 C:\xampp\htdocs\saiyoojyam\system\Boot.php(67): CodeIgniter\Boot::runCodeIgniter(Object(CodeIgniter\CodeIgniter))
#24 C:\xampp\htdocs\saiyoojyam\public\index.php(59): CodeIgniter\Boot::bootWeb(Object(Config\Paths))
#25 {main}
CRITICAL - 2025-05-20 04:26:41 --> CodeIgniter\Database\Exceptions\DatabaseException: Table 'saiyoojyam.saiyoojyam_settings' doesn't exist
[Method: GET, Route: Admin/RoomType]
in SYSTEMPATH\Database\BaseConnection.php on line 692.
 1 SYSTEMPATH\Database\BaseBuilder.php(1649): CodeIgniter\Database\BaseConnection->query('SELECT *
FROM `saiyoojyam_settings`
WHERE `context` IS NULL', [], false)
 2 VENDORPATH\codeigniter4\settings\src\Handlers\DatabaseHandler.php(186): CodeIgniter\Database\BaseBuilder->get()
 3 VENDORPATH\codeigniter4\settings\src\Handlers\DatabaseHandler.php(51): CodeIgniter\Settings\Handlers\DatabaseHandler->hydrate(null)
 4 VENDORPATH\codeigniter4\settings\src\Settings.php(59): CodeIgniter\Settings\Handlers\DatabaseHandler->has('Config\\Auth', 'sessionConfig', null)
 5 VENDORPATH\codeigniter4\settings\src\Helpers\setting_helper.php(25): CodeIgniter\Settings\Settings->get('Auth.sessionConfig')
 6 VENDORPATH\codeigniter4\shield\src\Authentication\Authenticators\Session.php(685): setting('Auth.sessionConfig')
 7 VENDORPATH\codeigniter4\shield\src\Authentication\Authenticators\Session.php(703): CodeIgniter\Shield\Authentication\Authenticators\Session->getSessionUserInfo()
 8 VENDORPATH\codeigniter4\shield\src\Authentication\Authenticators\Session.php(390): CodeIgniter\Shield\Authentication\Authenticators\Session->getSessionUserKey('id')
 9 VENDORPATH\codeigniter4\shield\src\Authentication\Authenticators\Session.php(374): CodeIgniter\Shield\Authentication\Authenticators\Session->checkUserState()
10 VENDORPATH\codeigniter4\shield\src\Auth.php(191): CodeIgniter\Shield\Authentication\Authenticators\Session->loggedIn()
11 VENDORPATH\codeigniter4\shield\src\Collectors\Auth.php(76): CodeIgniter\Shield\Auth->__call('loggedIn', [])
12 SYSTEMPATH\Debug\Toolbar\Collectors\BaseCollector.php(228): CodeIgniter\Shield\Collectors\Auth->display()
13 SYSTEMPATH\Debug\Toolbar.php(95): CodeIgniter\Debug\Toolbar\Collectors\BaseCollector->getAsArray()
14 SYSTEMPATH\Debug\Toolbar.php(390): CodeIgniter\Debug\Toolbar->run(1747715200.922507, 0.0466, Object(CodeIgniter\HTTP\IncomingRequest), Object(CodeIgniter\HTTP\Response))
15 SYSTEMPATH\Filters\DebugToolbar.php(44): CodeIgniter\Debug\Toolbar->prepare(Object(CodeIgniter\HTTP\IncomingRequest), Object(CodeIgniter\HTTP\Response))
16 SYSTEMPATH\Filters\Filters.php(278): CodeIgniter\Filters\DebugToolbar->after(Object(CodeIgniter\HTTP\IncomingRequest), Object(CodeIgniter\HTTP\Response), null)
17 SYSTEMPATH\Filters\Filters.php(364): CodeIgniter\Filters\Filters->runAfter([...])
18 SYSTEMPATH\CodeIgniter.php(407): CodeIgniter\Filters\Filters->runRequired('after')
19 SYSTEMPATH\CodeIgniter.php(368): CodeIgniter\CodeIgniter->runRequiredAfterFilters(Object(CodeIgniter\Filters\Filters))
20 SYSTEMPATH\Boot.php(334): CodeIgniter\CodeIgniter->run()
21 SYSTEMPATH\Boot.php(67): CodeIgniter\Boot::runCodeIgniter(Object(CodeIgniter\CodeIgniter))
22 FCPATH\index.php(59): CodeIgniter\Boot::bootWeb(Object(Config\Paths))
CRITICAL - 2025-05-20 04:26:41 --> [Caused by] CodeIgniter\Database\Exceptions\DatabaseException: Table 'saiyoojyam.saiyoojyam_settings' doesn't exist
in SYSTEMPATH\Database\MySQLi\Connection.php on line 332.
 1 SYSTEMPATH\Database\BaseConnection.php(738): CodeIgniter\Database\MySQLi\Connection->execute('SELECT *
FROM `saiyoojyam_settings`
WHERE `context` IS NULL')
 2 SYSTEMPATH\Database\BaseConnection.php(652): CodeIgniter\Database\BaseConnection->simpleQuery('SELECT *
FROM `saiyoojyam_settings`
WHERE `context` IS NULL')
 3 SYSTEMPATH\Database\BaseBuilder.php(1649): CodeIgniter\Database\BaseConnection->query('SELECT *
FROM `saiyoojyam_settings`
WHERE `context` IS NULL', [], false)
 4 VENDORPATH\codeigniter4\settings\src\Handlers\DatabaseHandler.php(186): CodeIgniter\Database\BaseBuilder->get()
 5 VENDORPATH\codeigniter4\settings\src\Handlers\DatabaseHandler.php(51): CodeIgniter\Settings\Handlers\DatabaseHandler->hydrate(null)
 6 VENDORPATH\codeigniter4\settings\src\Settings.php(59): CodeIgniter\Settings\Handlers\DatabaseHandler->has('Config\\Auth', 'sessionConfig', null)
 7 VENDORPATH\codeigniter4\settings\src\Helpers\setting_helper.php(25): CodeIgniter\Settings\Settings->get('Auth.sessionConfig')
 8 VENDORPATH\codeigniter4\shield\src\Authentication\Authenticators\Session.php(685): setting('Auth.sessionConfig')
 9 VENDORPATH\codeigniter4\shield\src\Authentication\Authenticators\Session.php(703): CodeIgniter\Shield\Authentication\Authenticators\Session->getSessionUserInfo()
10 VENDORPATH\codeigniter4\shield\src\Authentication\Authenticators\Session.php(390): CodeIgniter\Shield\Authentication\Authenticators\Session->getSessionUserKey('id')
11 VENDORPATH\codeigniter4\shield\src\Authentication\Authenticators\Session.php(374): CodeIgniter\Shield\Authentication\Authenticators\Session->checkUserState()
12 VENDORPATH\codeigniter4\shield\src\Auth.php(191): CodeIgniter\Shield\Authentication\Authenticators\Session->loggedIn()
13 VENDORPATH\codeigniter4\shield\src\Collectors\Auth.php(76): CodeIgniter\Shield\Auth->__call('loggedIn', [])
14 SYSTEMPATH\Debug\Toolbar\Collectors\BaseCollector.php(228): CodeIgniter\Shield\Collectors\Auth->display()
15 SYSTEMPATH\Debug\Toolbar.php(95): CodeIgniter\Debug\Toolbar\Collectors\BaseCollector->getAsArray()
16 SYSTEMPATH\Debug\Toolbar.php(390): CodeIgniter\Debug\Toolbar->run(1747715200.922507, 0.0466, Object(CodeIgniter\HTTP\IncomingRequest), Object(CodeIgniter\HTTP\Response))
17 SYSTEMPATH\Filters\DebugToolbar.php(44): CodeIgniter\Debug\Toolbar->prepare(Object(CodeIgniter\HTTP\IncomingRequest), Object(CodeIgniter\HTTP\Response))
18 SYSTEMPATH\Filters\Filters.php(278): CodeIgniter\Filters\DebugToolbar->after(Object(CodeIgniter\HTTP\IncomingRequest), Object(CodeIgniter\HTTP\Response), null)
19 SYSTEMPATH\Filters\Filters.php(364): CodeIgniter\Filters\Filters->runAfter([...])
20 SYSTEMPATH\CodeIgniter.php(407): CodeIgniter\Filters\Filters->runRequired('after')
21 SYSTEMPATH\CodeIgniter.php(368): CodeIgniter\CodeIgniter->runRequiredAfterFilters(Object(CodeIgniter\Filters\Filters))
22 SYSTEMPATH\Boot.php(334): CodeIgniter\CodeIgniter->run()
23 SYSTEMPATH\Boot.php(67): CodeIgniter\Boot::runCodeIgniter(Object(CodeIgniter\CodeIgniter))
24 FCPATH\index.php(59): CodeIgniter\Boot::bootWeb(Object(Config\Paths))
CRITICAL - 2025-05-20 04:26:41 --> [Caused by] mysqli_sql_exception: Table 'saiyoojyam.saiyoojyam_settings' doesn't exist
in SYSTEMPATH\Database\MySQLi\Connection.php on line 327.
 1 SYSTEMPATH\Database\MySQLi\Connection.php(327): mysqli->query('SELECT *
FROM `saiyoojyam_settings`
WHERE `context` IS NULL', 0)
 2 SYSTEMPATH\Database\BaseConnection.php(738): CodeIgniter\Database\MySQLi\Connection->execute('SELECT *
FROM `saiyoojyam_settings`
WHERE `context` IS NULL')
 3 SYSTEMPATH\Database\BaseConnection.php(652): CodeIgniter\Database\BaseConnection->simpleQuery('SELECT *
FROM `saiyoojyam_settings`
WHERE `context` IS NULL')
 4 SYSTEMPATH\Database\BaseBuilder.php(1649): CodeIgniter\Database\BaseConnection->query('SELECT *
FROM `saiyoojyam_settings`
WHERE `context` IS NULL', [], false)
 5 VENDORPATH\codeigniter4\settings\src\Handlers\DatabaseHandler.php(186): CodeIgniter\Database\BaseBuilder->get()
 6 VENDORPATH\codeigniter4\settings\src\Handlers\DatabaseHandler.php(51): CodeIgniter\Settings\Handlers\DatabaseHandler->hydrate(null)
 7 VENDORPATH\codeigniter4\settings\src\Settings.php(59): CodeIgniter\Settings\Handlers\DatabaseHandler->has('Config\\Auth', 'sessionConfig', null)
 8 VENDORPATH\codeigniter4\settings\src\Helpers\setting_helper.php(25): CodeIgniter\Settings\Settings->get('Auth.sessionConfig')
 9 VENDORPATH\codeigniter4\shield\src\Authentication\Authenticators\Session.php(685): setting('Auth.sessionConfig')
10 VENDORPATH\codeigniter4\shield\src\Authentication\Authenticators\Session.php(703): CodeIgniter\Shield\Authentication\Authenticators\Session->getSessionUserInfo()
11 VENDORPATH\codeigniter4\shield\src\Authentication\Authenticators\Session.php(390): CodeIgniter\Shield\Authentication\Authenticators\Session->getSessionUserKey('id')
12 VENDORPATH\codeigniter4\shield\src\Authentication\Authenticators\Session.php(374): CodeIgniter\Shield\Authentication\Authenticators\Session->checkUserState()
13 VENDORPATH\codeigniter4\shield\src\Auth.php(191): CodeIgniter\Shield\Authentication\Authenticators\Session->loggedIn()
14 VENDORPATH\codeigniter4\shield\src\Collectors\Auth.php(76): CodeIgniter\Shield\Auth->__call('loggedIn', [])
15 SYSTEMPATH\Debug\Toolbar\Collectors\BaseCollector.php(228): CodeIgniter\Shield\Collectors\Auth->display()
16 SYSTEMPATH\Debug\Toolbar.php(95): CodeIgniter\Debug\Toolbar\Collectors\BaseCollector->getAsArray()
17 SYSTEMPATH\Debug\Toolbar.php(390): CodeIgniter\Debug\Toolbar->run(1747715200.922507, 0.0466, Object(CodeIgniter\HTTP\IncomingRequest), Object(CodeIgniter\HTTP\Response))
18 SYSTEMPATH\Filters\DebugToolbar.php(44): CodeIgniter\Debug\Toolbar->prepare(Object(CodeIgniter\HTTP\IncomingRequest), Object(CodeIgniter\HTTP\Response))
19 SYSTEMPATH\Filters\Filters.php(278): CodeIgniter\Filters\DebugToolbar->after(Object(CodeIgniter\HTTP\IncomingRequest), Object(CodeIgniter\HTTP\Response), null)
20 SYSTEMPATH\Filters\Filters.php(364): CodeIgniter\Filters\Filters->runAfter([...])
21 SYSTEMPATH\CodeIgniter.php(407): CodeIgniter\Filters\Filters->runRequired('after')
22 SYSTEMPATH\CodeIgniter.php(368): CodeIgniter\CodeIgniter->runRequiredAfterFilters(Object(CodeIgniter\Filters\Filters))
23 SYSTEMPATH\Boot.php(334): CodeIgniter\CodeIgniter->run()
24 SYSTEMPATH\Boot.php(67): CodeIgniter\Boot::runCodeIgniter(Object(CodeIgniter\CodeIgniter))
25 FCPATH\index.php(59): CodeIgniter\Boot::bootWeb(Object(Config\Paths))
ERROR - 2025-05-20 04:26:41 --> mysqli_sql_exception: Table 'saiyoojyam.saiyoojyam_settings' doesn't exist in C:\xampp\htdocs\saiyoojyam\system\Database\MySQLi\Connection.php:327
Stack trace:
#0 C:\xampp\htdocs\saiyoojyam\system\Database\MySQLi\Connection.php(327): mysqli->query('SELECT *\nFROM `...', 0)
#1 C:\xampp\htdocs\saiyoojyam\system\Database\BaseConnection.php(738): CodeIgniter\Database\MySQLi\Connection->execute('SELECT *\nFROM `...')
#2 C:\xampp\htdocs\saiyoojyam\system\Database\BaseConnection.php(652): CodeIgniter\Database\BaseConnection->simpleQuery('SELECT *\nFROM `...')
#3 C:\xampp\htdocs\saiyoojyam\system\Database\BaseBuilder.php(1649): CodeIgniter\Database\BaseConnection->query('SELECT *\nFROM `...', Array, false)
#4 C:\xampp\htdocs\saiyoojyam\vendor\codeigniter4\settings\src\Handlers\DatabaseHandler.php(186): CodeIgniter\Database\BaseBuilder->get()
#5 C:\xampp\htdocs\saiyoojyam\vendor\codeigniter4\settings\src\Handlers\DatabaseHandler.php(51): CodeIgniter\Settings\Handlers\DatabaseHandler->hydrate(NULL)
#6 C:\xampp\htdocs\saiyoojyam\vendor\codeigniter4\settings\src\Settings.php(59): CodeIgniter\Settings\Handlers\DatabaseHandler->has('Config\\Auth', 'sessionConfig', NULL)
#7 C:\xampp\htdocs\saiyoojyam\vendor\codeigniter4\settings\src\Helpers\setting_helper.php(25): CodeIgniter\Settings\Settings->get('Auth.sessionCon...')
#8 C:\xampp\htdocs\saiyoojyam\vendor\codeigniter4\shield\src\Authentication\Authenticators\Session.php(685): setting('Auth.sessionCon...')
#9 C:\xampp\htdocs\saiyoojyam\vendor\codeigniter4\shield\src\Authentication\Authenticators\Session.php(703): CodeIgniter\Shield\Authentication\Authenticators\Session->getSessionUserInfo()
#10 C:\xampp\htdocs\saiyoojyam\vendor\codeigniter4\shield\src\Authentication\Authenticators\Session.php(390): CodeIgniter\Shield\Authentication\Authenticators\Session->getSessionUserKey('id')
#11 C:\xampp\htdocs\saiyoojyam\vendor\codeigniter4\shield\src\Authentication\Authenticators\Session.php(374): CodeIgniter\Shield\Authentication\Authenticators\Session->checkUserState()
#12 C:\xampp\htdocs\saiyoojyam\vendor\codeigniter4\shield\src\Auth.php(191): CodeIgniter\Shield\Authentication\Authenticators\Session->loggedIn()
#13 C:\xampp\htdocs\saiyoojyam\vendor\codeigniter4\shield\src\Collectors\Auth.php(76): CodeIgniter\Shield\Auth->__call('loggedIn', Array)
#14 C:\xampp\htdocs\saiyoojyam\system\Debug\Toolbar\Collectors\BaseCollector.php(228): CodeIgniter\Shield\Collectors\Auth->display()
#15 C:\xampp\htdocs\saiyoojyam\system\Debug\Toolbar.php(95): CodeIgniter\Debug\Toolbar\Collectors\BaseCollector->getAsArray()
#16 C:\xampp\htdocs\saiyoojyam\system\Debug\Toolbar.php(390): CodeIgniter\Debug\Toolbar->run(1747715201.1577, 0.0449, Object(CodeIgniter\HTTP\IncomingRequest), Object(CodeIgniter\HTTP\Response))
#17 C:\xampp\htdocs\saiyoojyam\system\Filters\DebugToolbar.php(44): CodeIgniter\Debug\Toolbar->prepare(Object(CodeIgniter\HTTP\IncomingRequest), Object(CodeIgniter\HTTP\Response))
#18 C:\xampp\htdocs\saiyoojyam\system\Filters\Filters.php(278): CodeIgniter\Filters\DebugToolbar->after(Object(CodeIgniter\HTTP\IncomingRequest), Object(CodeIgniter\HTTP\Response), NULL)
#19 C:\xampp\htdocs\saiyoojyam\system\Filters\Filters.php(364): CodeIgniter\Filters\Filters->runAfter(Array)
#20 C:\xampp\htdocs\saiyoojyam\system\CodeIgniter.php(407): CodeIgniter\Filters\Filters->runRequired('after')
#21 C:\xampp\htdocs\saiyoojyam\system\CodeIgniter.php(368): CodeIgniter\CodeIgniter->runRequiredAfterFilters(Object(CodeIgniter\Filters\Filters))
#22 C:\xampp\htdocs\saiyoojyam\system\Boot.php(334): CodeIgniter\CodeIgniter->run()
#23 C:\xampp\htdocs\saiyoojyam\system\Boot.php(67): CodeIgniter\Boot::runCodeIgniter(Object(CodeIgniter\CodeIgniter))
#24 C:\xampp\htdocs\saiyoojyam\public\index.php(59): CodeIgniter\Boot::bootWeb(Object(Config\Paths))
#25 {main}
CRITICAL - 2025-05-20 04:26:41 --> CodeIgniter\Database\Exceptions\DatabaseException: Table 'saiyoojyam.saiyoojyam_settings' doesn't exist
[Method: GET, Route: Admin/RoomType]
in SYSTEMPATH\Database\BaseConnection.php on line 692.
 1 SYSTEMPATH\Database\BaseBuilder.php(1649): CodeIgniter\Database\BaseConnection->query('SELECT *
FROM `saiyoojyam_settings`
WHERE `context` IS NULL', [], false)
 2 VENDORPATH\codeigniter4\settings\src\Handlers\DatabaseHandler.php(186): CodeIgniter\Database\BaseBuilder->get()
 3 VENDORPATH\codeigniter4\settings\src\Handlers\DatabaseHandler.php(51): CodeIgniter\Settings\Handlers\DatabaseHandler->hydrate(null)
 4 VENDORPATH\codeigniter4\settings\src\Settings.php(59): CodeIgniter\Settings\Handlers\DatabaseHandler->has('Config\\Auth', 'sessionConfig', null)
 5 VENDORPATH\codeigniter4\settings\src\Helpers\setting_helper.php(25): CodeIgniter\Settings\Settings->get('Auth.sessionConfig')
 6 VENDORPATH\codeigniter4\shield\src\Authentication\Authenticators\Session.php(685): setting('Auth.sessionConfig')
 7 VENDORPATH\codeigniter4\shield\src\Authentication\Authenticators\Session.php(703): CodeIgniter\Shield\Authentication\Authenticators\Session->getSessionUserInfo()
 8 VENDORPATH\codeigniter4\shield\src\Authentication\Authenticators\Session.php(390): CodeIgniter\Shield\Authentication\Authenticators\Session->getSessionUserKey('id')
 9 VENDORPATH\codeigniter4\shield\src\Authentication\Authenticators\Session.php(374): CodeIgniter\Shield\Authentication\Authenticators\Session->checkUserState()
10 VENDORPATH\codeigniter4\shield\src\Auth.php(191): CodeIgniter\Shield\Authentication\Authenticators\Session->loggedIn()
11 VENDORPATH\codeigniter4\shield\src\Collectors\Auth.php(76): CodeIgniter\Shield\Auth->__call('loggedIn', [])
12 SYSTEMPATH\Debug\Toolbar\Collectors\BaseCollector.php(228): CodeIgniter\Shield\Collectors\Auth->display()
13 SYSTEMPATH\Debug\Toolbar.php(95): CodeIgniter\Debug\Toolbar\Collectors\BaseCollector->getAsArray()
14 SYSTEMPATH\Debug\Toolbar.php(390): CodeIgniter\Debug\Toolbar->run(1747715201.157662, 0.0449, Object(CodeIgniter\HTTP\IncomingRequest), Object(CodeIgniter\HTTP\Response))
15 SYSTEMPATH\Filters\DebugToolbar.php(44): CodeIgniter\Debug\Toolbar->prepare(Object(CodeIgniter\HTTP\IncomingRequest), Object(CodeIgniter\HTTP\Response))
16 SYSTEMPATH\Filters\Filters.php(278): CodeIgniter\Filters\DebugToolbar->after(Object(CodeIgniter\HTTP\IncomingRequest), Object(CodeIgniter\HTTP\Response), null)
17 SYSTEMPATH\Filters\Filters.php(364): CodeIgniter\Filters\Filters->runAfter([...])
18 SYSTEMPATH\CodeIgniter.php(407): CodeIgniter\Filters\Filters->runRequired('after')
19 SYSTEMPATH\CodeIgniter.php(368): CodeIgniter\CodeIgniter->runRequiredAfterFilters(Object(CodeIgniter\Filters\Filters))
20 SYSTEMPATH\Boot.php(334): CodeIgniter\CodeIgniter->run()
21 SYSTEMPATH\Boot.php(67): CodeIgniter\Boot::runCodeIgniter(Object(CodeIgniter\CodeIgniter))
22 FCPATH\index.php(59): CodeIgniter\Boot::bootWeb(Object(Config\Paths))
CRITICAL - 2025-05-20 04:26:41 --> [Caused by] CodeIgniter\Database\Exceptions\DatabaseException: Table 'saiyoojyam.saiyoojyam_settings' doesn't exist
in SYSTEMPATH\Database\MySQLi\Connection.php on line 332.
 1 SYSTEMPATH\Database\BaseConnection.php(738): CodeIgniter\Database\MySQLi\Connection->execute('SELECT *
FROM `saiyoojyam_settings`
WHERE `context` IS NULL')
 2 SYSTEMPATH\Database\BaseConnection.php(652): CodeIgniter\Database\BaseConnection->simpleQuery('SELECT *
FROM `saiyoojyam_settings`
WHERE `context` IS NULL')
 3 SYSTEMPATH\Database\BaseBuilder.php(1649): CodeIgniter\Database\BaseConnection->query('SELECT *
FROM `saiyoojyam_settings`
WHERE `context` IS NULL', [], false)
 4 VENDORPATH\codeigniter4\settings\src\Handlers\DatabaseHandler.php(186): CodeIgniter\Database\BaseBuilder->get()
 5 VENDORPATH\codeigniter4\settings\src\Handlers\DatabaseHandler.php(51): CodeIgniter\Settings\Handlers\DatabaseHandler->hydrate(null)
 6 VENDORPATH\codeigniter4\settings\src\Settings.php(59): CodeIgniter\Settings\Handlers\DatabaseHandler->has('Config\\Auth', 'sessionConfig', null)
 7 VENDORPATH\codeigniter4\settings\src\Helpers\setting_helper.php(25): CodeIgniter\Settings\Settings->get('Auth.sessionConfig')
 8 VENDORPATH\codeigniter4\shield\src\Authentication\Authenticators\Session.php(685): setting('Auth.sessionConfig')
 9 VENDORPATH\codeigniter4\shield\src\Authentication\Authenticators\Session.php(703): CodeIgniter\Shield\Authentication\Authenticators\Session->getSessionUserInfo()
10 VENDORPATH\codeigniter4\shield\src\Authentication\Authenticators\Session.php(390): CodeIgniter\Shield\Authentication\Authenticators\Session->getSessionUserKey('id')
11 VENDORPATH\codeigniter4\shield\src\Authentication\Authenticators\Session.php(374): CodeIgniter\Shield\Authentication\Authenticators\Session->checkUserState()
12 VENDORPATH\codeigniter4\shield\src\Auth.php(191): CodeIgniter\Shield\Authentication\Authenticators\Session->loggedIn()
13 VENDORPATH\codeigniter4\shield\src\Collectors\Auth.php(76): CodeIgniter\Shield\Auth->__call('loggedIn', [])
14 SYSTEMPATH\Debug\Toolbar\Collectors\BaseCollector.php(228): CodeIgniter\Shield\Collectors\Auth->display()
15 SYSTEMPATH\Debug\Toolbar.php(95): CodeIgniter\Debug\Toolbar\Collectors\BaseCollector->getAsArray()
16 SYSTEMPATH\Debug\Toolbar.php(390): CodeIgniter\Debug\Toolbar->run(1747715201.157662, 0.0449, Object(CodeIgniter\HTTP\IncomingRequest), Object(CodeIgniter\HTTP\Response))
17 SYSTEMPATH\Filters\DebugToolbar.php(44): CodeIgniter\Debug\Toolbar->prepare(Object(CodeIgniter\HTTP\IncomingRequest), Object(CodeIgniter\HTTP\Response))
18 SYSTEMPATH\Filters\Filters.php(278): CodeIgniter\Filters\DebugToolbar->after(Object(CodeIgniter\HTTP\IncomingRequest), Object(CodeIgniter\HTTP\Response), null)
19 SYSTEMPATH\Filters\Filters.php(364): CodeIgniter\Filters\Filters->runAfter([...])
20 SYSTEMPATH\CodeIgniter.php(407): CodeIgniter\Filters\Filters->runRequired('after')
21 SYSTEMPATH\CodeIgniter.php(368): CodeIgniter\CodeIgniter->runRequiredAfterFilters(Object(CodeIgniter\Filters\Filters))
22 SYSTEMPATH\Boot.php(334): CodeIgniter\CodeIgniter->run()
23 SYSTEMPATH\Boot.php(67): CodeIgniter\Boot::runCodeIgniter(Object(CodeIgniter\CodeIgniter))
24 FCPATH\index.php(59): CodeIgniter\Boot::bootWeb(Object(Config\Paths))
CRITICAL - 2025-05-20 04:26:41 --> [Caused by] mysqli_sql_exception: Table 'saiyoojyam.saiyoojyam_settings' doesn't exist
in SYSTEMPATH\Database\MySQLi\Connection.php on line 327.
 1 SYSTEMPATH\Database\MySQLi\Connection.php(327): mysqli->query('SELECT *
FROM `saiyoojyam_settings`
WHERE `context` IS NULL', 0)
 2 SYSTEMPATH\Database\BaseConnection.php(738): CodeIgniter\Database\MySQLi\Connection->execute('SELECT *
FROM `saiyoojyam_settings`
WHERE `context` IS NULL')
 3 SYSTEMPATH\Database\BaseConnection.php(652): CodeIgniter\Database\BaseConnection->simpleQuery('SELECT *
FROM `saiyoojyam_settings`
WHERE `context` IS NULL')
 4 SYSTEMPATH\Database\BaseBuilder.php(1649): CodeIgniter\Database\BaseConnection->query('SELECT *
FROM `saiyoojyam_settings`
WHERE `context` IS NULL', [], false)
 5 VENDORPATH\codeigniter4\settings\src\Handlers\DatabaseHandler.php(186): CodeIgniter\Database\BaseBuilder->get()
 6 VENDORPATH\codeigniter4\settings\src\Handlers\DatabaseHandler.php(51): CodeIgniter\Settings\Handlers\DatabaseHandler->hydrate(null)
 7 VENDORPATH\codeigniter4\settings\src\Settings.php(59): CodeIgniter\Settings\Handlers\DatabaseHandler->has('Config\\Auth', 'sessionConfig', null)
 8 VENDORPATH\codeigniter4\settings\src\Helpers\setting_helper.php(25): CodeIgniter\Settings\Settings->get('Auth.sessionConfig')
 9 VENDORPATH\codeigniter4\shield\src\Authentication\Authenticators\Session.php(685): setting('Auth.sessionConfig')
10 VENDORPATH\codeigniter4\shield\src\Authentication\Authenticators\Session.php(703): CodeIgniter\Shield\Authentication\Authenticators\Session->getSessionUserInfo()
11 VENDORPATH\codeigniter4\shield\src\Authentication\Authenticators\Session.php(390): CodeIgniter\Shield\Authentication\Authenticators\Session->getSessionUserKey('id')
12 VENDORPATH\codeigniter4\shield\src\Authentication\Authenticators\Session.php(374): CodeIgniter\Shield\Authentication\Authenticators\Session->checkUserState()
13 VENDORPATH\codeigniter4\shield\src\Auth.php(191): CodeIgniter\Shield\Authentication\Authenticators\Session->loggedIn()
14 VENDORPATH\codeigniter4\shield\src\Collectors\Auth.php(76): CodeIgniter\Shield\Auth->__call('loggedIn', [])
15 SYSTEMPATH\Debug\Toolbar\Collectors\BaseCollector.php(228): CodeIgniter\Shield\Collectors\Auth->display()
16 SYSTEMPATH\Debug\Toolbar.php(95): CodeIgniter\Debug\Toolbar\Collectors\BaseCollector->getAsArray()
17 SYSTEMPATH\Debug\Toolbar.php(390): CodeIgniter\Debug\Toolbar->run(1747715201.157662, 0.0449, Object(CodeIgniter\HTTP\IncomingRequest), Object(CodeIgniter\HTTP\Response))
18 SYSTEMPATH\Filters\DebugToolbar.php(44): CodeIgniter\Debug\Toolbar->prepare(Object(CodeIgniter\HTTP\IncomingRequest), Object(CodeIgniter\HTTP\Response))
19 SYSTEMPATH\Filters\Filters.php(278): CodeIgniter\Filters\DebugToolbar->after(Object(CodeIgniter\HTTP\IncomingRequest), Object(CodeIgniter\HTTP\Response), null)
20 SYSTEMPATH\Filters\Filters.php(364): CodeIgniter\Filters\Filters->runAfter([...])
21 SYSTEMPATH\CodeIgniter.php(407): CodeIgniter\Filters\Filters->runRequired('after')
22 SYSTEMPATH\CodeIgniter.php(368): CodeIgniter\CodeIgniter->runRequiredAfterFilters(Object(CodeIgniter\Filters\Filters))
23 SYSTEMPATH\Boot.php(334): CodeIgniter\CodeIgniter->run()
24 SYSTEMPATH\Boot.php(67): CodeIgniter\Boot::runCodeIgniter(Object(CodeIgniter\CodeIgniter))
25 FCPATH\index.php(59): CodeIgniter\Boot::bootWeb(Object(Config\Paths))
ERROR - 2025-05-20 04:26:41 --> mysqli_sql_exception: Table 'saiyoojyam.saiyoojyam_settings' doesn't exist in C:\xampp\htdocs\saiyoojyam\system\Database\MySQLi\Connection.php:327
Stack trace:
#0 C:\xampp\htdocs\saiyoojyam\system\Database\MySQLi\Connection.php(327): mysqli->query('SELECT *\nFROM `...', 0)
#1 C:\xampp\htdocs\saiyoojyam\system\Database\BaseConnection.php(738): CodeIgniter\Database\MySQLi\Connection->execute('SELECT *\nFROM `...')
#2 C:\xampp\htdocs\saiyoojyam\system\Database\BaseConnection.php(652): CodeIgniter\Database\BaseConnection->simpleQuery('SELECT *\nFROM `...')
#3 C:\xampp\htdocs\saiyoojyam\system\Database\BaseBuilder.php(1649): CodeIgniter\Database\BaseConnection->query('SELECT *\nFROM `...', Array, false)
#4 C:\xampp\htdocs\saiyoojyam\vendor\codeigniter4\settings\src\Handlers\DatabaseHandler.php(186): CodeIgniter\Database\BaseBuilder->get()
#5 C:\xampp\htdocs\saiyoojyam\vendor\codeigniter4\settings\src\Handlers\DatabaseHandler.php(51): CodeIgniter\Settings\Handlers\DatabaseHandler->hydrate(NULL)
#6 C:\xampp\htdocs\saiyoojyam\vendor\codeigniter4\settings\src\Settings.php(59): CodeIgniter\Settings\Handlers\DatabaseHandler->has('Config\\Auth', 'sessionConfig', NULL)
#7 C:\xampp\htdocs\saiyoojyam\vendor\codeigniter4\settings\src\Helpers\setting_helper.php(25): CodeIgniter\Settings\Settings->get('Auth.sessionCon...')
#8 C:\xampp\htdocs\saiyoojyam\vendor\codeigniter4\shield\src\Authentication\Authenticators\Session.php(685): setting('Auth.sessionCon...')
#9 C:\xampp\htdocs\saiyoojyam\vendor\codeigniter4\shield\src\Authentication\Authenticators\Session.php(703): CodeIgniter\Shield\Authentication\Authenticators\Session->getSessionUserInfo()
#10 C:\xampp\htdocs\saiyoojyam\vendor\codeigniter4\shield\src\Authentication\Authenticators\Session.php(390): CodeIgniter\Shield\Authentication\Authenticators\Session->getSessionUserKey('id')
#11 C:\xampp\htdocs\saiyoojyam\vendor\codeigniter4\shield\src\Authentication\Authenticators\Session.php(374): CodeIgniter\Shield\Authentication\Authenticators\Session->checkUserState()
#12 C:\xampp\htdocs\saiyoojyam\vendor\codeigniter4\shield\src\Auth.php(191): CodeIgniter\Shield\Authentication\Authenticators\Session->loggedIn()
#13 C:\xampp\htdocs\saiyoojyam\vendor\codeigniter4\shield\src\Collectors\Auth.php(76): CodeIgniter\Shield\Auth->__call('loggedIn', Array)
#14 C:\xampp\htdocs\saiyoojyam\system\Debug\Toolbar\Collectors\BaseCollector.php(228): CodeIgniter\Shield\Collectors\Auth->display()
#15 C:\xampp\htdocs\saiyoojyam\system\Debug\Toolbar.php(95): CodeIgniter\Debug\Toolbar\Collectors\BaseCollector->getAsArray()
#16 C:\xampp\htdocs\saiyoojyam\system\Debug\Toolbar.php(390): CodeIgniter\Debug\Toolbar->run(1747715201.485, 0.0449, Object(CodeIgniter\HTTP\IncomingRequest), Object(CodeIgniter\HTTP\Response))
#17 C:\xampp\htdocs\saiyoojyam\system\Filters\DebugToolbar.php(44): CodeIgniter\Debug\Toolbar->prepare(Object(CodeIgniter\HTTP\IncomingRequest), Object(CodeIgniter\HTTP\Response))
#18 C:\xampp\htdocs\saiyoojyam\system\Filters\Filters.php(278): CodeIgniter\Filters\DebugToolbar->after(Object(CodeIgniter\HTTP\IncomingRequest), Object(CodeIgniter\HTTP\Response), NULL)
#19 C:\xampp\htdocs\saiyoojyam\system\Filters\Filters.php(364): CodeIgniter\Filters\Filters->runAfter(Array)
#20 C:\xampp\htdocs\saiyoojyam\system\CodeIgniter.php(407): CodeIgniter\Filters\Filters->runRequired('after')
#21 C:\xampp\htdocs\saiyoojyam\system\CodeIgniter.php(368): CodeIgniter\CodeIgniter->runRequiredAfterFilters(Object(CodeIgniter\Filters\Filters))
#22 C:\xampp\htdocs\saiyoojyam\system\Boot.php(334): CodeIgniter\CodeIgniter->run()
#23 C:\xampp\htdocs\saiyoojyam\system\Boot.php(67): CodeIgniter\Boot::runCodeIgniter(Object(CodeIgniter\CodeIgniter))
#24 C:\xampp\htdocs\saiyoojyam\public\index.php(59): CodeIgniter\Boot::bootWeb(Object(Config\Paths))
#25 {main}
CRITICAL - 2025-05-20 04:26:41 --> CodeIgniter\Database\Exceptions\DatabaseException: Table 'saiyoojyam.saiyoojyam_settings' doesn't exist
[Method: GET, Route: Admin/RoomType]
in SYSTEMPATH\Database\BaseConnection.php on line 692.
 1 SYSTEMPATH\Database\BaseBuilder.php(1649): CodeIgniter\Database\BaseConnection->query('SELECT *
FROM `saiyoojyam_settings`
WHERE `context` IS NULL', [], false)
 2 VENDORPATH\codeigniter4\settings\src\Handlers\DatabaseHandler.php(186): CodeIgniter\Database\BaseBuilder->get()
 3 VENDORPATH\codeigniter4\settings\src\Handlers\DatabaseHandler.php(51): CodeIgniter\Settings\Handlers\DatabaseHandler->hydrate(null)
 4 VENDORPATH\codeigniter4\settings\src\Settings.php(59): CodeIgniter\Settings\Handlers\DatabaseHandler->has('Config\\Auth', 'sessionConfig', null)
 5 VENDORPATH\codeigniter4\settings\src\Helpers\setting_helper.php(25): CodeIgniter\Settings\Settings->get('Auth.sessionConfig')
 6 VENDORPATH\codeigniter4\shield\src\Authentication\Authenticators\Session.php(685): setting('Auth.sessionConfig')
 7 VENDORPATH\codeigniter4\shield\src\Authentication\Authenticators\Session.php(703): CodeIgniter\Shield\Authentication\Authenticators\Session->getSessionUserInfo()
 8 VENDORPATH\codeigniter4\shield\src\Authentication\Authenticators\Session.php(390): CodeIgniter\Shield\Authentication\Authenticators\Session->getSessionUserKey('id')
 9 VENDORPATH\codeigniter4\shield\src\Authentication\Authenticators\Session.php(374): CodeIgniter\Shield\Authentication\Authenticators\Session->checkUserState()
10 VENDORPATH\codeigniter4\shield\src\Auth.php(191): CodeIgniter\Shield\Authentication\Authenticators\Session->loggedIn()
11 VENDORPATH\codeigniter4\shield\src\Collectors\Auth.php(76): CodeIgniter\Shield\Auth->__call('loggedIn', [])
12 SYSTEMPATH\Debug\Toolbar\Collectors\BaseCollector.php(228): CodeIgniter\Shield\Collectors\Auth->display()
13 SYSTEMPATH\Debug\Toolbar.php(95): CodeIgniter\Debug\Toolbar\Collectors\BaseCollector->getAsArray()
14 SYSTEMPATH\Debug\Toolbar.php(390): CodeIgniter\Debug\Toolbar->run(1747715201.484967, 0.0449, Object(CodeIgniter\HTTP\IncomingRequest), Object(CodeIgniter\HTTP\Response))
15 SYSTEMPATH\Filters\DebugToolbar.php(44): CodeIgniter\Debug\Toolbar->prepare(Object(CodeIgniter\HTTP\IncomingRequest), Object(CodeIgniter\HTTP\Response))
16 SYSTEMPATH\Filters\Filters.php(278): CodeIgniter\Filters\DebugToolbar->after(Object(CodeIgniter\HTTP\IncomingRequest), Object(CodeIgniter\HTTP\Response), null)
17 SYSTEMPATH\Filters\Filters.php(364): CodeIgniter\Filters\Filters->runAfter([...])
18 SYSTEMPATH\CodeIgniter.php(407): CodeIgniter\Filters\Filters->runRequired('after')
19 SYSTEMPATH\CodeIgniter.php(368): CodeIgniter\CodeIgniter->runRequiredAfterFilters(Object(CodeIgniter\Filters\Filters))
20 SYSTEMPATH\Boot.php(334): CodeIgniter\CodeIgniter->run()
21 SYSTEMPATH\Boot.php(67): CodeIgniter\Boot::runCodeIgniter(Object(CodeIgniter\CodeIgniter))
22 FCPATH\index.php(59): CodeIgniter\Boot::bootWeb(Object(Config\Paths))
CRITICAL - 2025-05-20 04:26:41 --> [Caused by] CodeIgniter\Database\Exceptions\DatabaseException: Table 'saiyoojyam.saiyoojyam_settings' doesn't exist
in SYSTEMPATH\Database\MySQLi\Connection.php on line 332.
 1 SYSTEMPATH\Database\BaseConnection.php(738): CodeIgniter\Database\MySQLi\Connection->execute('SELECT *
FROM `saiyoojyam_settings`
WHERE `context` IS NULL')
 2 SYSTEMPATH\Database\BaseConnection.php(652): CodeIgniter\Database\BaseConnection->simpleQuery('SELECT *
FROM `saiyoojyam_settings`
WHERE `context` IS NULL')
 3 SYSTEMPATH\Database\BaseBuilder.php(1649): CodeIgniter\Database\BaseConnection->query('SELECT *
FROM `saiyoojyam_settings`
WHERE `context` IS NULL', [], false)
 4 VENDORPATH\codeigniter4\settings\src\Handlers\DatabaseHandler.php(186): CodeIgniter\Database\BaseBuilder->get()
 5 VENDORPATH\codeigniter4\settings\src\Handlers\DatabaseHandler.php(51): CodeIgniter\Settings\Handlers\DatabaseHandler->hydrate(null)
 6 VENDORPATH\codeigniter4\settings\src\Settings.php(59): CodeIgniter\Settings\Handlers\DatabaseHandler->has('Config\\Auth', 'sessionConfig', null)
 7 VENDORPATH\codeigniter4\settings\src\Helpers\setting_helper.php(25): CodeIgniter\Settings\Settings->get('Auth.sessionConfig')
 8 VENDORPATH\codeigniter4\shield\src\Authentication\Authenticators\Session.php(685): setting('Auth.sessionConfig')
 9 VENDORPATH\codeigniter4\shield\src\Authentication\Authenticators\Session.php(703): CodeIgniter\Shield\Authentication\Authenticators\Session->getSessionUserInfo()
10 VENDORPATH\codeigniter4\shield\src\Authentication\Authenticators\Session.php(390): CodeIgniter\Shield\Authentication\Authenticators\Session->getSessionUserKey('id')
11 VENDORPATH\codeigniter4\shield\src\Authentication\Authenticators\Session.php(374): CodeIgniter\Shield\Authentication\Authenticators\Session->checkUserState()
12 VENDORPATH\codeigniter4\shield\src\Auth.php(191): CodeIgniter\Shield\Authentication\Authenticators\Session->loggedIn()
13 VENDORPATH\codeigniter4\shield\src\Collectors\Auth.php(76): CodeIgniter\Shield\Auth->__call('loggedIn', [])
14 SYSTEMPATH\Debug\Toolbar\Collectors\BaseCollector.php(228): CodeIgniter\Shield\Collectors\Auth->display()
15 SYSTEMPATH\Debug\Toolbar.php(95): CodeIgniter\Debug\Toolbar\Collectors\BaseCollector->getAsArray()
16 SYSTEMPATH\Debug\Toolbar.php(390): CodeIgniter\Debug\Toolbar->run(1747715201.484967, 0.0449, Object(CodeIgniter\HTTP\IncomingRequest), Object(CodeIgniter\HTTP\Response))
17 SYSTEMPATH\Filters\DebugToolbar.php(44): CodeIgniter\Debug\Toolbar->prepare(Object(CodeIgniter\HTTP\IncomingRequest), Object(CodeIgniter\HTTP\Response))
18 SYSTEMPATH\Filters\Filters.php(278): CodeIgniter\Filters\DebugToolbar->after(Object(CodeIgniter\HTTP\IncomingRequest), Object(CodeIgniter\HTTP\Response), null)
19 SYSTEMPATH\Filters\Filters.php(364): CodeIgniter\Filters\Filters->runAfter([...])
20 SYSTEMPATH\CodeIgniter.php(407): CodeIgniter\Filters\Filters->runRequired('after')
21 SYSTEMPATH\CodeIgniter.php(368): CodeIgniter\CodeIgniter->runRequiredAfterFilters(Object(CodeIgniter\Filters\Filters))
22 SYSTEMPATH\Boot.php(334): CodeIgniter\CodeIgniter->run()
23 SYSTEMPATH\Boot.php(67): CodeIgniter\Boot::runCodeIgniter(Object(CodeIgniter\CodeIgniter))
24 FCPATH\index.php(59): CodeIgniter\Boot::bootWeb(Object(Config\Paths))
CRITICAL - 2025-05-20 04:26:41 --> [Caused by] mysqli_sql_exception: Table 'saiyoojyam.saiyoojyam_settings' doesn't exist
in SYSTEMPATH\Database\MySQLi\Connection.php on line 327.
 1 SYSTEMPATH\Database\MySQLi\Connection.php(327): mysqli->query('SELECT *
FROM `saiyoojyam_settings`
WHERE `context` IS NULL', 0)
 2 SYSTEMPATH\Database\BaseConnection.php(738): CodeIgniter\Database\MySQLi\Connection->execute('SELECT *
FROM `saiyoojyam_settings`
WHERE `context` IS NULL')
 3 SYSTEMPATH\Database\BaseConnection.php(652): CodeIgniter\Database\BaseConnection->simpleQuery('SELECT *
FROM `saiyoojyam_settings`
WHERE `context` IS NULL')
 4 SYSTEMPATH\Database\BaseBuilder.php(1649): CodeIgniter\Database\BaseConnection->query('SELECT *
FROM `saiyoojyam_settings`
WHERE `context` IS NULL', [], false)
 5 VENDORPATH\codeigniter4\settings\src\Handlers\DatabaseHandler.php(186): CodeIgniter\Database\BaseBuilder->get()
 6 VENDORPATH\codeigniter4\settings\src\Handlers\DatabaseHandler.php(51): CodeIgniter\Settings\Handlers\DatabaseHandler->hydrate(null)
 7 VENDORPATH\codeigniter4\settings\src\Settings.php(59): CodeIgniter\Settings\Handlers\DatabaseHandler->has('Config\\Auth', 'sessionConfig', null)
 8 VENDORPATH\codeigniter4\settings\src\Helpers\setting_helper.php(25): CodeIgniter\Settings\Settings->get('Auth.sessionConfig')
 9 VENDORPATH\codeigniter4\shield\src\Authentication\Authenticators\Session.php(685): setting('Auth.sessionConfig')
10 VENDORPATH\codeigniter4\shield\src\Authentication\Authenticators\Session.php(703): CodeIgniter\Shield\Authentication\Authenticators\Session->getSessionUserInfo()
11 VENDORPATH\codeigniter4\shield\src\Authentication\Authenticators\Session.php(390): CodeIgniter\Shield\Authentication\Authenticators\Session->getSessionUserKey('id')
12 VENDORPATH\codeigniter4\shield\src\Authentication\Authenticators\Session.php(374): CodeIgniter\Shield\Authentication\Authenticators\Session->checkUserState()
13 VENDORPATH\codeigniter4\shield\src\Auth.php(191): CodeIgniter\Shield\Authentication\Authenticators\Session->loggedIn()
14 VENDORPATH\codeigniter4\shield\src\Collectors\Auth.php(76): CodeIgniter\Shield\Auth->__call('loggedIn', [])
15 SYSTEMPATH\Debug\Toolbar\Collectors\BaseCollector.php(228): CodeIgniter\Shield\Collectors\Auth->display()
16 SYSTEMPATH\Debug\Toolbar.php(95): CodeIgniter\Debug\Toolbar\Collectors\BaseCollector->getAsArray()
17 SYSTEMPATH\Debug\Toolbar.php(390): CodeIgniter\Debug\Toolbar->run(1747715201.484967, 0.0449, Object(CodeIgniter\HTTP\IncomingRequest), Object(CodeIgniter\HTTP\Response))
18 SYSTEMPATH\Filters\DebugToolbar.php(44): CodeIgniter\Debug\Toolbar->prepare(Object(CodeIgniter\HTTP\IncomingRequest), Object(CodeIgniter\HTTP\Response))
19 SYSTEMPATH\Filters\Filters.php(278): CodeIgniter\Filters\DebugToolbar->after(Object(CodeIgniter\HTTP\IncomingRequest), Object(CodeIgniter\HTTP\Response), null)
20 SYSTEMPATH\Filters\Filters.php(364): CodeIgniter\Filters\Filters->runAfter([...])
21 SYSTEMPATH\CodeIgniter.php(407): CodeIgniter\Filters\Filters->runRequired('after')
22 SYSTEMPATH\CodeIgniter.php(368): CodeIgniter\CodeIgniter->runRequiredAfterFilters(Object(CodeIgniter\Filters\Filters))
23 SYSTEMPATH\Boot.php(334): CodeIgniter\CodeIgniter->run()
24 SYSTEMPATH\Boot.php(67): CodeIgniter\Boot::runCodeIgniter(Object(CodeIgniter\CodeIgniter))
25 FCPATH\index.php(59): CodeIgniter\Boot::bootWeb(Object(Config\Paths))
DEBUG - 2025-05-20 04:26:52 --> Session: Class initialized using 'CodeIgniter\Session\Handlers\FileHandler' driver.
DEBUG - 2025-05-20 04:26:52 --> Session: Class initialized using 'CodeIgniter\Session\Handlers\FileHandler' driver.
DEBUG - 2025-05-20 04:29:06 --> Session: Class initialized using 'CodeIgniter\Session\Handlers\FileHandler' driver.
DEBUG - 2025-05-20 04:29:06 --> Session: Class initialized using 'CodeIgniter\Session\Handlers\FileHandler' driver.
DEBUG - 2025-05-20 04:29:24 --> Session: Class initialized using 'CodeIgniter\Session\Handlers\FileHandler' driver.
DEBUG - 2025-05-20 04:29:25 --> Session: Class initialized using 'CodeIgniter\Session\Handlers\FileHandler' driver.
DEBUG - 2025-05-20 04:29:30 --> Session: Class initialized using 'CodeIgniter\Session\Handlers\FileHandler' driver.
DEBUG - 2025-05-20 04:29:30 --> Session: Class initialized using 'CodeIgniter\Session\Handlers\FileHandler' driver.
DEBUG - 2025-05-20 04:34:46 --> Session: Class initialized using 'CodeIgniter\Session\Handlers\FileHandler' driver.
DEBUG - 2025-05-20 04:34:47 --> Session: Class initialized using 'CodeIgniter\Session\Handlers\FileHandler' driver.
DEBUG - 2025-05-20 04:34:51 --> Session: Class initialized using 'CodeIgniter\Session\Handlers\FileHandler' driver.
DEBUG - 2025-05-20 04:34:52 --> Session: Class initialized using 'CodeIgniter\Session\Handlers\FileHandler' driver.
DEBUG - 2025-05-20 04:35:12 --> Session: Class initialized using 'CodeIgniter\Session\Handlers\FileHandler' driver.
DEBUG - 2025-05-20 04:35:13 --> Session: Class initialized using 'CodeIgniter\Session\Handlers\FileHandler' driver.
DEBUG - 2025-05-20 04:35:17 --> Session: Class initialized using 'CodeIgniter\Session\Handlers\FileHandler' driver.
DEBUG - 2025-05-20 04:35:18 --> Session: Class initialized using 'CodeIgniter\Session\Handlers\FileHandler' driver.
DEBUG - 2025-05-20 04:48:54 --> Session: Class initialized using 'CodeIgniter\Session\Handlers\FileHandler' driver.
DEBUG - 2025-05-20 04:48:55 --> Session: Class initialized using 'CodeIgniter\Session\Handlers\FileHandler' driver.
DEBUG - 2025-05-20 04:48:59 --> Session: Class initialized using 'CodeIgniter\Session\Handlers\FileHandler' driver.
DEBUG - 2025-05-20 04:49:00 --> Session: Class initialized using 'CodeIgniter\Session\Handlers\FileHandler' driver.
DEBUG - 2025-05-20 04:51:00 --> Session: Class initialized using 'CodeIgniter\Session\Handlers\FileHandler' driver.
DEBUG - 2025-05-20 04:55:47 --> Session: Class initialized using 'CodeIgniter\Session\Handlers\FileHandler' driver.
DEBUG - 2025-05-20 04:55:48 --> Session: Class initialized using 'CodeIgniter\Session\Handlers\FileHandler' driver.
DEBUG - 2025-05-20 04:57:17 --> Session: Class initialized using 'CodeIgniter\Session\Handlers\FileHandler' driver.
DEBUG - 2025-05-20 04:57:17 --> Session: Class initialized using 'CodeIgniter\Session\Handlers\FileHandler' driver.
DEBUG - 2025-05-20 04:57:18 --> Session: Class initialized using 'CodeIgniter\Session\Handlers\FileHandler' driver.
DEBUG - 2025-05-20 04:57:18 --> Session: Class initialized using 'CodeIgniter\Session\Handlers\FileHandler' driver.
DEBUG - 2025-05-20 04:59:39 --> Session: Class initialized using 'CodeIgniter\Session\Handlers\FileHandler' driver.
DEBUG - 2025-05-20 04:59:39 --> Session: Class initialized using 'CodeIgniter\Session\Handlers\FileHandler' driver.
DEBUG - 2025-05-20 04:59:49 --> Session: Class initialized using 'CodeIgniter\Session\Handlers\FileHandler' driver.
DEBUG - 2025-05-20 04:59:50 --> Session: Class initialized using 'CodeIgniter\Session\Handlers\FileHandler' driver.
DEBUG - 2025-05-20 05:02:12 --> Session: Class initialized using 'CodeIgniter\Session\Handlers\FileHandler' driver.
DEBUG - 2025-05-20 05:02:16 --> Session: Class initialized using 'CodeIgniter\Session\Handlers\FileHandler' driver.
DEBUG - 2025-05-20 05:02:32 --> Session: Class initialized using 'CodeIgniter\Session\Handlers\FileHandler' driver.
DEBUG - 2025-05-20 05:02:34 --> Session: Class initialized using 'CodeIgniter\Session\Handlers\FileHandler' driver.
DEBUG - 2025-05-20 05:03:29 --> Session: Class initialized using 'CodeIgniter\Session\Handlers\FileHandler' driver.
DEBUG - 2025-05-20 05:03:31 --> Session: Class initialized using 'CodeIgniter\Session\Handlers\FileHandler' driver.
DEBUG - 2025-05-20 05:04:13 --> Session: Class initialized using 'CodeIgniter\Session\Handlers\FileHandler' driver.
DEBUG - 2025-05-20 05:04:15 --> Session: Class initialized using 'CodeIgniter\Session\Handlers\FileHandler' driver.
DEBUG - 2025-05-20 05:04:43 --> Session: Class initialized using 'CodeIgniter\Session\Handlers\FileHandler' driver.
DEBUG - 2025-05-20 05:04:45 --> Session: Class initialized using 'CodeIgniter\Session\Handlers\FileHandler' driver.
DEBUG - 2025-05-20 05:05:34 --> Session: Class initialized using 'CodeIgniter\Session\Handlers\FileHandler' driver.
DEBUG - 2025-05-20 05:05:35 --> Session: Class initialized using 'CodeIgniter\Session\Handlers\FileHandler' driver.
DEBUG - 2025-05-20 05:09:17 --> Session: Class initialized using 'CodeIgniter\Session\Handlers\FileHandler' driver.
DEBUG - 2025-05-20 05:09:19 --> Session: Class initialized using 'CodeIgniter\Session\Handlers\FileHandler' driver.
DEBUG - 2025-05-20 05:16:04 --> Session: Class initialized using 'CodeIgniter\Session\Handlers\FileHandler' driver.
DEBUG - 2025-05-20 05:16:07 --> Session: Class initialized using 'CodeIgniter\Session\Handlers\FileHandler' driver.
DEBUG - 2025-05-20 05:22:23 --> Session: Class initialized using 'CodeIgniter\Session\Handlers\FileHandler' driver.
DEBUG - 2025-05-20 05:22:23 --> Session: Class initialized using 'CodeIgniter\Session\Handlers\FileHandler' driver.
DEBUG - 2025-05-20 05:25:09 --> Session: Class initialized using 'CodeIgniter\Session\Handlers\FileHandler' driver.
DEBUG - 2025-05-20 05:25:09 --> Session: Class initialized using 'CodeIgniter\Session\Handlers\FileHandler' driver.
DEBUG - 2025-05-20 05:25:17 --> Session: Class initialized using 'CodeIgniter\Session\Handlers\FileHandler' driver.
DEBUG - 2025-05-20 05:29:55 --> Session: Class initialized using 'CodeIgniter\Session\Handlers\FileHandler' driver.
DEBUG - 2025-05-20 05:29:56 --> Session: Class initialized using 'CodeIgniter\Session\Handlers\FileHandler' driver.
DEBUG - 2025-05-20 05:29:56 --> Session: Class initialized using 'CodeIgniter\Session\Handlers\FileHandler' driver.
DEBUG - 2025-05-20 05:33:44 --> Session: Class initialized using 'CodeIgniter\Session\Handlers\FileHandler' driver.
DEBUG - 2025-05-20 05:33:44 --> Session: Class initialized using 'CodeIgniter\Session\Handlers\FileHandler' driver.
DEBUG - 2025-05-20 05:33:50 --> Session: Class initialized using 'CodeIgniter\Session\Handlers\FileHandler' driver.
DEBUG - 2025-05-20 05:36:45 --> Session: Class initialized using 'CodeIgniter\Session\Handlers\FileHandler' driver.
DEBUG - 2025-05-20 05:36:46 --> Session: Class initialized using 'CodeIgniter\Session\Handlers\FileHandler' driver.
DEBUG - 2025-05-20 05:36:50 --> Session: Class initialized using 'CodeIgniter\Session\Handlers\FileHandler' driver.
DEBUG - 2025-05-20 05:37:48 --> Session: Class initialized using 'CodeIgniter\Session\Handlers\FileHandler' driver.
DEBUG - 2025-05-20 05:37:48 --> Session: Class initialized using 'CodeIgniter\Session\Handlers\FileHandler' driver.
DEBUG - 2025-05-20 05:37:53 --> Session: Class initialized using 'CodeIgniter\Session\Handlers\FileHandler' driver.
DEBUG - 2025-05-20 05:38:22 --> Session: Class initialized using 'CodeIgniter\Session\Handlers\FileHandler' driver.
DEBUG - 2025-05-20 05:38:22 --> Session: Class initialized using 'CodeIgniter\Session\Handlers\FileHandler' driver.
DEBUG - 2025-05-20 05:38:27 --> Session: Class initialized using 'CodeIgniter\Session\Handlers\FileHandler' driver.
DEBUG - 2025-05-20 05:39:08 --> Session: Class initialized using 'CodeIgniter\Session\Handlers\FileHandler' driver.
DEBUG - 2025-05-20 05:39:49 --> Session: Class initialized using 'CodeIgniter\Session\Handlers\FileHandler' driver.
DEBUG - 2025-05-20 05:39:49 --> Session: Class initialized using 'CodeIgniter\Session\Handlers\FileHandler' driver.
DEBUG - 2025-05-20 05:41:15 --> Session: Class initialized using 'CodeIgniter\Session\Handlers\FileHandler' driver.
DEBUG - 2025-05-20 05:41:16 --> Session: Class initialized using 'CodeIgniter\Session\Handlers\FileHandler' driver.
DEBUG - 2025-05-20 05:41:45 --> Session: Class initialized using 'CodeIgniter\Session\Handlers\FileHandler' driver.
DEBUG - 2025-05-20 05:42:52 --> Session: Class initialized using 'CodeIgniter\Session\Handlers\FileHandler' driver.
DEBUG - 2025-05-20 05:42:53 --> Session: Class initialized using 'CodeIgniter\Session\Handlers\FileHandler' driver.
DEBUG - 2025-05-20 05:43:05 --> Session: Class initialized using 'CodeIgniter\Session\Handlers\FileHandler' driver.
DEBUG - 2025-05-20 05:44:38 --> Session: Class initialized using 'CodeIgniter\Session\Handlers\FileHandler' driver.
DEBUG - 2025-05-20 05:44:38 --> Session: Class initialized using 'CodeIgniter\Session\Handlers\FileHandler' driver.
DEBUG - 2025-05-20 05:44:39 --> Session: Class initialized using 'CodeIgniter\Session\Handlers\FileHandler' driver.
DEBUG - 2025-05-20 05:44:39 --> Session: Class initialized using 'CodeIgniter\Session\Handlers\FileHandler' driver.
DEBUG - 2025-05-20 05:44:53 --> Session: Class initialized using 'CodeIgniter\Session\Handlers\FileHandler' driver.
DEBUG - 2025-05-20 05:44:53 --> Session: Class initialized using 'CodeIgniter\Session\Handlers\FileHandler' driver.
DEBUG - 2025-05-20 05:44:54 --> Session: Class initialized using 'CodeIgniter\Session\Handlers\FileHandler' driver.
DEBUG - 2025-05-20 05:44:54 --> Session: Class initialized using 'CodeIgniter\Session\Handlers\FileHandler' driver.
DEBUG - 2025-05-20 05:45:02 --> Session: Class initialized using 'CodeIgniter\Session\Handlers\FileHandler' driver.
DEBUG - 2025-05-20 05:45:03 --> Session: Class initialized using 'CodeIgniter\Session\Handlers\FileHandler' driver.
DEBUG - 2025-05-20 05:45:06 --> Session: Class initialized using 'CodeIgniter\Session\Handlers\FileHandler' driver.
DEBUG - 2025-05-20 05:45:07 --> Session: Class initialized using 'CodeIgniter\Session\Handlers\FileHandler' driver.
DEBUG - 2025-05-20 05:46:02 --> Session: Class initialized using 'CodeIgniter\Session\Handlers\FileHandler' driver.
DEBUG - 2025-05-20 05:46:03 --> Session: Class initialized using 'CodeIgniter\Session\Handlers\FileHandler' driver.
DEBUG - 2025-05-20 05:46:09 --> Session: Class initialized using 'CodeIgniter\Session\Handlers\FileHandler' driver.
DEBUG - 2025-05-20 05:46:09 --> Session: Class initialized using 'CodeIgniter\Session\Handlers\FileHandler' driver.
DEBUG - 2025-05-20 05:48:01 --> Session: Class initialized using 'CodeIgniter\Session\Handlers\FileHandler' driver.
DEBUG - 2025-05-20 05:48:01 --> Session: Class initialized using 'CodeIgniter\Session\Handlers\FileHandler' driver.
DEBUG - 2025-05-20 05:48:05 --> Session: Class initialized using 'CodeIgniter\Session\Handlers\FileHandler' driver.
DEBUG - 2025-05-20 05:48:39 --> Session: Class initialized using 'CodeIgniter\Session\Handlers\FileHandler' driver.
DEBUG - 2025-05-20 05:48:40 --> Session: Class initialized using 'CodeIgniter\Session\Handlers\FileHandler' driver.
DEBUG - 2025-05-20 05:48:40 --> Session: Class initialized using 'CodeIgniter\Session\Handlers\FileHandler' driver.
DEBUG - 2025-05-20 05:48:40 --> Session: Class initialized using 'CodeIgniter\Session\Handlers\FileHandler' driver.
DEBUG - 2025-05-20 05:48:42 --> Session: Class initialized using 'CodeIgniter\Session\Handlers\FileHandler' driver.
DEBUG - 2025-05-20 05:48:43 --> Session: Class initialized using 'CodeIgniter\Session\Handlers\FileHandler' driver.
DEBUG - 2025-05-20 05:48:44 --> Session: Class initialized using 'CodeIgniter\Session\Handlers\FileHandler' driver.
DEBUG - 2025-05-20 05:48:44 --> Session: Class initialized using 'CodeIgniter\Session\Handlers\FileHandler' driver.
DEBUG - 2025-05-20 05:50:40 --> Session: Class initialized using 'CodeIgniter\Session\Handlers\FileHandler' driver.
DEBUG - 2025-05-20 05:50:41 --> Session: Class initialized using 'CodeIgniter\Session\Handlers\FileHandler' driver.
DEBUG - 2025-05-20 05:50:45 --> Session: Class initialized using 'CodeIgniter\Session\Handlers\FileHandler' driver.
DEBUG - 2025-05-20 05:50:53 --> Session: Class initialized using 'CodeIgniter\Session\Handlers\FileHandler' driver.
DEBUG - 2025-05-20 05:51:38 --> Session: Class initialized using 'CodeIgniter\Session\Handlers\FileHandler' driver.
DEBUG - 2025-05-20 05:52:01 --> Session: Class initialized using 'CodeIgniter\Session\Handlers\FileHandler' driver.
DEBUG - 2025-05-20 05:52:01 --> Session: Class initialized using 'CodeIgniter\Session\Handlers\FileHandler' driver.
DEBUG - 2025-05-20 06:03:47 --> Session: Class initialized using 'CodeIgniter\Session\Handlers\FileHandler' driver.
DEBUG - 2025-05-20 06:03:47 --> Session: Class initialized using 'CodeIgniter\Session\Handlers\FileHandler' driver.
DEBUG - 2025-05-20 06:03:49 --> Session: Class initialized using 'CodeIgniter\Session\Handlers\FileHandler' driver.
DEBUG - 2025-05-20 06:03:50 --> Session: Class initialized using 'CodeIgniter\Session\Handlers\FileHandler' driver.
DEBUG - 2025-05-20 06:05:34 --> Session: Class initialized using 'CodeIgniter\Session\Handlers\FileHandler' driver.
DEBUG - 2025-05-20 06:05:34 --> Session: Class initialized using 'CodeIgniter\Session\Handlers\FileHandler' driver.
DEBUG - 2025-05-20 06:07:40 --> Session: Class initialized using 'CodeIgniter\Session\Handlers\FileHandler' driver.
DEBUG - 2025-05-20 06:07:40 --> Session: Class initialized using 'CodeIgniter\Session\Handlers\FileHandler' driver.
DEBUG - 2025-05-20 06:08:00 --> Session: Class initialized using 'CodeIgniter\Session\Handlers\FileHandler' driver.
DEBUG - 2025-05-20 06:08:01 --> Session: Class initialized using 'CodeIgniter\Session\Handlers\FileHandler' driver.
DEBUG - 2025-05-20 06:10:05 --> Session: Class initialized using 'CodeIgniter\Session\Handlers\FileHandler' driver.
DEBUG - 2025-05-20 06:10:06 --> Session: Class initialized using 'CodeIgniter\Session\Handlers\FileHandler' driver.
DEBUG - 2025-05-20 06:12:29 --> Session: Class initialized using 'CodeIgniter\Session\Handlers\FileHandler' driver.
DEBUG - 2025-05-20 06:12:29 --> Session: Class initialized using 'CodeIgniter\Session\Handlers\FileHandler' driver.
DEBUG - 2025-05-20 06:12:33 --> Session: Class initialized using 'CodeIgniter\Session\Handlers\FileHandler' driver.
DEBUG - 2025-05-20 06:12:47 --> Session: Class initialized using 'CodeIgniter\Session\Handlers\FileHandler' driver.
DEBUG - 2025-05-20 06:12:47 --> Session: Class initialized using 'CodeIgniter\Session\Handlers\FileHandler' driver.
DEBUG - 2025-05-20 06:14:20 --> Session: Class initialized using 'CodeIgniter\Session\Handlers\FileHandler' driver.
DEBUG - 2025-05-20 06:14:21 --> Session: Class initialized using 'CodeIgniter\Session\Handlers\FileHandler' driver.
DEBUG - 2025-05-20 06:14:39 --> Session: Class initialized using 'CodeIgniter\Session\Handlers\FileHandler' driver.
DEBUG - 2025-05-20 06:14:54 --> Session: Class initialized using 'CodeIgniter\Session\Handlers\FileHandler' driver.
DEBUG - 2025-05-20 06:14:54 --> Session: Class initialized using 'CodeIgniter\Session\Handlers\FileHandler' driver.
DEBUG - 2025-05-20 06:14:56 --> Session: Class initialized using 'CodeIgniter\Session\Handlers\FileHandler' driver.
DEBUG - 2025-05-20 06:14:56 --> Session: Class initialized using 'CodeIgniter\Session\Handlers\FileHandler' driver.
DEBUG - 2025-05-20 06:16:44 --> Session: Class initialized using 'CodeIgniter\Session\Handlers\FileHandler' driver.
DEBUG - 2025-05-20 06:16:45 --> Session: Class initialized using 'CodeIgniter\Session\Handlers\FileHandler' driver.
DEBUG - 2025-05-20 06:16:46 --> Session: Class initialized using 'CodeIgniter\Session\Handlers\FileHandler' driver.
DEBUG - 2025-05-20 06:16:46 --> Session: Class initialized using 'CodeIgniter\Session\Handlers\FileHandler' driver.
DEBUG - 2025-05-20 06:17:31 --> Session: Class initialized using 'CodeIgniter\Session\Handlers\FileHandler' driver.
DEBUG - 2025-05-20 06:17:31 --> Session: Class initialized using 'CodeIgniter\Session\Handlers\FileHandler' driver.
DEBUG - 2025-05-20 06:21:31 --> Session: Class initialized using 'CodeIgniter\Session\Handlers\FileHandler' driver.
DEBUG - 2025-05-20 06:21:32 --> Session: Class initialized using 'CodeIgniter\Session\Handlers\FileHandler' driver.
DEBUG - 2025-05-20 06:21:34 --> Session: Class initialized using 'CodeIgniter\Session\Handlers\FileHandler' driver.
DEBUG - 2025-05-20 06:21:34 --> Session: Class initialized using 'CodeIgniter\Session\Handlers\FileHandler' driver.
DEBUG - 2025-05-20 06:22:47 --> Session: Class initialized using 'CodeIgniter\Session\Handlers\FileHandler' driver.
DEBUG - 2025-05-20 06:22:48 --> Session: Class initialized using 'CodeIgniter\Session\Handlers\FileHandler' driver.
CRITICAL - 2025-05-20 06:25:29 --> ErrorException: Undefined property: stdClass::$inmates_id
[Method: GET, Route: Admin/Inmates]
in APPPATH\Views\admin\add_inmates.php on line 68.
 1 APPPATH\Views\admin\add_inmates.php(68): CodeIgniter\Debug\Exceptions->errorHandler(2, 'Undefined property: stdClass::$inmates_id', 'C:\\xampp\\htdocs\\saiyoojyam\\app\\Views\\admin\\add_inmates.php', 68)
 2 SYSTEMPATH\View\View.php(224): include('C:\\xampp\\htdocs\\saiyoojyam\\app\\Views\\admin\\add_inmates.php')
 3 SYSTEMPATH\View\View.php(227): CodeIgniter\View\View->CodeIgniter\View\{closure}()
 4 SYSTEMPATH\Common.php(1173): CodeIgniter\View\View->render('admin/add_inmates', [], true)
 5 APPPATH\Controllers\Admin\Inmates.php(13): view('admin/add_inmates', [...])
 6 SYSTEMPATH\CodeIgniter.php(933): App\Controllers\Admin\Inmates->index()
 7 SYSTEMPATH\CodeIgniter.php(507): CodeIgniter\CodeIgniter->runController(Object(App\Controllers\Admin\Inmates))
 8 SYSTEMPATH\CodeIgniter.php(354): CodeIgniter\CodeIgniter->handleRequest(null, Object(Config\Cache), false)
 9 SYSTEMPATH\Boot.php(334): CodeIgniter\CodeIgniter->run()
10 SYSTEMPATH\Boot.php(67): CodeIgniter\Boot::runCodeIgniter(Object(CodeIgniter\CodeIgniter))
11 FCPATH\index.php(59): CodeIgniter\Boot::bootWeb(Object(Config\Paths))
DEBUG - 2025-05-20 06:25:59 --> Session: Class initialized using 'CodeIgniter\Session\Handlers\FileHandler' driver.
DEBUG - 2025-05-20 06:25:59 --> Session: Class initialized using 'CodeIgniter\Session\Handlers\FileHandler' driver.
DEBUG - 2025-05-20 06:27:09 --> Session: Class initialized using 'CodeIgniter\Session\Handlers\FileHandler' driver.
DEBUG - 2025-05-20 06:27:09 --> Session: Class initialized using 'CodeIgniter\Session\Handlers\FileHandler' driver.
ERROR - 2025-05-20 06:27:41 --> mysqli_sql_exception: Unknown column 'room_type_created_at' in 'field list' in C:\xampp\htdocs\saiyoojyam\system\Database\MySQLi\Connection.php:327
Stack trace:
#0 C:\xampp\htdocs\saiyoojyam\system\Database\MySQLi\Connection.php(327): mysqli->query('INSERT INTO `sa...', 0)
#1 C:\xampp\htdocs\saiyoojyam\system\Database\BaseConnection.php(738): CodeIgniter\Database\MySQLi\Connection->execute('INSERT INTO `sa...')
#2 C:\xampp\htdocs\saiyoojyam\system\Database\BaseConnection.php(652): CodeIgniter\Database\BaseConnection->simpleQuery('INSERT INTO `sa...')
#3 C:\xampp\htdocs\saiyoojyam\system\Database\BaseBuilder.php(2345): CodeIgniter\Database\BaseConnection->query('INSERT INTO `sa...', Array, false)
#4 C:\xampp\htdocs\saiyoojyam\app\Models\CommonModel.php(32): CodeIgniter\Database\BaseBuilder->insert(Array)
#5 C:\xampp\htdocs\saiyoojyam\app\Controllers\Admin\Inmates.php(23): App\Models\CommonModel->InsertData('saiyoojyam_inma...', Array)
#6 C:\xampp\htdocs\saiyoojyam\system\CodeIgniter.php(933): App\Controllers\Admin\Inmates->Add()
#7 C:\xampp\htdocs\saiyoojyam\system\CodeIgniter.php(507): CodeIgniter\CodeIgniter->runController(Object(App\Controllers\Admin\Inmates))
#8 C:\xampp\htdocs\saiyoojyam\system\CodeIgniter.php(354): CodeIgniter\CodeIgniter->handleRequest(NULL, Object(Config\Cache), false)
#9 C:\xampp\htdocs\saiyoojyam\system\Boot.php(334): CodeIgniter\CodeIgniter->run()
#10 C:\xampp\htdocs\saiyoojyam\system\Boot.php(67): CodeIgniter\Boot::runCodeIgniter(Object(CodeIgniter\CodeIgniter))
#11 C:\xampp\htdocs\saiyoojyam\public\index.php(59): CodeIgniter\Boot::bootWeb(Object(Config\Paths))
#12 {main}
CRITICAL - 2025-05-20 06:27:41 --> CodeIgniter\Database\Exceptions\DatabaseException: Unknown column 'room_type_created_at' in 'field list'
[Method: POST, Route: Admin/Inmates/Add]
in SYSTEMPATH\Database\BaseConnection.php on line 692.
 1 SYSTEMPATH\Database\BaseBuilder.php(2345): CodeIgniter\Database\BaseConnection->query('INSERT INTO `saiyoojyam_inmates` (`inmates_name`, `inmates_gender`, `inmates_age`, `inmates_room_type`, `inmates_check_in_date`, `inmates_check_out_date`, `room_type_created_at`) VALUES (:inmates_name:, :inmates_gender:, :inmates_age:, :inmates_room_type:, :inmates_check_in_date:, :inmates_check_out_date:, :room_type_created_at:)', [...], false)
 2 APPPATH\Models\CommonModel.php(32): CodeIgniter\Database\BaseBuilder->insert([...])
 3 APPPATH\Controllers\Admin\Inmates.php(23): App\Models\CommonModel->InsertData('saiyoojyam_inmates', [...])
 4 SYSTEMPATH\CodeIgniter.php(933): App\Controllers\Admin\Inmates->Add()
 5 SYSTEMPATH\CodeIgniter.php(507): CodeIgniter\CodeIgniter->runController(Object(App\Controllers\Admin\Inmates))
 6 SYSTEMPATH\CodeIgniter.php(354): CodeIgniter\CodeIgniter->handleRequest(null, Object(Config\Cache), false)
 7 SYSTEMPATH\Boot.php(334): CodeIgniter\CodeIgniter->run()
 8 SYSTEMPATH\Boot.php(67): CodeIgniter\Boot::runCodeIgniter(Object(CodeIgniter\CodeIgniter))
 9 FCPATH\index.php(59): CodeIgniter\Boot::bootWeb(Object(Config\Paths))
CRITICAL - 2025-05-20 06:27:41 --> [Caused by] CodeIgniter\Database\Exceptions\DatabaseException: Unknown column 'room_type_created_at' in 'field list'
in SYSTEMPATH\Database\MySQLi\Connection.php on line 332.
 1 SYSTEMPATH\Database\BaseConnection.php(738): CodeIgniter\Database\MySQLi\Connection->execute('INSERT INTO `saiyoojyam_inmates` (`inmates_name`, `inmates_gender`, `inmates_age`, `inmates_room_type`, `inmates_check_in_date`, `inmates_check_out_date`, `room_type_created_at`) VALUES (\'test name\', \'2\', \'35\', \'8\', \'2025-05-16\', \'2025-05-24\', \'2025-05-20\')')
 2 SYSTEMPATH\Database\BaseConnection.php(652): CodeIgniter\Database\BaseConnection->simpleQuery('INSERT INTO `saiyoojyam_inmates` (`inmates_name`, `inmates_gender`, `inmates_age`, `inmates_room_type`, `inmates_check_in_date`, `inmates_check_out_date`, `room_type_created_at`) VALUES (\'test name\', \'2\', \'35\', \'8\', \'2025-05-16\', \'2025-05-24\', \'2025-05-20\')')
 3 SYSTEMPATH\Database\BaseBuilder.php(2345): CodeIgniter\Database\BaseConnection->query('INSERT INTO `saiyoojyam_inmates` (`inmates_name`, `inmates_gender`, `inmates_age`, `inmates_room_type`, `inmates_check_in_date`, `inmates_check_out_date`, `room_type_created_at`) VALUES (:inmates_name:, :inmates_gender:, :inmates_age:, :inmates_room_type:, :inmates_check_in_date:, :inmates_check_out_date:, :room_type_created_at:)', [...], false)
 4 APPPATH\Models\CommonModel.php(32): CodeIgniter\Database\BaseBuilder->insert([...])
 5 APPPATH\Controllers\Admin\Inmates.php(23): App\Models\CommonModel->InsertData('saiyoojyam_inmates', [...])
 6 SYSTEMPATH\CodeIgniter.php(933): App\Controllers\Admin\Inmates->Add()
 7 SYSTEMPATH\CodeIgniter.php(507): CodeIgniter\CodeIgniter->runController(Object(App\Controllers\Admin\Inmates))
 8 SYSTEMPATH\CodeIgniter.php(354): CodeIgniter\CodeIgniter->handleRequest(null, Object(Config\Cache), false)
 9 SYSTEMPATH\Boot.php(334): CodeIgniter\CodeIgniter->run()
10 SYSTEMPATH\Boot.php(67): CodeIgniter\Boot::runCodeIgniter(Object(CodeIgniter\CodeIgniter))
11 FCPATH\index.php(59): CodeIgniter\Boot::bootWeb(Object(Config\Paths))
CRITICAL - 2025-05-20 06:27:41 --> [Caused by] mysqli_sql_exception: Unknown column 'room_type_created_at' in 'field list'
in SYSTEMPATH\Database\MySQLi\Connection.php on line 327.
 1 SYSTEMPATH\Database\MySQLi\Connection.php(327): mysqli->query('INSERT INTO `saiyoojyam_inmates` (`inmates_name`, `inmates_gender`, `inmates_age`, `inmates_room_type`, `inmates_check_in_date`, `inmates_check_out_date`, `room_type_created_at`) VALUES (\'test name\', \'2\', \'35\', \'8\', \'2025-05-16\', \'2025-05-24\', \'2025-05-20\')', 0)
 2 SYSTEMPATH\Database\BaseConnection.php(738): CodeIgniter\Database\MySQLi\Connection->execute('INSERT INTO `saiyoojyam_inmates` (`inmates_name`, `inmates_gender`, `inmates_age`, `inmates_room_type`, `inmates_check_in_date`, `inmates_check_out_date`, `room_type_created_at`) VALUES (\'test name\', \'2\', \'35\', \'8\', \'2025-05-16\', \'2025-05-24\', \'2025-05-20\')')
 3 SYSTEMPATH\Database\BaseConnection.php(652): CodeIgniter\Database\BaseConnection->simpleQuery('INSERT INTO `saiyoojyam_inmates` (`inmates_name`, `inmates_gender`, `inmates_age`, `inmates_room_type`, `inmates_check_in_date`, `inmates_check_out_date`, `room_type_created_at`) VALUES (\'test name\', \'2\', \'35\', \'8\', \'2025-05-16\', \'2025-05-24\', \'2025-05-20\')')
 4 SYSTEMPATH\Database\BaseBuilder.php(2345): CodeIgniter\Database\BaseConnection->query('INSERT INTO `saiyoojyam_inmates` (`inmates_name`, `inmates_gender`, `inmates_age`, `inmates_room_type`, `inmates_check_in_date`, `inmates_check_out_date`, `room_type_created_at`) VALUES (:inmates_name:, :inmates_gender:, :inmates_age:, :inmates_room_type:, :inmates_check_in_date:, :inmates_check_out_date:, :room_type_created_at:)', [...], false)
 5 APPPATH\Models\CommonModel.php(32): CodeIgniter\Database\BaseBuilder->insert([...])
 6 APPPATH\Controllers\Admin\Inmates.php(23): App\Models\CommonModel->InsertData('saiyoojyam_inmates', [...])
 7 SYSTEMPATH\CodeIgniter.php(933): App\Controllers\Admin\Inmates->Add()
 8 SYSTEMPATH\CodeIgniter.php(507): CodeIgniter\CodeIgniter->runController(Object(App\Controllers\Admin\Inmates))
 9 SYSTEMPATH\CodeIgniter.php(354): CodeIgniter\CodeIgniter->handleRequest(null, Object(Config\Cache), false)
10 SYSTEMPATH\Boot.php(334): CodeIgniter\CodeIgniter->run()
11 SYSTEMPATH\Boot.php(67): CodeIgniter\Boot::runCodeIgniter(Object(CodeIgniter\CodeIgniter))
12 FCPATH\index.php(59): CodeIgniter\Boot::bootWeb(Object(Config\Paths))
DEBUG - 2025-05-20 06:30:36 --> Session: Class initialized using 'CodeIgniter\Session\Handlers\FileHandler' driver.
DEBUG - 2025-05-20 06:30:36 --> Session: Class initialized using 'CodeIgniter\Session\Handlers\FileHandler' driver.
DEBUG - 2025-05-20 06:31:00 --> Session: Class initialized using 'CodeIgniter\Session\Handlers\FileHandler' driver.
DEBUG - 2025-05-20 06:31:00 --> Session: Class initialized using 'CodeIgniter\Session\Handlers\FileHandler' driver.
DEBUG - 2025-05-20 06:31:54 --> Session: Class initialized using 'CodeIgniter\Session\Handlers\FileHandler' driver.
DEBUG - 2025-05-20 06:31:55 --> Session: Class initialized using 'CodeIgniter\Session\Handlers\FileHandler' driver.
DEBUG - 2025-05-20 06:32:16 --> Session: Class initialized using 'CodeIgniter\Session\Handlers\FileHandler' driver.
DEBUG - 2025-05-20 06:32:16 --> Session: Class initialized using 'CodeIgniter\Session\Handlers\FileHandler' driver.
DEBUG - 2025-05-20 06:33:53 --> Session: Class initialized using 'CodeIgniter\Session\Handlers\FileHandler' driver.
DEBUG - 2025-05-20 06:33:53 --> Session: Class initialized using 'CodeIgniter\Session\Handlers\FileHandler' driver.
DEBUG - 2025-05-20 06:33:53 --> Session: Class initialized using 'CodeIgniter\Session\Handlers\FileHandler' driver.
DEBUG - 2025-05-20 06:33:54 --> Session: Class initialized using 'CodeIgniter\Session\Handlers\FileHandler' driver.
DEBUG - 2025-05-20 06:33:54 --> Session: Class initialized using 'CodeIgniter\Session\Handlers\FileHandler' driver.
DEBUG - 2025-05-20 06:34:22 --> Session: Class initialized using 'CodeIgniter\Session\Handlers\FileHandler' driver.
DEBUG - 2025-05-20 06:34:23 --> Session: Class initialized using 'CodeIgniter\Session\Handlers\FileHandler' driver.
DEBUG - 2025-05-20 06:35:33 --> Session: Class initialized using 'CodeIgniter\Session\Handlers\FileHandler' driver.
DEBUG - 2025-05-20 06:35:33 --> Session: Class initialized using 'CodeIgniter\Session\Handlers\FileHandler' driver.
DEBUG - 2025-05-20 06:35:52 --> Session: Class initialized using 'CodeIgniter\Session\Handlers\FileHandler' driver.
DEBUG - 2025-05-20 06:35:52 --> Session: Class initialized using 'CodeIgniter\Session\Handlers\FileHandler' driver.
DEBUG - 2025-05-20 06:36:17 --> Session: Class initialized using 'CodeIgniter\Session\Handlers\FileHandler' driver.
DEBUG - 2025-05-20 06:36:17 --> Session: Class initialized using 'CodeIgniter\Session\Handlers\FileHandler' driver.
DEBUG - 2025-05-20 06:36:35 --> Session: Class initialized using 'CodeIgniter\Session\Handlers\FileHandler' driver.
DEBUG - 2025-05-20 06:36:35 --> Session: Class initialized using 'CodeIgniter\Session\Handlers\FileHandler' driver.
DEBUG - 2025-05-20 06:36:46 --> Session: Class initialized using 'CodeIgniter\Session\Handlers\FileHandler' driver.
DEBUG - 2025-05-20 06:36:46 --> Session: Class initialized using 'CodeIgniter\Session\Handlers\FileHandler' driver.
DEBUG - 2025-05-20 06:36:46 --> Session: Class initialized using 'CodeIgniter\Session\Handlers\FileHandler' driver.
DEBUG - 2025-05-20 06:36:47 --> Session: Class initialized using 'CodeIgniter\Session\Handlers\FileHandler' driver.
DEBUG - 2025-05-20 06:36:47 --> Session: Class initialized using 'CodeIgniter\Session\Handlers\FileHandler' driver.
DEBUG - 2025-05-20 06:36:47 --> Session: Class initialized using 'CodeIgniter\Session\Handlers\FileHandler' driver.
DEBUG - 2025-05-20 06:37:07 --> Session: Class initialized using 'CodeIgniter\Session\Handlers\FileHandler' driver.
DEBUG - 2025-05-20 06:37:07 --> Session: Class initialized using 'CodeIgniter\Session\Handlers\FileHandler' driver.
DEBUG - 2025-05-20 06:38:51 --> Session: Class initialized using 'CodeIgniter\Session\Handlers\FileHandler' driver.
DEBUG - 2025-05-20 06:38:51 --> Session: Class initialized using 'CodeIgniter\Session\Handlers\FileHandler' driver.
DEBUG - 2025-05-20 06:40:19 --> Session: Class initialized using 'CodeIgniter\Session\Handlers\FileHandler' driver.
DEBUG - 2025-05-20 06:40:19 --> Session: Class initialized using 'CodeIgniter\Session\Handlers\FileHandler' driver.
DEBUG - 2025-05-20 06:40:21 --> Session: Class initialized using 'CodeIgniter\Session\Handlers\FileHandler' driver.
DEBUG - 2025-05-20 06:40:21 --> Session: Class initialized using 'CodeIgniter\Session\Handlers\FileHandler' driver.
DEBUG - 2025-05-20 06:41:36 --> Session: Class initialized using 'CodeIgniter\Session\Handlers\FileHandler' driver.
DEBUG - 2025-05-20 06:41:36 --> Session: Class initialized using 'CodeIgniter\Session\Handlers\FileHandler' driver.
DEBUG - 2025-05-20 06:42:39 --> Session: Class initialized using 'CodeIgniter\Session\Handlers\FileHandler' driver.
DEBUG - 2025-05-20 06:42:39 --> Session: Class initialized using 'CodeIgniter\Session\Handlers\FileHandler' driver.
DEBUG - 2025-05-20 06:45:21 --> Session: Class initialized using 'CodeIgniter\Session\Handlers\FileHandler' driver.
DEBUG - 2025-05-20 06:45:21 --> Session: Class initialized using 'CodeIgniter\Session\Handlers\FileHandler' driver.
DEBUG - 2025-05-20 06:46:18 --> Session: Class initialized using 'CodeIgniter\Session\Handlers\FileHandler' driver.
DEBUG - 2025-05-20 06:46:18 --> Session: Class initialized using 'CodeIgniter\Session\Handlers\FileHandler' driver.
ERROR - 2025-05-20 06:46:38 --> mysqli_sql_exception: Unknown column 'room_type_created_at' in 'field list' in C:\xampp\htdocs\saiyoojyam\system\Database\MySQLi\Connection.php:327
Stack trace:
#0 C:\xampp\htdocs\saiyoojyam\system\Database\MySQLi\Connection.php(327): mysqli->query('INSERT INTO `sa...', 0)
#1 C:\xampp\htdocs\saiyoojyam\system\Database\BaseConnection.php(738): CodeIgniter\Database\MySQLi\Connection->execute('INSERT INTO `sa...')
#2 C:\xampp\htdocs\saiyoojyam\system\Database\BaseConnection.php(652): CodeIgniter\Database\BaseConnection->simpleQuery('INSERT INTO `sa...')
#3 C:\xampp\htdocs\saiyoojyam\system\Database\BaseBuilder.php(2345): CodeIgniter\Database\BaseConnection->query('INSERT INTO `sa...', Array, false)
#4 C:\xampp\htdocs\saiyoojyam\app\Models\CommonModel.php(32): CodeIgniter\Database\BaseBuilder->insert(Array)
#5 C:\xampp\htdocs\saiyoojyam\app\Controllers\Admin\Inmates.php(25): App\Models\CommonModel->InsertData('saiyoojyam_inma...', Array)
#6 C:\xampp\htdocs\saiyoojyam\system\CodeIgniter.php(933): App\Controllers\Admin\Inmates->Add()
#7 C:\xampp\htdocs\saiyoojyam\system\CodeIgniter.php(507): CodeIgniter\CodeIgniter->runController(Object(App\Controllers\Admin\Inmates))
#8 C:\xampp\htdocs\saiyoojyam\system\CodeIgniter.php(354): CodeIgniter\CodeIgniter->handleRequest(NULL, Object(Config\Cache), false)
#9 C:\xampp\htdocs\saiyoojyam\system\Boot.php(334): CodeIgniter\CodeIgniter->run()
#10 C:\xampp\htdocs\saiyoojyam\system\Boot.php(67): CodeIgniter\Boot::runCodeIgniter(Object(CodeIgniter\CodeIgniter))
#11 C:\xampp\htdocs\saiyoojyam\public\index.php(59): CodeIgniter\Boot::bootWeb(Object(Config\Paths))
#12 {main}
CRITICAL - 2025-05-20 06:46:38 --> CodeIgniter\Database\Exceptions\DatabaseException: Unknown column 'room_type_created_at' in 'field list'
[Method: POST, Route: Admin/Inmates/Add]
in SYSTEMPATH\Database\BaseConnection.php on line 692.
 1 SYSTEMPATH\Database\BaseBuilder.php(2345): CodeIgniter\Database\BaseConnection->query('INSERT INTO `saiyoojyam_inmates` (`inmates_name`, `inmates_gender`, `inmates_age`, `inmates_room_type`, `inmates_check_in_date`, `inmates_check_out_date`, `room_type_created_at`) VALUES (:inmates_name:, :inmates_gender:, :inmates_age:, :inmates_room_type:, :inmates_check_in_date:, :inmates_check_out_date:, :room_type_created_at:)', [...], false)
 2 APPPATH\Models\CommonModel.php(32): CodeIgniter\Database\BaseBuilder->insert([...])
 3 APPPATH\Controllers\Admin\Inmates.php(25): App\Models\CommonModel->InsertData('saiyoojyam_inmates', [...])
 4 SYSTEMPATH\CodeIgniter.php(933): App\Controllers\Admin\Inmates->Add()
 5 SYSTEMPATH\CodeIgniter.php(507): CodeIgniter\CodeIgniter->runController(Object(App\Controllers\Admin\Inmates))
 6 SYSTEMPATH\CodeIgniter.php(354): CodeIgniter\CodeIgniter->handleRequest(null, Object(Config\Cache), false)
 7 SYSTEMPATH\Boot.php(334): CodeIgniter\CodeIgniter->run()
 8 SYSTEMPATH\Boot.php(67): CodeIgniter\Boot::runCodeIgniter(Object(CodeIgniter\CodeIgniter))
 9 FCPATH\index.php(59): CodeIgniter\Boot::bootWeb(Object(Config\Paths))
CRITICAL - 2025-05-20 06:46:38 --> [Caused by] CodeIgniter\Database\Exceptions\DatabaseException: Unknown column 'room_type_created_at' in 'field list'
in SYSTEMPATH\Database\MySQLi\Connection.php on line 332.
 1 SYSTEMPATH\Database\BaseConnection.php(738): CodeIgniter\Database\MySQLi\Connection->execute('INSERT INTO `saiyoojyam_inmates` (`inmates_name`, `inmates_gender`, `inmates_age`, `inmates_room_type`, `inmates_check_in_date`, `inmates_check_out_date`, `room_type_created_at`) VALUES (\'ghjkgh\', \'2\', \'45\', \'13\', \'2025-05-16\', \'2025-05-07\', \'2025-05-20\')')
 2 SYSTEMPATH\Database\BaseConnection.php(652): CodeIgniter\Database\BaseConnection->simpleQuery('INSERT INTO `saiyoojyam_inmates` (`inmates_name`, `inmates_gender`, `inmates_age`, `inmates_room_type`, `inmates_check_in_date`, `inmates_check_out_date`, `room_type_created_at`) VALUES (\'ghjkgh\', \'2\', \'45\', \'13\', \'2025-05-16\', \'2025-05-07\', \'2025-05-20\')')
 3 SYSTEMPATH\Database\BaseBuilder.php(2345): CodeIgniter\Database\BaseConnection->query('INSERT INTO `saiyoojyam_inmates` (`inmates_name`, `inmates_gender`, `inmates_age`, `inmates_room_type`, `inmates_check_in_date`, `inmates_check_out_date`, `room_type_created_at`) VALUES (:inmates_name:, :inmates_gender:, :inmates_age:, :inmates_room_type:, :inmates_check_in_date:, :inmates_check_out_date:, :room_type_created_at:)', [...], false)
 4 APPPATH\Models\CommonModel.php(32): CodeIgniter\Database\BaseBuilder->insert([...])
 5 APPPATH\Controllers\Admin\Inmates.php(25): App\Models\CommonModel->InsertData('saiyoojyam_inmates', [...])
 6 SYSTEMPATH\CodeIgniter.php(933): App\Controllers\Admin\Inmates->Add()
 7 SYSTEMPATH\CodeIgniter.php(507): CodeIgniter\CodeIgniter->runController(Object(App\Controllers\Admin\Inmates))
 8 SYSTEMPATH\CodeIgniter.php(354): CodeIgniter\CodeIgniter->handleRequest(null, Object(Config\Cache), false)
 9 SYSTEMPATH\Boot.php(334): CodeIgniter\CodeIgniter->run()
10 SYSTEMPATH\Boot.php(67): CodeIgniter\Boot::runCodeIgniter(Object(CodeIgniter\CodeIgniter))
11 FCPATH\index.php(59): CodeIgniter\Boot::bootWeb(Object(Config\Paths))
CRITICAL - 2025-05-20 06:46:38 --> [Caused by] mysqli_sql_exception: Unknown column 'room_type_created_at' in 'field list'
in SYSTEMPATH\Database\MySQLi\Connection.php on line 327.
 1 SYSTEMPATH\Database\MySQLi\Connection.php(327): mysqli->query('INSERT INTO `saiyoojyam_inmates` (`inmates_name`, `inmates_gender`, `inmates_age`, `inmates_room_type`, `inmates_check_in_date`, `inmates_check_out_date`, `room_type_created_at`) VALUES (\'ghjkgh\', \'2\', \'45\', \'13\', \'2025-05-16\', \'2025-05-07\', \'2025-05-20\')', 0)
 2 SYSTEMPATH\Database\BaseConnection.php(738): CodeIgniter\Database\MySQLi\Connection->execute('INSERT INTO `saiyoojyam_inmates` (`inmates_name`, `inmates_gender`, `inmates_age`, `inmates_room_type`, `inmates_check_in_date`, `inmates_check_out_date`, `room_type_created_at`) VALUES (\'ghjkgh\', \'2\', \'45\', \'13\', \'2025-05-16\', \'2025-05-07\', \'2025-05-20\')')
 3 SYSTEMPATH\Database\BaseConnection.php(652): CodeIgniter\Database\BaseConnection->simpleQuery('INSERT INTO `saiyoojyam_inmates` (`inmates_name`, `inmates_gender`, `inmates_age`, `inmates_room_type`, `inmates_check_in_date`, `inmates_check_out_date`, `room_type_created_at`) VALUES (\'ghjkgh\', \'2\', \'45\', \'13\', \'2025-05-16\', \'2025-05-07\', \'2025-05-20\')')
 4 SYSTEMPATH\Database\BaseBuilder.php(2345): CodeIgniter\Database\BaseConnection->query('INSERT INTO `saiyoojyam_inmates` (`inmates_name`, `inmates_gender`, `inmates_age`, `inmates_room_type`, `inmates_check_in_date`, `inmates_check_out_date`, `room_type_created_at`) VALUES (:inmates_name:, :inmates_gender:, :inmates_age:, :inmates_room_type:, :inmates_check_in_date:, :inmates_check_out_date:, :room_type_created_at:)', [...], false)
 5 APPPATH\Models\CommonModel.php(32): CodeIgniter\Database\BaseBuilder->insert([...])
 6 APPPATH\Controllers\Admin\Inmates.php(25): App\Models\CommonModel->InsertData('saiyoojyam_inmates', [...])
 7 SYSTEMPATH\CodeIgniter.php(933): App\Controllers\Admin\Inmates->Add()
 8 SYSTEMPATH\CodeIgniter.php(507): CodeIgniter\CodeIgniter->runController(Object(App\Controllers\Admin\Inmates))
 9 SYSTEMPATH\CodeIgniter.php(354): CodeIgniter\CodeIgniter->handleRequest(null, Object(Config\Cache), false)
10 SYSTEMPATH\Boot.php(334): CodeIgniter\CodeIgniter->run()
11 SYSTEMPATH\Boot.php(67): CodeIgniter\Boot::runCodeIgniter(Object(CodeIgniter\CodeIgniter))
12 FCPATH\index.php(59): CodeIgniter\Boot::bootWeb(Object(Config\Paths))
ERROR - 2025-05-20 06:46:40 --> mysqli_sql_exception: Unknown column 'room_type_created_at' in 'field list' in C:\xampp\htdocs\saiyoojyam\system\Database\MySQLi\Connection.php:327
Stack trace:
#0 C:\xampp\htdocs\saiyoojyam\system\Database\MySQLi\Connection.php(327): mysqli->query('INSERT INTO `sa...', 0)
#1 C:\xampp\htdocs\saiyoojyam\system\Database\BaseConnection.php(738): CodeIgniter\Database\MySQLi\Connection->execute('INSERT INTO `sa...')
#2 C:\xampp\htdocs\saiyoojyam\system\Database\BaseConnection.php(652): CodeIgniter\Database\BaseConnection->simpleQuery('INSERT INTO `sa...')
#3 C:\xampp\htdocs\saiyoojyam\system\Database\BaseBuilder.php(2345): CodeIgniter\Database\BaseConnection->query('INSERT INTO `sa...', Array, false)
#4 C:\xampp\htdocs\saiyoojyam\app\Models\CommonModel.php(32): CodeIgniter\Database\BaseBuilder->insert(Array)
#5 C:\xampp\htdocs\saiyoojyam\app\Controllers\Admin\Inmates.php(25): App\Models\CommonModel->InsertData('saiyoojyam_inma...', Array)
#6 C:\xampp\htdocs\saiyoojyam\system\CodeIgniter.php(933): App\Controllers\Admin\Inmates->Add()
#7 C:\xampp\htdocs\saiyoojyam\system\CodeIgniter.php(507): CodeIgniter\CodeIgniter->runController(Object(App\Controllers\Admin\Inmates))
#8 C:\xampp\htdocs\saiyoojyam\system\CodeIgniter.php(354): CodeIgniter\CodeIgniter->handleRequest(NULL, Object(Config\Cache), false)
#9 C:\xampp\htdocs\saiyoojyam\system\Boot.php(334): CodeIgniter\CodeIgniter->run()
#10 C:\xampp\htdocs\saiyoojyam\system\Boot.php(67): CodeIgniter\Boot::runCodeIgniter(Object(CodeIgniter\CodeIgniter))
#11 C:\xampp\htdocs\saiyoojyam\public\index.php(59): CodeIgniter\Boot::bootWeb(Object(Config\Paths))
#12 {main}
CRITICAL - 2025-05-20 06:46:40 --> CodeIgniter\Database\Exceptions\DatabaseException: Unknown column 'room_type_created_at' in 'field list'
[Method: POST, Route: Admin/Inmates/Add]
in SYSTEMPATH\Database\BaseConnection.php on line 692.
 1 SYSTEMPATH\Database\BaseBuilder.php(2345): CodeIgniter\Database\BaseConnection->query('INSERT INTO `saiyoojyam_inmates` (`inmates_name`, `inmates_gender`, `inmates_age`, `inmates_room_type`, `inmates_check_in_date`, `inmates_check_out_date`, `room_type_created_at`) VALUES (:inmates_name:, :inmates_gender:, :inmates_age:, :inmates_room_type:, :inmates_check_in_date:, :inmates_check_out_date:, :room_type_created_at:)', [...], false)
 2 APPPATH\Models\CommonModel.php(32): CodeIgniter\Database\BaseBuilder->insert([...])
 3 APPPATH\Controllers\Admin\Inmates.php(25): App\Models\CommonModel->InsertData('saiyoojyam_inmates', [...])
 4 SYSTEMPATH\CodeIgniter.php(933): App\Controllers\Admin\Inmates->Add()
 5 SYSTEMPATH\CodeIgniter.php(507): CodeIgniter\CodeIgniter->runController(Object(App\Controllers\Admin\Inmates))
 6 SYSTEMPATH\CodeIgniter.php(354): CodeIgniter\CodeIgniter->handleRequest(null, Object(Config\Cache), false)
 7 SYSTEMPATH\Boot.php(334): CodeIgniter\CodeIgniter->run()
 8 SYSTEMPATH\Boot.php(67): CodeIgniter\Boot::runCodeIgniter(Object(CodeIgniter\CodeIgniter))
 9 FCPATH\index.php(59): CodeIgniter\Boot::bootWeb(Object(Config\Paths))
CRITICAL - 2025-05-20 06:46:40 --> [Caused by] CodeIgniter\Database\Exceptions\DatabaseException: Unknown column 'room_type_created_at' in 'field list'
in SYSTEMPATH\Database\MySQLi\Connection.php on line 332.
 1 SYSTEMPATH\Database\BaseConnection.php(738): CodeIgniter\Database\MySQLi\Connection->execute('INSERT INTO `saiyoojyam_inmates` (`inmates_name`, `inmates_gender`, `inmates_age`, `inmates_room_type`, `inmates_check_in_date`, `inmates_check_out_date`, `room_type_created_at`) VALUES (\'ghjkgh\', \'2\', \'45\', \'13\', \'2025-05-16\', \'2025-05-07\', \'2025-05-20\')')
 2 SYSTEMPATH\Database\BaseConnection.php(652): CodeIgniter\Database\BaseConnection->simpleQuery('INSERT INTO `saiyoojyam_inmates` (`inmates_name`, `inmates_gender`, `inmates_age`, `inmates_room_type`, `inmates_check_in_date`, `inmates_check_out_date`, `room_type_created_at`) VALUES (\'ghjkgh\', \'2\', \'45\', \'13\', \'2025-05-16\', \'2025-05-07\', \'2025-05-20\')')
 3 SYSTEMPATH\Database\BaseBuilder.php(2345): CodeIgniter\Database\BaseConnection->query('INSERT INTO `saiyoojyam_inmates` (`inmates_name`, `inmates_gender`, `inmates_age`, `inmates_room_type`, `inmates_check_in_date`, `inmates_check_out_date`, `room_type_created_at`) VALUES (:inmates_name:, :inmates_gender:, :inmates_age:, :inmates_room_type:, :inmates_check_in_date:, :inmates_check_out_date:, :room_type_created_at:)', [...], false)
 4 APPPATH\Models\CommonModel.php(32): CodeIgniter\Database\BaseBuilder->insert([...])
 5 APPPATH\Controllers\Admin\Inmates.php(25): App\Models\CommonModel->InsertData('saiyoojyam_inmates', [...])
 6 SYSTEMPATH\CodeIgniter.php(933): App\Controllers\Admin\Inmates->Add()
 7 SYSTEMPATH\CodeIgniter.php(507): CodeIgniter\CodeIgniter->runController(Object(App\Controllers\Admin\Inmates))
 8 SYSTEMPATH\CodeIgniter.php(354): CodeIgniter\CodeIgniter->handleRequest(null, Object(Config\Cache), false)
 9 SYSTEMPATH\Boot.php(334): CodeIgniter\CodeIgniter->run()
10 SYSTEMPATH\Boot.php(67): CodeIgniter\Boot::runCodeIgniter(Object(CodeIgniter\CodeIgniter))
11 FCPATH\index.php(59): CodeIgniter\Boot::bootWeb(Object(Config\Paths))
CRITICAL - 2025-05-20 06:46:40 --> [Caused by] mysqli_sql_exception: Unknown column 'room_type_created_at' in 'field list'
in SYSTEMPATH\Database\MySQLi\Connection.php on line 327.
 1 SYSTEMPATH\Database\MySQLi\Connection.php(327): mysqli->query('INSERT INTO `saiyoojyam_inmates` (`inmates_name`, `inmates_gender`, `inmates_age`, `inmates_room_type`, `inmates_check_in_date`, `inmates_check_out_date`, `room_type_created_at`) VALUES (\'ghjkgh\', \'2\', \'45\', \'13\', \'2025-05-16\', \'2025-05-07\', \'2025-05-20\')', 0)
 2 SYSTEMPATH\Database\BaseConnection.php(738): CodeIgniter\Database\MySQLi\Connection->execute('INSERT INTO `saiyoojyam_inmates` (`inmates_name`, `inmates_gender`, `inmates_age`, `inmates_room_type`, `inmates_check_in_date`, `inmates_check_out_date`, `room_type_created_at`) VALUES (\'ghjkgh\', \'2\', \'45\', \'13\', \'2025-05-16\', \'2025-05-07\', \'2025-05-20\')')
 3 SYSTEMPATH\Database\BaseConnection.php(652): CodeIgniter\Database\BaseConnection->simpleQuery('INSERT INTO `saiyoojyam_inmates` (`inmates_name`, `inmates_gender`, `inmates_age`, `inmates_room_type`, `inmates_check_in_date`, `inmates_check_out_date`, `room_type_created_at`) VALUES (\'ghjkgh\', \'2\', \'45\', \'13\', \'2025-05-16\', \'2025-05-07\', \'2025-05-20\')')
 4 SYSTEMPATH\Database\BaseBuilder.php(2345): CodeIgniter\Database\BaseConnection->query('INSERT INTO `saiyoojyam_inmates` (`inmates_name`, `inmates_gender`, `inmates_age`, `inmates_room_type`, `inmates_check_in_date`, `inmates_check_out_date`, `room_type_created_at`) VALUES (:inmates_name:, :inmates_gender:, :inmates_age:, :inmates_room_type:, :inmates_check_in_date:, :inmates_check_out_date:, :room_type_created_at:)', [...], false)
 5 APPPATH\Models\CommonModel.php(32): CodeIgniter\Database\BaseBuilder->insert([...])
 6 APPPATH\Controllers\Admin\Inmates.php(25): App\Models\CommonModel->InsertData('saiyoojyam_inmates', [...])
 7 SYSTEMPATH\CodeIgniter.php(933): App\Controllers\Admin\Inmates->Add()
 8 SYSTEMPATH\CodeIgniter.php(507): CodeIgniter\CodeIgniter->runController(Object(App\Controllers\Admin\Inmates))
 9 SYSTEMPATH\CodeIgniter.php(354): CodeIgniter\CodeIgniter->handleRequest(null, Object(Config\Cache), false)
10 SYSTEMPATH\Boot.php(334): CodeIgniter\CodeIgniter->run()
11 SYSTEMPATH\Boot.php(67): CodeIgniter\Boot::runCodeIgniter(Object(CodeIgniter\CodeIgniter))
12 FCPATH\index.php(59): CodeIgniter\Boot::bootWeb(Object(Config\Paths))
ERROR - 2025-05-20 06:46:40 --> mysqli_sql_exception: Unknown column 'room_type_created_at' in 'field list' in C:\xampp\htdocs\saiyoojyam\system\Database\MySQLi\Connection.php:327
Stack trace:
#0 C:\xampp\htdocs\saiyoojyam\system\Database\MySQLi\Connection.php(327): mysqli->query('INSERT INTO `sa...', 0)
#1 C:\xampp\htdocs\saiyoojyam\system\Database\BaseConnection.php(738): CodeIgniter\Database\MySQLi\Connection->execute('INSERT INTO `sa...')
#2 C:\xampp\htdocs\saiyoojyam\system\Database\BaseConnection.php(652): CodeIgniter\Database\BaseConnection->simpleQuery('INSERT INTO `sa...')
#3 C:\xampp\htdocs\saiyoojyam\system\Database\BaseBuilder.php(2345): CodeIgniter\Database\BaseConnection->query('INSERT INTO `sa...', Array, false)
#4 C:\xampp\htdocs\saiyoojyam\app\Models\CommonModel.php(32): CodeIgniter\Database\BaseBuilder->insert(Array)
#5 C:\xampp\htdocs\saiyoojyam\app\Controllers\Admin\Inmates.php(25): App\Models\CommonModel->InsertData('saiyoojyam_inma...', Array)
#6 C:\xampp\htdocs\saiyoojyam\system\CodeIgniter.php(933): App\Controllers\Admin\Inmates->Add()
#7 C:\xampp\htdocs\saiyoojyam\system\CodeIgniter.php(507): CodeIgniter\CodeIgniter->runController(Object(App\Controllers\Admin\Inmates))
#8 C:\xampp\htdocs\saiyoojyam\system\CodeIgniter.php(354): CodeIgniter\CodeIgniter->handleRequest(NULL, Object(Config\Cache), false)
#9 C:\xampp\htdocs\saiyoojyam\system\Boot.php(334): CodeIgniter\CodeIgniter->run()
#10 C:\xampp\htdocs\saiyoojyam\system\Boot.php(67): CodeIgniter\Boot::runCodeIgniter(Object(CodeIgniter\CodeIgniter))
#11 C:\xampp\htdocs\saiyoojyam\public\index.php(59): CodeIgniter\Boot::bootWeb(Object(Config\Paths))
#12 {main}
CRITICAL - 2025-05-20 06:46:40 --> CodeIgniter\Database\Exceptions\DatabaseException: Unknown column 'room_type_created_at' in 'field list'
[Method: POST, Route: Admin/Inmates/Add]
in SYSTEMPATH\Database\BaseConnection.php on line 692.
 1 SYSTEMPATH\Database\BaseBuilder.php(2345): CodeIgniter\Database\BaseConnection->query('INSERT INTO `saiyoojyam_inmates` (`inmates_name`, `inmates_gender`, `inmates_age`, `inmates_room_type`, `inmates_check_in_date`, `inmates_check_out_date`, `room_type_created_at`) VALUES (:inmates_name:, :inmates_gender:, :inmates_age:, :inmates_room_type:, :inmates_check_in_date:, :inmates_check_out_date:, :room_type_created_at:)', [...], false)
 2 APPPATH\Models\CommonModel.php(32): CodeIgniter\Database\BaseBuilder->insert([...])
 3 APPPATH\Controllers\Admin\Inmates.php(25): App\Models\CommonModel->InsertData('saiyoojyam_inmates', [...])
 4 SYSTEMPATH\CodeIgniter.php(933): App\Controllers\Admin\Inmates->Add()
 5 SYSTEMPATH\CodeIgniter.php(507): CodeIgniter\CodeIgniter->runController(Object(App\Controllers\Admin\Inmates))
 6 SYSTEMPATH\CodeIgniter.php(354): CodeIgniter\CodeIgniter->handleRequest(null, Object(Config\Cache), false)
 7 SYSTEMPATH\Boot.php(334): CodeIgniter\CodeIgniter->run()
 8 SYSTEMPATH\Boot.php(67): CodeIgniter\Boot::runCodeIgniter(Object(CodeIgniter\CodeIgniter))
 9 FCPATH\index.php(59): CodeIgniter\Boot::bootWeb(Object(Config\Paths))
CRITICAL - 2025-05-20 06:46:40 --> [Caused by] CodeIgniter\Database\Exceptions\DatabaseException: Unknown column 'room_type_created_at' in 'field list'
in SYSTEMPATH\Database\MySQLi\Connection.php on line 332.
 1 SYSTEMPATH\Database\BaseConnection.php(738): CodeIgniter\Database\MySQLi\Connection->execute('INSERT INTO `saiyoojyam_inmates` (`inmates_name`, `inmates_gender`, `inmates_age`, `inmates_room_type`, `inmates_check_in_date`, `inmates_check_out_date`, `room_type_created_at`) VALUES (\'ghjkgh\', \'2\', \'45\', \'13\', \'2025-05-16\', \'2025-05-07\', \'2025-05-20\')')
 2 SYSTEMPATH\Database\BaseConnection.php(652): CodeIgniter\Database\BaseConnection->simpleQuery('INSERT INTO `saiyoojyam_inmates` (`inmates_name`, `inmates_gender`, `inmates_age`, `inmates_room_type`, `inmates_check_in_date`, `inmates_check_out_date`, `room_type_created_at`) VALUES (\'ghjkgh\', \'2\', \'45\', \'13\', \'2025-05-16\', \'2025-05-07\', \'2025-05-20\')')
 3 SYSTEMPATH\Database\BaseBuilder.php(2345): CodeIgniter\Database\BaseConnection->query('INSERT INTO `saiyoojyam_inmates` (`inmates_name`, `inmates_gender`, `inmates_age`, `inmates_room_type`, `inmates_check_in_date`, `inmates_check_out_date`, `room_type_created_at`) VALUES (:inmates_name:, :inmates_gender:, :inmates_age:, :inmates_room_type:, :inmates_check_in_date:, :inmates_check_out_date:, :room_type_created_at:)', [...], false)
 4 APPPATH\Models\CommonModel.php(32): CodeIgniter\Database\BaseBuilder->insert([...])
 5 APPPATH\Controllers\Admin\Inmates.php(25): App\Models\CommonModel->InsertData('saiyoojyam_inmates', [...])
 6 SYSTEMPATH\CodeIgniter.php(933): App\Controllers\Admin\Inmates->Add()
 7 SYSTEMPATH\CodeIgniter.php(507): CodeIgniter\CodeIgniter->runController(Object(App\Controllers\Admin\Inmates))
 8 SYSTEMPATH\CodeIgniter.php(354): CodeIgniter\CodeIgniter->handleRequest(null, Object(Config\Cache), false)
 9 SYSTEMPATH\Boot.php(334): CodeIgniter\CodeIgniter->run()
10 SYSTEMPATH\Boot.php(67): CodeIgniter\Boot::runCodeIgniter(Object(CodeIgniter\CodeIgniter))
11 FCPATH\index.php(59): CodeIgniter\Boot::bootWeb(Object(Config\Paths))
CRITICAL - 2025-05-20 06:46:40 --> [Caused by] mysqli_sql_exception: Unknown column 'room_type_created_at' in 'field list'
in SYSTEMPATH\Database\MySQLi\Connection.php on line 327.
 1 SYSTEMPATH\Database\MySQLi\Connection.php(327): mysqli->query('INSERT INTO `saiyoojyam_inmates` (`inmates_name`, `inmates_gender`, `inmates_age`, `inmates_room_type`, `inmates_check_in_date`, `inmates_check_out_date`, `room_type_created_at`) VALUES (\'ghjkgh\', \'2\', \'45\', \'13\', \'2025-05-16\', \'2025-05-07\', \'2025-05-20\')', 0)
 2 SYSTEMPATH\Database\BaseConnection.php(738): CodeIgniter\Database\MySQLi\Connection->execute('INSERT INTO `saiyoojyam_inmates` (`inmates_name`, `inmates_gender`, `inmates_age`, `inmates_room_type`, `inmates_check_in_date`, `inmates_check_out_date`, `room_type_created_at`) VALUES (\'ghjkgh\', \'2\', \'45\', \'13\', \'2025-05-16\', \'2025-05-07\', \'2025-05-20\')')
 3 SYSTEMPATH\Database\BaseConnection.php(652): CodeIgniter\Database\BaseConnection->simpleQuery('INSERT INTO `saiyoojyam_inmates` (`inmates_name`, `inmates_gender`, `inmates_age`, `inmates_room_type`, `inmates_check_in_date`, `inmates_check_out_date`, `room_type_created_at`) VALUES (\'ghjkgh\', \'2\', \'45\', \'13\', \'2025-05-16\', \'2025-05-07\', \'2025-05-20\')')
 4 SYSTEMPATH\Database\BaseBuilder.php(2345): CodeIgniter\Database\BaseConnection->query('INSERT INTO `saiyoojyam_inmates` (`inmates_name`, `inmates_gender`, `inmates_age`, `inmates_room_type`, `inmates_check_in_date`, `inmates_check_out_date`, `room_type_created_at`) VALUES (:inmates_name:, :inmates_gender:, :inmates_age:, :inmates_room_type:, :inmates_check_in_date:, :inmates_check_out_date:, :room_type_created_at:)', [...], false)
 5 APPPATH\Models\CommonModel.php(32): CodeIgniter\Database\BaseBuilder->insert([...])
 6 APPPATH\Controllers\Admin\Inmates.php(25): App\Models\CommonModel->InsertData('saiyoojyam_inmates', [...])
 7 SYSTEMPATH\CodeIgniter.php(933): App\Controllers\Admin\Inmates->Add()
 8 SYSTEMPATH\CodeIgniter.php(507): CodeIgniter\CodeIgniter->runController(Object(App\Controllers\Admin\Inmates))
 9 SYSTEMPATH\CodeIgniter.php(354): CodeIgniter\CodeIgniter->handleRequest(null, Object(Config\Cache), false)
10 SYSTEMPATH\Boot.php(334): CodeIgniter\CodeIgniter->run()
11 SYSTEMPATH\Boot.php(67): CodeIgniter\Boot::runCodeIgniter(Object(CodeIgniter\CodeIgniter))
12 FCPATH\index.php(59): CodeIgniter\Boot::bootWeb(Object(Config\Paths))
ERROR - 2025-05-20 06:46:41 --> mysqli_sql_exception: Unknown column 'room_type_created_at' in 'field list' in C:\xampp\htdocs\saiyoojyam\system\Database\MySQLi\Connection.php:327
Stack trace:
#0 C:\xampp\htdocs\saiyoojyam\system\Database\MySQLi\Connection.php(327): mysqli->query('INSERT INTO `sa...', 0)
#1 C:\xampp\htdocs\saiyoojyam\system\Database\BaseConnection.php(738): CodeIgniter\Database\MySQLi\Connection->execute('INSERT INTO `sa...')
#2 C:\xampp\htdocs\saiyoojyam\system\Database\BaseConnection.php(652): CodeIgniter\Database\BaseConnection->simpleQuery('INSERT INTO `sa...')
#3 C:\xampp\htdocs\saiyoojyam\system\Database\BaseBuilder.php(2345): CodeIgniter\Database\BaseConnection->query('INSERT INTO `sa...', Array, false)
#4 C:\xampp\htdocs\saiyoojyam\app\Models\CommonModel.php(32): CodeIgniter\Database\BaseBuilder->insert(Array)
#5 C:\xampp\htdocs\saiyoojyam\app\Controllers\Admin\Inmates.php(25): App\Models\CommonModel->InsertData('saiyoojyam_inma...', Array)
#6 C:\xampp\htdocs\saiyoojyam\system\CodeIgniter.php(933): App\Controllers\Admin\Inmates->Add()
#7 C:\xampp\htdocs\saiyoojyam\system\CodeIgniter.php(507): CodeIgniter\CodeIgniter->runController(Object(App\Controllers\Admin\Inmates))
#8 C:\xampp\htdocs\saiyoojyam\system\CodeIgniter.php(354): CodeIgniter\CodeIgniter->handleRequest(NULL, Object(Config\Cache), false)
#9 C:\xampp\htdocs\saiyoojyam\system\Boot.php(334): CodeIgniter\CodeIgniter->run()
#10 C:\xampp\htdocs\saiyoojyam\system\Boot.php(67): CodeIgniter\Boot::runCodeIgniter(Object(CodeIgniter\CodeIgniter))
#11 C:\xampp\htdocs\saiyoojyam\public\index.php(59): CodeIgniter\Boot::bootWeb(Object(Config\Paths))
#12 {main}
CRITICAL - 2025-05-20 06:46:41 --> CodeIgniter\Database\Exceptions\DatabaseException: Unknown column 'room_type_created_at' in 'field list'
[Method: POST, Route: Admin/Inmates/Add]
in SYSTEMPATH\Database\BaseConnection.php on line 692.
 1 SYSTEMPATH\Database\BaseBuilder.php(2345): CodeIgniter\Database\BaseConnection->query('INSERT INTO `saiyoojyam_inmates` (`inmates_name`, `inmates_gender`, `inmates_age`, `inmates_room_type`, `inmates_check_in_date`, `inmates_check_out_date`, `room_type_created_at`) VALUES (:inmates_name:, :inmates_gender:, :inmates_age:, :inmates_room_type:, :inmates_check_in_date:, :inmates_check_out_date:, :room_type_created_at:)', [...], false)
 2 APPPATH\Models\CommonModel.php(32): CodeIgniter\Database\BaseBuilder->insert([...])
 3 APPPATH\Controllers\Admin\Inmates.php(25): App\Models\CommonModel->InsertData('saiyoojyam_inmates', [...])
 4 SYSTEMPATH\CodeIgniter.php(933): App\Controllers\Admin\Inmates->Add()
 5 SYSTEMPATH\CodeIgniter.php(507): CodeIgniter\CodeIgniter->runController(Object(App\Controllers\Admin\Inmates))
 6 SYSTEMPATH\CodeIgniter.php(354): CodeIgniter\CodeIgniter->handleRequest(null, Object(Config\Cache), false)
 7 SYSTEMPATH\Boot.php(334): CodeIgniter\CodeIgniter->run()
 8 SYSTEMPATH\Boot.php(67): CodeIgniter\Boot::runCodeIgniter(Object(CodeIgniter\CodeIgniter))
 9 FCPATH\index.php(59): CodeIgniter\Boot::bootWeb(Object(Config\Paths))
CRITICAL - 2025-05-20 06:46:41 --> [Caused by] CodeIgniter\Database\Exceptions\DatabaseException: Unknown column 'room_type_created_at' in 'field list'
in SYSTEMPATH\Database\MySQLi\Connection.php on line 332.
 1 SYSTEMPATH\Database\BaseConnection.php(738): CodeIgniter\Database\MySQLi\Connection->execute('INSERT INTO `saiyoojyam_inmates` (`inmates_name`, `inmates_gender`, `inmates_age`, `inmates_room_type`, `inmates_check_in_date`, `inmates_check_out_date`, `room_type_created_at`) VALUES (\'ghjkgh\', \'2\', \'45\', \'13\', \'2025-05-16\', \'2025-05-07\', \'2025-05-20\')')
 2 SYSTEMPATH\Database\BaseConnection.php(652): CodeIgniter\Database\BaseConnection->simpleQuery('INSERT INTO `saiyoojyam_inmates` (`inmates_name`, `inmates_gender`, `inmates_age`, `inmates_room_type`, `inmates_check_in_date`, `inmates_check_out_date`, `room_type_created_at`) VALUES (\'ghjkgh\', \'2\', \'45\', \'13\', \'2025-05-16\', \'2025-05-07\', \'2025-05-20\')')
 3 SYSTEMPATH\Database\BaseBuilder.php(2345): CodeIgniter\Database\BaseConnection->query('INSERT INTO `saiyoojyam_inmates` (`inmates_name`, `inmates_gender`, `inmates_age`, `inmates_room_type`, `inmates_check_in_date`, `inmates_check_out_date`, `room_type_created_at`) VALUES (:inmates_name:, :inmates_gender:, :inmates_age:, :inmates_room_type:, :inmates_check_in_date:, :inmates_check_out_date:, :room_type_created_at:)', [...], false)
 4 APPPATH\Models\CommonModel.php(32): CodeIgniter\Database\BaseBuilder->insert([...])
 5 APPPATH\Controllers\Admin\Inmates.php(25): App\Models\CommonModel->InsertData('saiyoojyam_inmates', [...])
 6 SYSTEMPATH\CodeIgniter.php(933): App\Controllers\Admin\Inmates->Add()
 7 SYSTEMPATH\CodeIgniter.php(507): CodeIgniter\CodeIgniter->runController(Object(App\Controllers\Admin\Inmates))
 8 SYSTEMPATH\CodeIgniter.php(354): CodeIgniter\CodeIgniter->handleRequest(null, Object(Config\Cache), false)
 9 SYSTEMPATH\Boot.php(334): CodeIgniter\CodeIgniter->run()
10 SYSTEMPATH\Boot.php(67): CodeIgniter\Boot::runCodeIgniter(Object(CodeIgniter\CodeIgniter))
11 FCPATH\index.php(59): CodeIgniter\Boot::bootWeb(Object(Config\Paths))
CRITICAL - 2025-05-20 06:46:41 --> [Caused by] mysqli_sql_exception: Unknown column 'room_type_created_at' in 'field list'
in SYSTEMPATH\Database\MySQLi\Connection.php on line 327.
 1 SYSTEMPATH\Database\MySQLi\Connection.php(327): mysqli->query('INSERT INTO `saiyoojyam_inmates` (`inmates_name`, `inmates_gender`, `inmates_age`, `inmates_room_type`, `inmates_check_in_date`, `inmates_check_out_date`, `room_type_created_at`) VALUES (\'ghjkgh\', \'2\', \'45\', \'13\', \'2025-05-16\', \'2025-05-07\', \'2025-05-20\')', 0)
 2 SYSTEMPATH\Database\BaseConnection.php(738): CodeIgniter\Database\MySQLi\Connection->execute('INSERT INTO `saiyoojyam_inmates` (`inmates_name`, `inmates_gender`, `inmates_age`, `inmates_room_type`, `inmates_check_in_date`, `inmates_check_out_date`, `room_type_created_at`) VALUES (\'ghjkgh\', \'2\', \'45\', \'13\', \'2025-05-16\', \'2025-05-07\', \'2025-05-20\')')
 3 SYSTEMPATH\Database\BaseConnection.php(652): CodeIgniter\Database\BaseConnection->simpleQuery('INSERT INTO `saiyoojyam_inmates` (`inmates_name`, `inmates_gender`, `inmates_age`, `inmates_room_type`, `inmates_check_in_date`, `inmates_check_out_date`, `room_type_created_at`) VALUES (\'ghjkgh\', \'2\', \'45\', \'13\', \'2025-05-16\', \'2025-05-07\', \'2025-05-20\')')
 4 SYSTEMPATH\Database\BaseBuilder.php(2345): CodeIgniter\Database\BaseConnection->query('INSERT INTO `saiyoojyam_inmates` (`inmates_name`, `inmates_gender`, `inmates_age`, `inmates_room_type`, `inmates_check_in_date`, `inmates_check_out_date`, `room_type_created_at`) VALUES (:inmates_name:, :inmates_gender:, :inmates_age:, :inmates_room_type:, :inmates_check_in_date:, :inmates_check_out_date:, :room_type_created_at:)', [...], false)
 5 APPPATH\Models\CommonModel.php(32): CodeIgniter\Database\BaseBuilder->insert([...])
 6 APPPATH\Controllers\Admin\Inmates.php(25): App\Models\CommonModel->InsertData('saiyoojyam_inmates', [...])
 7 SYSTEMPATH\CodeIgniter.php(933): App\Controllers\Admin\Inmates->Add()
 8 SYSTEMPATH\CodeIgniter.php(507): CodeIgniter\CodeIgniter->runController(Object(App\Controllers\Admin\Inmates))
 9 SYSTEMPATH\CodeIgniter.php(354): CodeIgniter\CodeIgniter->handleRequest(null, Object(Config\Cache), false)
10 SYSTEMPATH\Boot.php(334): CodeIgniter\CodeIgniter->run()
11 SYSTEMPATH\Boot.php(67): CodeIgniter\Boot::runCodeIgniter(Object(CodeIgniter\CodeIgniter))
12 FCPATH\index.php(59): CodeIgniter\Boot::bootWeb(Object(Config\Paths))
DEBUG - 2025-05-20 06:48:09 --> Session: Class initialized using 'CodeIgniter\Session\Handlers\FileHandler' driver.
DEBUG - 2025-05-20 06:48:09 --> Session: Class initialized using 'CodeIgniter\Session\Handlers\FileHandler' driver.
ERROR - 2025-05-20 06:48:29 --> mysqli_sql_exception: Unknown column 'room_type_created_at' in 'field list' in C:\xampp\htdocs\saiyoojyam\system\Database\MySQLi\Connection.php:327
Stack trace:
#0 C:\xampp\htdocs\saiyoojyam\system\Database\MySQLi\Connection.php(327): mysqli->query('INSERT INTO `sa...', 0)
#1 C:\xampp\htdocs\saiyoojyam\system\Database\BaseConnection.php(738): CodeIgniter\Database\MySQLi\Connection->execute('INSERT INTO `sa...')
#2 C:\xampp\htdocs\saiyoojyam\system\Database\BaseConnection.php(652): CodeIgniter\Database\BaseConnection->simpleQuery('INSERT INTO `sa...')
#3 C:\xampp\htdocs\saiyoojyam\system\Database\BaseBuilder.php(2345): CodeIgniter\Database\BaseConnection->query('INSERT INTO `sa...', Array, false)
#4 C:\xampp\htdocs\saiyoojyam\app\Models\CommonModel.php(32): CodeIgniter\Database\BaseBuilder->insert(Array)
#5 C:\xampp\htdocs\saiyoojyam\app\Controllers\Admin\Inmates.php(25): App\Models\CommonModel->InsertData('saiyoojyam_inma...', Array)
#6 C:\xampp\htdocs\saiyoojyam\system\CodeIgniter.php(933): App\Controllers\Admin\Inmates->Add()
#7 C:\xampp\htdocs\saiyoojyam\system\CodeIgniter.php(507): CodeIgniter\CodeIgniter->runController(Object(App\Controllers\Admin\Inmates))
#8 C:\xampp\htdocs\saiyoojyam\system\CodeIgniter.php(354): CodeIgniter\CodeIgniter->handleRequest(NULL, Object(Config\Cache), false)
#9 C:\xampp\htdocs\saiyoojyam\system\Boot.php(334): CodeIgniter\CodeIgniter->run()
#10 C:\xampp\htdocs\saiyoojyam\system\Boot.php(67): CodeIgniter\Boot::runCodeIgniter(Object(CodeIgniter\CodeIgniter))
#11 C:\xampp\htdocs\saiyoojyam\public\index.php(59): CodeIgniter\Boot::bootWeb(Object(Config\Paths))
#12 {main}
CRITICAL - 2025-05-20 06:48:29 --> CodeIgniter\Database\Exceptions\DatabaseException: Unknown column 'room_type_created_at' in 'field list'
[Method: POST, Route: Admin/Inmates/Add]
in SYSTEMPATH\Database\BaseConnection.php on line 692.
 1 SYSTEMPATH\Database\BaseBuilder.php(2345): CodeIgniter\Database\BaseConnection->query('INSERT INTO `saiyoojyam_inmates` (`inmates_name`, `inmates_gender`, `inmates_age`, `inmates_room_type`, `inmates_check_in_date`, `inmates_check_out_date`, `room_type_created_at`) VALUES (:inmates_name:, :inmates_gender:, :inmates_age:, :inmates_room_type:, :inmates_check_in_date:, :inmates_check_out_date:, :room_type_created_at:)', [...], false)
 2 APPPATH\Models\CommonModel.php(32): CodeIgniter\Database\BaseBuilder->insert([...])
 3 APPPATH\Controllers\Admin\Inmates.php(25): App\Models\CommonModel->InsertData('saiyoojyam_inmates', [...])
 4 SYSTEMPATH\CodeIgniter.php(933): App\Controllers\Admin\Inmates->Add()
 5 SYSTEMPATH\CodeIgniter.php(507): CodeIgniter\CodeIgniter->runController(Object(App\Controllers\Admin\Inmates))
 6 SYSTEMPATH\CodeIgniter.php(354): CodeIgniter\CodeIgniter->handleRequest(null, Object(Config\Cache), false)
 7 SYSTEMPATH\Boot.php(334): CodeIgniter\CodeIgniter->run()
 8 SYSTEMPATH\Boot.php(67): CodeIgniter\Boot::runCodeIgniter(Object(CodeIgniter\CodeIgniter))
 9 FCPATH\index.php(59): CodeIgniter\Boot::bootWeb(Object(Config\Paths))
CRITICAL - 2025-05-20 06:48:29 --> [Caused by] CodeIgniter\Database\Exceptions\DatabaseException: Unknown column 'room_type_created_at' in 'field list'
in SYSTEMPATH\Database\MySQLi\Connection.php on line 332.
 1 SYSTEMPATH\Database\BaseConnection.php(738): CodeIgniter\Database\MySQLi\Connection->execute('INSERT INTO `saiyoojyam_inmates` (`inmates_name`, `inmates_gender`, `inmates_age`, `inmates_room_type`, `inmates_check_in_date`, `inmates_check_out_date`, `room_type_created_at`) VALUES (\'jkjk\', \'1\', \'46\', \'13\', \'2025-05-10\', \'2025-05-25\', \'2025-05-20\')')
 2 SYSTEMPATH\Database\BaseConnection.php(652): CodeIgniter\Database\BaseConnection->simpleQuery('INSERT INTO `saiyoojyam_inmates` (`inmates_name`, `inmates_gender`, `inmates_age`, `inmates_room_type`, `inmates_check_in_date`, `inmates_check_out_date`, `room_type_created_at`) VALUES (\'jkjk\', \'1\', \'46\', \'13\', \'2025-05-10\', \'2025-05-25\', \'2025-05-20\')')
 3 SYSTEMPATH\Database\BaseBuilder.php(2345): CodeIgniter\Database\BaseConnection->query('INSERT INTO `saiyoojyam_inmates` (`inmates_name`, `inmates_gender`, `inmates_age`, `inmates_room_type`, `inmates_check_in_date`, `inmates_check_out_date`, `room_type_created_at`) VALUES (:inmates_name:, :inmates_gender:, :inmates_age:, :inmates_room_type:, :inmates_check_in_date:, :inmates_check_out_date:, :room_type_created_at:)', [...], false)
 4 APPPATH\Models\CommonModel.php(32): CodeIgniter\Database\BaseBuilder->insert([...])
 5 APPPATH\Controllers\Admin\Inmates.php(25): App\Models\CommonModel->InsertData('saiyoojyam_inmates', [...])
 6 SYSTEMPATH\CodeIgniter.php(933): App\Controllers\Admin\Inmates->Add()
 7 SYSTEMPATH\CodeIgniter.php(507): CodeIgniter\CodeIgniter->runController(Object(App\Controllers\Admin\Inmates))
 8 SYSTEMPATH\CodeIgniter.php(354): CodeIgniter\CodeIgniter->handleRequest(null, Object(Config\Cache), false)
 9 SYSTEMPATH\Boot.php(334): CodeIgniter\CodeIgniter->run()
10 SYSTEMPATH\Boot.php(67): CodeIgniter\Boot::runCodeIgniter(Object(CodeIgniter\CodeIgniter))
11 FCPATH\index.php(59): CodeIgniter\Boot::bootWeb(Object(Config\Paths))
CRITICAL - 2025-05-20 06:48:29 --> [Caused by] mysqli_sql_exception: Unknown column 'room_type_created_at' in 'field list'
in SYSTEMPATH\Database\MySQLi\Connection.php on line 327.
 1 SYSTEMPATH\Database\MySQLi\Connection.php(327): mysqli->query('INSERT INTO `saiyoojyam_inmates` (`inmates_name`, `inmates_gender`, `inmates_age`, `inmates_room_type`, `inmates_check_in_date`, `inmates_check_out_date`, `room_type_created_at`) VALUES (\'jkjk\', \'1\', \'46\', \'13\', \'2025-05-10\', \'2025-05-25\', \'2025-05-20\')', 0)
 2 SYSTEMPATH\Database\BaseConnection.php(738): CodeIgniter\Database\MySQLi\Connection->execute('INSERT INTO `saiyoojyam_inmates` (`inmates_name`, `inmates_gender`, `inmates_age`, `inmates_room_type`, `inmates_check_in_date`, `inmates_check_out_date`, `room_type_created_at`) VALUES (\'jkjk\', \'1\', \'46\', \'13\', \'2025-05-10\', \'2025-05-25\', \'2025-05-20\')')
 3 SYSTEMPATH\Database\BaseConnection.php(652): CodeIgniter\Database\BaseConnection->simpleQuery('INSERT INTO `saiyoojyam_inmates` (`inmates_name`, `inmates_gender`, `inmates_age`, `inmates_room_type`, `inmates_check_in_date`, `inmates_check_out_date`, `room_type_created_at`) VALUES (\'jkjk\', \'1\', \'46\', \'13\', \'2025-05-10\', \'2025-05-25\', \'2025-05-20\')')
 4 SYSTEMPATH\Database\BaseBuilder.php(2345): CodeIgniter\Database\BaseConnection->query('INSERT INTO `saiyoojyam_inmates` (`inmates_name`, `inmates_gender`, `inmates_age`, `inmates_room_type`, `inmates_check_in_date`, `inmates_check_out_date`, `room_type_created_at`) VALUES (:inmates_name:, :inmates_gender:, :inmates_age:, :inmates_room_type:, :inmates_check_in_date:, :inmates_check_out_date:, :room_type_created_at:)', [...], false)
 5 APPPATH\Models\CommonModel.php(32): CodeIgniter\Database\BaseBuilder->insert([...])
 6 APPPATH\Controllers\Admin\Inmates.php(25): App\Models\CommonModel->InsertData('saiyoojyam_inmates', [...])
 7 SYSTEMPATH\CodeIgniter.php(933): App\Controllers\Admin\Inmates->Add()
 8 SYSTEMPATH\CodeIgniter.php(507): CodeIgniter\CodeIgniter->runController(Object(App\Controllers\Admin\Inmates))
 9 SYSTEMPATH\CodeIgniter.php(354): CodeIgniter\CodeIgniter->handleRequest(null, Object(Config\Cache), false)
10 SYSTEMPATH\Boot.php(334): CodeIgniter\CodeIgniter->run()
11 SYSTEMPATH\Boot.php(67): CodeIgniter\Boot::runCodeIgniter(Object(CodeIgniter\CodeIgniter))
12 FCPATH\index.php(59): CodeIgniter\Boot::bootWeb(Object(Config\Paths))
DEBUG - 2025-05-20 06:50:17 --> Session: Class initialized using 'CodeIgniter\Session\Handlers\FileHandler' driver.
DEBUG - 2025-05-20 06:50:17 --> Session: Class initialized using 'CodeIgniter\Session\Handlers\FileHandler' driver.
DEBUG - 2025-05-20 06:56:27 --> Session: Class initialized using 'CodeIgniter\Session\Handlers\FileHandler' driver.
DEBUG - 2025-05-20 06:56:27 --> Session: Class initialized using 'CodeIgniter\Session\Handlers\FileHandler' driver.
DEBUG - 2025-05-20 06:59:09 --> Session: Class initialized using 'CodeIgniter\Session\Handlers\FileHandler' driver.
DEBUG - 2025-05-20 06:59:10 --> Session: Class initialized using 'CodeIgniter\Session\Handlers\FileHandler' driver.
CRITICAL - 2025-05-20 06:59:28 --> ErrorException: Undefined property: App\Controllers\Admin\Inmates::$input
[Method: POST, Route: Admin/Inmates/Add]
in APPPATH\Controllers\Admin\Inmates.php on line 23.
 1 APPPATH\Controllers\Admin\Inmates.php(23): CodeIgniter\Debug\Exceptions->errorHandler(2, 'Undefined property: App\\Controllers\\Admin\\Inmates::$input', 'C:\\xampp\\htdocs\\saiyoojyam\\app\\Controllers\\Admin\\Inmates.php', 23)
 2 SYSTEMPATH\CodeIgniter.php(933): App\Controllers\Admin\Inmates->Add()
 3 SYSTEMPATH\CodeIgniter.php(507): CodeIgniter\CodeIgniter->runController(Object(App\Controllers\Admin\Inmates))
 4 SYSTEMPATH\CodeIgniter.php(354): CodeIgniter\CodeIgniter->handleRequest(null, Object(Config\Cache), false)
 5 SYSTEMPATH\Boot.php(334): CodeIgniter\CodeIgniter->run()
 6 SYSTEMPATH\Boot.php(67): CodeIgniter\Boot::runCodeIgniter(Object(CodeIgniter\CodeIgniter))
 7 FCPATH\index.php(59): CodeIgniter\Boot::bootWeb(Object(Config\Paths))
CRITICAL - 2025-05-20 06:59:30 --> ErrorException: Undefined property: App\Controllers\Admin\Inmates::$input
[Method: POST, Route: Admin/Inmates/Add]
in APPPATH\Controllers\Admin\Inmates.php on line 23.
 1 APPPATH\Controllers\Admin\Inmates.php(23): CodeIgniter\Debug\Exceptions->errorHandler(2, 'Undefined property: App\\Controllers\\Admin\\Inmates::$input', 'C:\\xampp\\htdocs\\saiyoojyam\\app\\Controllers\\Admin\\Inmates.php', 23)
 2 SYSTEMPATH\CodeIgniter.php(933): App\Controllers\Admin\Inmates->Add()
 3 SYSTEMPATH\CodeIgniter.php(507): CodeIgniter\CodeIgniter->runController(Object(App\Controllers\Admin\Inmates))
 4 SYSTEMPATH\CodeIgniter.php(354): CodeIgniter\CodeIgniter->handleRequest(null, Object(Config\Cache), false)
 5 SYSTEMPATH\Boot.php(334): CodeIgniter\CodeIgniter->run()
 6 SYSTEMPATH\Boot.php(67): CodeIgniter\Boot::runCodeIgniter(Object(CodeIgniter\CodeIgniter))
 7 FCPATH\index.php(59): CodeIgniter\Boot::bootWeb(Object(Config\Paths))
DEBUG - 2025-05-20 06:59:54 --> Session: Class initialized using 'CodeIgniter\Session\Handlers\FileHandler' driver.
DEBUG - 2025-05-20 06:59:55 --> Session: Class initialized using 'CodeIgniter\Session\Handlers\FileHandler' driver.
DEBUG - 2025-05-20 07:00:22 --> Session: Class initialized using 'CodeIgniter\Session\Handlers\FileHandler' driver.
DEBUG - 2025-05-20 07:00:23 --> Session: Class initialized using 'CodeIgniter\Session\Handlers\FileHandler' driver.
CRITICAL - 2025-05-20 07:00:43 --> ErrorException: Undefined property: App\Controllers\Admin\Inmates::$input
[Method: POST, Route: Admin/Inmates/Add]
in APPPATH\Controllers\Admin\Inmates.php on line 23.
 1 APPPATH\Controllers\Admin\Inmates.php(23): CodeIgniter\Debug\Exceptions->errorHandler(2, 'Undefined property: App\\Controllers\\Admin\\Inmates::$input', 'C:\\xampp\\htdocs\\saiyoojyam\\app\\Controllers\\Admin\\Inmates.php', 23)
 2 SYSTEMPATH\CodeIgniter.php(933): App\Controllers\Admin\Inmates->Add()
 3 SYSTEMPATH\CodeIgniter.php(507): CodeIgniter\CodeIgniter->runController(Object(App\Controllers\Admin\Inmates))
 4 SYSTEMPATH\CodeIgniter.php(354): CodeIgniter\CodeIgniter->handleRequest(null, Object(Config\Cache), false)
 5 SYSTEMPATH\Boot.php(334): CodeIgniter\CodeIgniter->run()
 6 SYSTEMPATH\Boot.php(67): CodeIgniter\Boot::runCodeIgniter(Object(CodeIgniter\CodeIgniter))
 7 FCPATH\index.php(59): CodeIgniter\Boot::bootWeb(Object(Config\Paths))
DEBUG - 2025-05-20 07:07:58 --> Session: Class initialized using 'CodeIgniter\Session\Handlers\FileHandler' driver.
DEBUG - 2025-05-20 07:07:58 --> Session: Class initialized using 'CodeIgniter\Session\Handlers\FileHandler' driver.
CRITICAL - 2025-05-20 07:08:17 --> Error: Class "App\Models\InmatesModel" not found
[Method: POST, Route: Admin/Inmates/Add]
in APPPATH\Controllers\Admin\Inmates.php on line 70.
 1 SYSTEMPATH\CodeIgniter.php(933): App\Controllers\Admin\Inmates->Add()
 2 SYSTEMPATH\CodeIgniter.php(507): CodeIgniter\CodeIgniter->runController(Object(App\Controllers\Admin\Inmates))
 3 SYSTEMPATH\CodeIgniter.php(354): CodeIgniter\CodeIgniter->handleRequest(null, Object(Config\Cache), false)
 4 SYSTEMPATH\Boot.php(334): CodeIgniter\CodeIgniter->run()
 5 SYSTEMPATH\Boot.php(67): CodeIgniter\Boot::runCodeIgniter(Object(CodeIgniter\CodeIgniter))
 6 FCPATH\index.php(59): CodeIgniter\Boot::bootWeb(Object(Config\Paths))
CRITICAL - 2025-05-20 07:08:19 --> Error: Class "App\Models\InmatesModel" not found
[Method: POST, Route: Admin/Inmates/Add]
in APPPATH\Controllers\Admin\Inmates.php on line 70.
 1 SYSTEMPATH\CodeIgniter.php(933): App\Controllers\Admin\Inmates->Add()
 2 SYSTEMPATH\CodeIgniter.php(507): CodeIgniter\CodeIgniter->runController(Object(App\Controllers\Admin\Inmates))
 3 SYSTEMPATH\CodeIgniter.php(354): CodeIgniter\CodeIgniter->handleRequest(null, Object(Config\Cache), false)
 4 SYSTEMPATH\Boot.php(334): CodeIgniter\CodeIgniter->run()
 5 SYSTEMPATH\Boot.php(67): CodeIgniter\Boot::runCodeIgniter(Object(CodeIgniter\CodeIgniter))
 6 FCPATH\index.php(59): CodeIgniter\Boot::bootWeb(Object(Config\Paths))
DEBUG - 2025-05-20 07:10:07 --> Session: Class initialized using 'CodeIgniter\Session\Handlers\FileHandler' driver.
DEBUG - 2025-05-20 07:10:07 --> Session: Class initialized using 'CodeIgniter\Session\Handlers\FileHandler' driver.
DEBUG - 2025-05-20 07:10:16 --> Session: Class initialized using 'CodeIgniter\Session\Handlers\FileHandler' driver.
DEBUG - 2025-05-20 07:10:16 --> Session: Class initialized using 'CodeIgniter\Session\Handlers\FileHandler' driver.
DEBUG - 2025-05-20 07:10:54 --> Session: Class initialized using 'CodeIgniter\Session\Handlers\FileHandler' driver.
DEBUG - 2025-05-20 07:10:54 --> Session: Class initialized using 'CodeIgniter\Session\Handlers\FileHandler' driver.
DEBUG - 2025-05-20 07:11:45 --> Session: Class initialized using 'CodeIgniter\Session\Handlers\FileHandler' driver.
DEBUG - 2025-05-20 07:11:46 --> Session: Class initialized using 'CodeIgniter\Session\Handlers\FileHandler' driver.
DEBUG - 2025-05-20 07:13:44 --> Session: Class initialized using 'CodeIgniter\Session\Handlers\FileHandler' driver.
DEBUG - 2025-05-20 07:13:45 --> Session: Class initialized using 'CodeIgniter\Session\Handlers\FileHandler' driver.
DEBUG - 2025-05-20 07:13:45 --> Session: Class initialized using 'CodeIgniter\Session\Handlers\FileHandler' driver.
DEBUG - 2025-05-20 07:13:45 --> Session: Class initialized using 'CodeIgniter\Session\Handlers\FileHandler' driver.
DEBUG - 2025-05-20 07:14:13 --> Session: Class initialized using 'CodeIgniter\Session\Handlers\FileHandler' driver.
DEBUG - 2025-05-20 07:14:14 --> Session: Class initialized using 'CodeIgniter\Session\Handlers\FileHandler' driver.
DEBUG - 2025-05-20 07:14:15 --> Session: Class initialized using 'CodeIgniter\Session\Handlers\FileHandler' driver.
DEBUG - 2025-05-20 07:14:16 --> Session: Class initialized using 'CodeIgniter\Session\Handlers\FileHandler' driver.
DEBUG - 2025-05-20 07:14:26 --> Session: Class initialized using 'CodeIgniter\Session\Handlers\FileHandler' driver.
DEBUG - 2025-05-20 07:14:27 --> Session: Class initialized using 'CodeIgniter\Session\Handlers\FileHandler' driver.
DEBUG - 2025-05-20 07:14:27 --> Session: Class initialized using 'CodeIgniter\Session\Handlers\FileHandler' driver.
DEBUG - 2025-05-20 07:14:27 --> Session: Class initialized using 'CodeIgniter\Session\Handlers\FileHandler' driver.
DEBUG - 2025-05-20 07:14:34 --> Session: Class initialized using 'CodeIgniter\Session\Handlers\FileHandler' driver.
DEBUG - 2025-05-20 07:14:34 --> Session: Class initialized using 'CodeIgniter\Session\Handlers\FileHandler' driver.
DEBUG - 2025-05-20 07:14:35 --> Session: Class initialized using 'CodeIgniter\Session\Handlers\FileHandler' driver.
DEBUG - 2025-05-20 07:14:35 --> Session: Class initialized using 'CodeIgniter\Session\Handlers\FileHandler' driver.
DEBUG - 2025-05-20 07:14:35 --> Session: Class initialized using 'CodeIgniter\Session\Handlers\FileHandler' driver.
DEBUG - 2025-05-20 07:14:35 --> Session: Class initialized using 'CodeIgniter\Session\Handlers\FileHandler' driver.
DEBUG - 2025-05-20 07:14:38 --> Session: Class initialized using 'CodeIgniter\Session\Handlers\FileHandler' driver.
DEBUG - 2025-05-20 07:14:38 --> Session: Class initialized using 'CodeIgniter\Session\Handlers\FileHandler' driver.
DEBUG - 2025-05-20 07:14:40 --> Session: Class initialized using 'CodeIgniter\Session\Handlers\FileHandler' driver.
DEBUG - 2025-05-20 07:14:41 --> Session: Class initialized using 'CodeIgniter\Session\Handlers\FileHandler' driver.
DEBUG - 2025-05-20 07:14:41 --> Session: Class initialized using 'CodeIgniter\Session\Handlers\FileHandler' driver.
DEBUG - 2025-05-20 07:14:41 --> Session: Class initialized using 'CodeIgniter\Session\Handlers\FileHandler' driver.
DEBUG - 2025-05-20 07:14:41 --> Session: Class initialized using 'CodeIgniter\Session\Handlers\FileHandler' driver.
DEBUG - 2025-05-20 07:14:41 --> Session: Class initialized using 'CodeIgniter\Session\Handlers\FileHandler' driver.
DEBUG - 2025-05-20 07:16:49 --> Session: Class initialized using 'CodeIgniter\Session\Handlers\FileHandler' driver.
DEBUG - 2025-05-20 07:16:50 --> Session: Class initialized using 'CodeIgniter\Session\Handlers\FileHandler' driver.
DEBUG - 2025-05-20 07:16:50 --> Session: Class initialized using 'CodeIgniter\Session\Handlers\FileHandler' driver.
DEBUG - 2025-05-20 07:16:51 --> Session: Class initialized using 'CodeIgniter\Session\Handlers\FileHandler' driver.
DEBUG - 2025-05-20 07:16:51 --> Session: Class initialized using 'CodeIgniter\Session\Handlers\FileHandler' driver.
DEBUG - 2025-05-20 07:16:51 --> Session: Class initialized using 'CodeIgniter\Session\Handlers\FileHandler' driver.
DEBUG - 2025-05-20 07:16:51 --> Session: Class initialized using 'CodeIgniter\Session\Handlers\FileHandler' driver.
DEBUG - 2025-05-20 07:16:51 --> Session: Class initialized using 'CodeIgniter\Session\Handlers\FileHandler' driver.
DEBUG - 2025-05-20 07:16:52 --> Session: Class initialized using 'CodeIgniter\Session\Handlers\FileHandler' driver.
DEBUG - 2025-05-20 07:16:52 --> Session: Class initialized using 'CodeIgniter\Session\Handlers\FileHandler' driver.
DEBUG - 2025-05-20 07:16:52 --> Session: Class initialized using 'CodeIgniter\Session\Handlers\FileHandler' driver.
DEBUG - 2025-05-20 07:16:52 --> Session: Class initialized using 'CodeIgniter\Session\Handlers\FileHandler' driver.
DEBUG - 2025-05-20 07:16:52 --> Session: Class initialized using 'CodeIgniter\Session\Handlers\FileHandler' driver.
DEBUG - 2025-05-20 07:16:52 --> Session: Class initialized using 'CodeIgniter\Session\Handlers\FileHandler' driver.
DEBUG - 2025-05-20 07:16:53 --> Session: Class initialized using 'CodeIgniter\Session\Handlers\FileHandler' driver.
DEBUG - 2025-05-20 07:16:53 --> Session: Class initialized using 'CodeIgniter\Session\Handlers\FileHandler' driver.
DEBUG - 2025-05-20 07:16:53 --> Session: Class initialized using 'CodeIgniter\Session\Handlers\FileHandler' driver.
CRITICAL - 2025-05-20 07:17:34 --> Error: Class "App\Models\InmatesModel" not found
[Method: POST, Route: Admin/Inmates/Add]
in APPPATH\Controllers\Admin\Inmates.php on line 72.
 1 SYSTEMPATH\CodeIgniter.php(933): App\Controllers\Admin\Inmates->Add()
 2 SYSTEMPATH\CodeIgniter.php(507): CodeIgniter\CodeIgniter->runController(Object(App\Controllers\Admin\Inmates))
 3 SYSTEMPATH\CodeIgniter.php(354): CodeIgniter\CodeIgniter->handleRequest(null, Object(Config\Cache), false)
 4 SYSTEMPATH\Boot.php(334): CodeIgniter\CodeIgniter->run()
 5 SYSTEMPATH\Boot.php(67): CodeIgniter\Boot::runCodeIgniter(Object(CodeIgniter\CodeIgniter))
 6 FCPATH\index.php(59): CodeIgniter\Boot::bootWeb(Object(Config\Paths))
CRITICAL - 2025-05-20 07:17:35 --> Error: Class "App\Models\InmatesModel" not found
[Method: POST, Route: Admin/Inmates/Add]
in APPPATH\Controllers\Admin\Inmates.php on line 72.
 1 SYSTEMPATH\CodeIgniter.php(933): App\Controllers\Admin\Inmates->Add()
 2 SYSTEMPATH\CodeIgniter.php(507): CodeIgniter\CodeIgniter->runController(Object(App\Controllers\Admin\Inmates))
 3 SYSTEMPATH\CodeIgniter.php(354): CodeIgniter\CodeIgniter->handleRequest(null, Object(Config\Cache), false)
 4 SYSTEMPATH\Boot.php(334): CodeIgniter\CodeIgniter->run()
 5 SYSTEMPATH\Boot.php(67): CodeIgniter\Boot::runCodeIgniter(Object(CodeIgniter\CodeIgniter))
 6 FCPATH\index.php(59): CodeIgniter\Boot::bootWeb(Object(Config\Paths))
DEBUG - 2025-05-20 07:18:31 --> Session: Class initialized using 'CodeIgniter\Session\Handlers\FileHandler' driver.
DEBUG - 2025-05-20 07:18:32 --> Session: Class initialized using 'CodeIgniter\Session\Handlers\FileHandler' driver.
DEBUG - 2025-05-20 07:18:32 --> Session: Class initialized using 'CodeIgniter\Session\Handlers\FileHandler' driver.
DEBUG - 2025-05-20 07:18:33 --> Session: Class initialized using 'CodeIgniter\Session\Handlers\FileHandler' driver.
CRITICAL - 2025-05-20 07:18:53 --> Error: Class "App\Models\InmatesModel" not found
[Method: POST, Route: Admin/Inmates/Add]
in APPPATH\Controllers\Admin\Inmates.php on line 72.
 1 SYSTEMPATH\CodeIgniter.php(933): App\Controllers\Admin\Inmates->Add()
 2 SYSTEMPATH\CodeIgniter.php(507): CodeIgniter\CodeIgniter->runController(Object(App\Controllers\Admin\Inmates))
 3 SYSTEMPATH\CodeIgniter.php(354): CodeIgniter\CodeIgniter->handleRequest(null, Object(Config\Cache), false)
 4 SYSTEMPATH\Boot.php(334): CodeIgniter\CodeIgniter->run()
 5 SYSTEMPATH\Boot.php(67): CodeIgniter\Boot::runCodeIgniter(Object(CodeIgniter\CodeIgniter))
 6 FCPATH\index.php(59): CodeIgniter\Boot::bootWeb(Object(Config\Paths))
DEBUG - 2025-05-20 07:19:13 --> Session: Class initialized using 'CodeIgniter\Session\Handlers\FileHandler' driver.
DEBUG - 2025-05-20 07:19:14 --> Session: Class initialized using 'CodeIgniter\Session\Handlers\FileHandler' driver.
CRITICAL - 2025-05-20 07:21:52 --> Error: Class "App\Models\InmatesModel" not found
[Method: POST, Route: Admin/Inmates/Add]
in APPPATH\Controllers\Admin\Inmates.php on line 72.
 1 SYSTEMPATH\CodeIgniter.php(933): App\Controllers\Admin\Inmates->Add()
 2 SYSTEMPATH\CodeIgniter.php(507): CodeIgniter\CodeIgniter->runController(Object(App\Controllers\Admin\Inmates))
 3 SYSTEMPATH\CodeIgniter.php(354): CodeIgniter\CodeIgniter->handleRequest(null, Object(Config\Cache), false)
 4 SYSTEMPATH\Boot.php(334): CodeIgniter\CodeIgniter->run()
 5 SYSTEMPATH\Boot.php(67): CodeIgniter\Boot::runCodeIgniter(Object(CodeIgniter\CodeIgniter))
 6 FCPATH\index.php(59): CodeIgniter\Boot::bootWeb(Object(Config\Paths))
DEBUG - 2025-05-20 07:24:18 --> Session: Class initialized using 'CodeIgniter\Session\Handlers\FileHandler' driver.
DEBUG - 2025-05-20 07:24:19 --> Session: Class initialized using 'CodeIgniter\Session\Handlers\FileHandler' driver.
DEBUG - 2025-05-20 07:24:37 --> Session: Class initialized using 'CodeIgniter\Session\Handlers\FileHandler' driver.
DEBUG - 2025-05-20 07:24:41 --> Session: Class initialized using 'CodeIgniter\Session\Handlers\FileHandler' driver.
DEBUG - 2025-05-20 07:25:44 --> Session: Class initialized using 'CodeIgniter\Session\Handlers\FileHandler' driver.
DEBUG - 2025-05-20 07:25:44 --> Session: Class initialized using 'CodeIgniter\Session\Handlers\FileHandler' driver.
DEBUG - 2025-05-20 07:26:01 --> Session: Class initialized using 'CodeIgniter\Session\Handlers\FileHandler' driver.
DEBUG - 2025-05-20 07:26:31 --> Session: Class initialized using 'CodeIgniter\Session\Handlers\FileHandler' driver.
DEBUG - 2025-05-20 07:26:31 --> Session: Class initialized using 'CodeIgniter\Session\Handlers\FileHandler' driver.
DEBUG - 2025-05-20 07:26:49 --> Session: Class initialized using 'CodeIgniter\Session\Handlers\FileHandler' driver.
DEBUG - 2025-05-20 07:27:29 --> Session: Class initialized using 'CodeIgniter\Session\Handlers\FileHandler' driver.
DEBUG - 2025-05-20 07:27:30 --> Session: Class initialized using 'CodeIgniter\Session\Handlers\FileHandler' driver.
DEBUG - 2025-05-20 07:27:51 --> Session: Class initialized using 'CodeIgniter\Session\Handlers\FileHandler' driver.
DEBUG - 2025-05-20 07:27:53 --> Session: Class initialized using 'CodeIgniter\Session\Handlers\FileHandler' driver.
DEBUG - 2025-05-20 07:28:10 --> Session: Class initialized using 'CodeIgniter\Session\Handlers\FileHandler' driver.
DEBUG - 2025-05-20 07:28:11 --> Session: Class initialized using 'CodeIgniter\Session\Handlers\FileHandler' driver.
DEBUG - 2025-05-20 07:28:30 --> Session: Class initialized using 'CodeIgniter\Session\Handlers\FileHandler' driver.
DEBUG - 2025-05-20 07:29:27 --> Session: Class initialized using 'CodeIgniter\Session\Handlers\FileHandler' driver.
DEBUG - 2025-05-20 07:29:27 --> Session: Class initialized using 'CodeIgniter\Session\Handlers\FileHandler' driver.
DEBUG - 2025-05-20 07:29:43 --> Session: Class initialized using 'CodeIgniter\Session\Handlers\FileHandler' driver.
DEBUG - 2025-05-20 07:30:31 --> Session: Class initialized using 'CodeIgniter\Session\Handlers\FileHandler' driver.
DEBUG - 2025-05-20 07:30:32 --> Session: Class initialized using 'CodeIgniter\Session\Handlers\FileHandler' driver.
DEBUG - 2025-05-20 07:30:48 --> Session: Class initialized using 'CodeIgniter\Session\Handlers\FileHandler' driver.
DEBUG - 2025-05-20 07:31:20 --> Session: Class initialized using 'CodeIgniter\Session\Handlers\FileHandler' driver.
DEBUG - 2025-05-20 07:31:21 --> Session: Class initialized using 'CodeIgniter\Session\Handlers\FileHandler' driver.
DEBUG - 2025-05-20 07:35:22 --> Session: Class initialized using 'CodeIgniter\Session\Handlers\FileHandler' driver.
DEBUG - 2025-05-20 07:35:22 --> Session: Class initialized using 'CodeIgniter\Session\Handlers\FileHandler' driver.
DEBUG - 2025-05-20 07:38:28 --> Session: Class initialized using 'CodeIgniter\Session\Handlers\FileHandler' driver.
DEBUG - 2025-05-20 07:38:28 --> Session: Class initialized using 'CodeIgniter\Session\Handlers\FileHandler' driver.
DEBUG - 2025-05-20 07:39:17 --> Session: Class initialized using 'CodeIgniter\Session\Handlers\FileHandler' driver.
DEBUG - 2025-05-20 07:39:17 --> Session: Class initialized using 'CodeIgniter\Session\Handlers\FileHandler' driver.
DEBUG - 2025-05-20 07:39:21 --> Session: Class initialized using 'CodeIgniter\Session\Handlers\FileHandler' driver.
DEBUG - 2025-05-20 07:39:21 --> Session: Class initialized using 'CodeIgniter\Session\Handlers\FileHandler' driver.
DEBUG - 2025-05-20 07:46:51 --> Session: Class initialized using 'CodeIgniter\Session\Handlers\FileHandler' driver.
DEBUG - 2025-05-20 07:46:52 --> Session: Class initialized using 'CodeIgniter\Session\Handlers\FileHandler' driver.
DEBUG - 2025-05-20 07:47:26 --> Session: Class initialized using 'CodeIgniter\Session\Handlers\FileHandler' driver.
DEBUG - 2025-05-20 07:47:26 --> Session: Class initialized using 'CodeIgniter\Session\Handlers\FileHandler' driver.
DEBUG - 2025-05-20 07:47:37 --> Session: Class initialized using 'CodeIgniter\Session\Handlers\FileHandler' driver.
DEBUG - 2025-05-20 07:47:58 --> Session: Class initialized using 'CodeIgniter\Session\Handlers\FileHandler' driver.
DEBUG - 2025-05-20 07:47:59 --> Session: Class initialized using 'CodeIgniter\Session\Handlers\FileHandler' driver.
DEBUG - 2025-05-20 07:48:03 --> Session: Class initialized using 'CodeIgniter\Session\Handlers\FileHandler' driver.
DEBUG - 2025-05-20 07:48:03 --> Session: Class initialized using 'CodeIgniter\Session\Handlers\FileHandler' driver.
DEBUG - 2025-05-20 07:48:06 --> Session: Class initialized using 'CodeIgniter\Session\Handlers\FileHandler' driver.
DEBUG - 2025-05-20 07:48:06 --> Session: Class initialized using 'CodeIgniter\Session\Handlers\FileHandler' driver.
DEBUG - 2025-05-20 07:53:33 --> Session: Class initialized using 'CodeIgniter\Session\Handlers\FileHandler' driver.
DEBUG - 2025-05-20 07:53:34 --> Session: Class initialized using 'CodeIgniter\Session\Handlers\FileHandler' driver.
DEBUG - 2025-05-20 07:53:34 --> Session: Class initialized using 'CodeIgniter\Session\Handlers\FileHandler' driver.
DEBUG - 2025-05-20 07:53:34 --> Session: Class initialized using 'CodeIgniter\Session\Handlers\FileHandler' driver.
DEBUG - 2025-05-20 07:53:35 --> Session: Class initialized using 'CodeIgniter\Session\Handlers\FileHandler' driver.
DEBUG - 2025-05-20 07:53:35 --> Session: Class initialized using 'CodeIgniter\Session\Handlers\FileHandler' driver.
DEBUG - 2025-05-20 07:53:35 --> Session: Class initialized using 'CodeIgniter\Session\Handlers\FileHandler' driver.
DEBUG - 2025-05-20 07:53:36 --> Session: Class initialized using 'CodeIgniter\Session\Handlers\FileHandler' driver.
DEBUG - 2025-05-20 07:54:02 --> Session: Class initialized using 'CodeIgniter\Session\Handlers\FileHandler' driver.
DEBUG - 2025-05-20 07:54:02 --> Session: Class initialized using 'CodeIgniter\Session\Handlers\FileHandler' driver.
DEBUG - 2025-05-20 07:54:02 --> Session: Class initialized using 'CodeIgniter\Session\Handlers\FileHandler' driver.
DEBUG - 2025-05-20 07:54:03 --> Session: Class initialized using 'CodeIgniter\Session\Handlers\FileHandler' driver.
DEBUG - 2025-05-20 07:54:46 --> Session: Class initialized using 'CodeIgniter\Session\Handlers\FileHandler' driver.
DEBUG - 2025-05-20 07:54:46 --> Session: Class initialized using 'CodeIgniter\Session\Handlers\FileHandler' driver.
DEBUG - 2025-05-20 07:54:47 --> Session: Class initialized using 'CodeIgniter\Session\Handlers\FileHandler' driver.
DEBUG - 2025-05-20 07:54:47 --> Session: Class initialized using 'CodeIgniter\Session\Handlers\FileHandler' driver.
DEBUG - 2025-05-20 08:01:28 --> Session: Class initialized using 'CodeIgniter\Session\Handlers\FileHandler' driver.
DEBUG - 2025-05-20 08:01:28 --> Session: Class initialized using 'CodeIgniter\Session\Handlers\FileHandler' driver.
DEBUG - 2025-05-20 08:01:29 --> Session: Class initialized using 'CodeIgniter\Session\Handlers\FileHandler' driver.
DEBUG - 2025-05-20 08:01:29 --> Session: Class initialized using 'CodeIgniter\Session\Handlers\FileHandler' driver.
DEBUG - 2025-05-20 08:01:30 --> Session: Class initialized using 'CodeIgniter\Session\Handlers\FileHandler' driver.
DEBUG - 2025-05-20 08:01:30 --> Session: Class initialized using 'CodeIgniter\Session\Handlers\FileHandler' driver.
DEBUG - 2025-05-20 08:01:47 --> Session: Class initialized using 'CodeIgniter\Session\Handlers\FileHandler' driver.
DEBUG - 2025-05-20 08:01:47 --> Session: Class initialized using 'CodeIgniter\Session\Handlers\FileHandler' driver.
DEBUG - 2025-05-20 08:01:47 --> Session: Class initialized using 'CodeIgniter\Session\Handlers\FileHandler' driver.
DEBUG - 2025-05-20 08:01:48 --> Session: Class initialized using 'CodeIgniter\Session\Handlers\FileHandler' driver.
DEBUG - 2025-05-20 08:02:28 --> Session: Class initialized using 'CodeIgniter\Session\Handlers\FileHandler' driver.
DEBUG - 2025-05-20 08:02:29 --> Session: Class initialized using 'CodeIgniter\Session\Handlers\FileHandler' driver.
DEBUG - 2025-05-20 08:02:29 --> Session: Class initialized using 'CodeIgniter\Session\Handlers\FileHandler' driver.
DEBUG - 2025-05-20 08:02:30 --> Session: Class initialized using 'CodeIgniter\Session\Handlers\FileHandler' driver.
DEBUG - 2025-05-20 08:03:21 --> Session: Class initialized using 'CodeIgniter\Session\Handlers\FileHandler' driver.
DEBUG - 2025-05-20 08:03:22 --> Session: Class initialized using 'CodeIgniter\Session\Handlers\FileHandler' driver.
DEBUG - 2025-05-20 08:03:22 --> Session: Class initialized using 'CodeIgniter\Session\Handlers\FileHandler' driver.
DEBUG - 2025-05-20 08:03:22 --> Session: Class initialized using 'CodeIgniter\Session\Handlers\FileHandler' driver.
DEBUG - 2025-05-20 08:07:01 --> Session: Class initialized using 'CodeIgniter\Session\Handlers\FileHandler' driver.
DEBUG - 2025-05-20 08:07:02 --> Session: Class initialized using 'CodeIgniter\Session\Handlers\FileHandler' driver.
DEBUG - 2025-05-20 08:51:33 --> Session: Class initialized using 'CodeIgniter\Session\Handlers\FileHandler' driver.
DEBUG - 2025-05-20 08:51:33 --> Session: Class initialized using 'CodeIgniter\Session\Handlers\FileHandler' driver.
DEBUG - 2025-05-20 08:51:39 --> Session: Class initialized using 'CodeIgniter\Session\Handlers\FileHandler' driver.
DEBUG - 2025-05-20 08:51:39 --> Session: Class initialized using 'CodeIgniter\Session\Handlers\FileHandler' driver.
DEBUG - 2025-05-20 08:52:17 --> Session: Class initialized using 'CodeIgniter\Session\Handlers\FileHandler' driver.
DEBUG - 2025-05-20 08:52:18 --> Session: Class initialized using 'CodeIgniter\Session\Handlers\FileHandler' driver.
DEBUG - 2025-05-20 08:52:19 --> Session: Class initialized using 'CodeIgniter\Session\Handlers\FileHandler' driver.
DEBUG - 2025-05-20 08:52:19 --> Session: Class initialized using 'CodeIgniter\Session\Handlers\FileHandler' driver.
DEBUG - 2025-05-20 08:52:21 --> Session: Class initialized using 'CodeIgniter\Session\Handlers\FileHandler' driver.
DEBUG - 2025-05-20 08:52:21 --> Session: Class initialized using 'CodeIgniter\Session\Handlers\FileHandler' driver.
DEBUG - 2025-05-20 08:55:38 --> Session: Class initialized using 'CodeIgniter\Session\Handlers\FileHandler' driver.
DEBUG - 2025-05-20 08:55:39 --> Session: Class initialized using 'CodeIgniter\Session\Handlers\FileHandler' driver.
DEBUG - 2025-05-20 08:55:41 --> Session: Class initialized using 'CodeIgniter\Session\Handlers\FileHandler' driver.
DEBUG - 2025-05-20 08:55:41 --> Session: Class initialized using 'CodeIgniter\Session\Handlers\FileHandler' driver.
DEBUG - 2025-05-20 08:57:15 --> Session: Class initialized using 'CodeIgniter\Session\Handlers\FileHandler' driver.
DEBUG - 2025-05-20 08:57:15 --> Session: Class initialized using 'CodeIgniter\Session\Handlers\FileHandler' driver.
DEBUG - 2025-05-20 08:57:16 --> Session: Class initialized using 'CodeIgniter\Session\Handlers\FileHandler' driver.
DEBUG - 2025-05-20 08:57:16 --> Session: Class initialized using 'CodeIgniter\Session\Handlers\FileHandler' driver.
DEBUG - 2025-05-20 08:59:12 --> Session: Class initialized using 'CodeIgniter\Session\Handlers\FileHandler' driver.
DEBUG - 2025-05-20 08:59:12 --> Session: Class initialized using 'CodeIgniter\Session\Handlers\FileHandler' driver.
DEBUG - 2025-05-20 08:59:13 --> Session: Class initialized using 'CodeIgniter\Session\Handlers\FileHandler' driver.
DEBUG - 2025-05-20 08:59:14 --> Session: Class initialized using 'CodeIgniter\Session\Handlers\FileHandler' driver.
DEBUG - 2025-05-20 09:00:10 --> Session: Class initialized using 'CodeIgniter\Session\Handlers\FileHandler' driver.
DEBUG - 2025-05-20 09:00:11 --> Session: Class initialized using 'CodeIgniter\Session\Handlers\FileHandler' driver.
DEBUG - 2025-05-20 09:00:12 --> Session: Class initialized using 'CodeIgniter\Session\Handlers\FileHandler' driver.
DEBUG - 2025-05-20 09:00:12 --> Session: Class initialized using 'CodeIgniter\Session\Handlers\FileHandler' driver.
DEBUG - 2025-05-20 09:00:13 --> Session: Class initialized using 'CodeIgniter\Session\Handlers\FileHandler' driver.
DEBUG - 2025-05-20 09:00:13 --> Session: Class initialized using 'CodeIgniter\Session\Handlers\FileHandler' driver.
DEBUG - 2025-05-20 09:00:14 --> Session: Class initialized using 'CodeIgniter\Session\Handlers\FileHandler' driver.
DEBUG - 2025-05-20 09:00:14 --> Session: Class initialized using 'CodeIgniter\Session\Handlers\FileHandler' driver.
DEBUG - 2025-05-20 09:00:14 --> Session: Class initialized using 'CodeIgniter\Session\Handlers\FileHandler' driver.
DEBUG - 2025-05-20 09:00:14 --> Session: Class initialized using 'CodeIgniter\Session\Handlers\FileHandler' driver.
DEBUG - 2025-05-20 09:00:14 --> Session: Class initialized using 'CodeIgniter\Session\Handlers\FileHandler' driver.
DEBUG - 2025-05-20 09:00:15 --> Session: Class initialized using 'CodeIgniter\Session\Handlers\FileHandler' driver.
DEBUG - 2025-05-20 09:00:15 --> Session: Class initialized using 'CodeIgniter\Session\Handlers\FileHandler' driver.
DEBUG - 2025-05-20 09:00:15 --> Session: Class initialized using 'CodeIgniter\Session\Handlers\FileHandler' driver.
DEBUG - 2025-05-20 09:00:15 --> Session: Class initialized using 'CodeIgniter\Session\Handlers\FileHandler' driver.
DEBUG - 2025-05-20 09:00:16 --> Session: Class initialized using 'CodeIgniter\Session\Handlers\FileHandler' driver.
DEBUG - 2025-05-20 09:00:34 --> Session: Class initialized using 'CodeIgniter\Session\Handlers\FileHandler' driver.
DEBUG - 2025-05-20 09:00:34 --> Session: Class initialized using 'CodeIgniter\Session\Handlers\FileHandler' driver.
DEBUG - 2025-05-20 09:00:34 --> Session: Class initialized using 'CodeIgniter\Session\Handlers\FileHandler' driver.
DEBUG - 2025-05-20 09:00:35 --> Session: Class initialized using 'CodeIgniter\Session\Handlers\FileHandler' driver.
DEBUG - 2025-05-20 09:00:35 --> Session: Class initialized using 'CodeIgniter\Session\Handlers\FileHandler' driver.
DEBUG - 2025-05-20 09:00:35 --> Session: Class initialized using 'CodeIgniter\Session\Handlers\FileHandler' driver.
DEBUG - 2025-05-20 09:00:36 --> Session: Class initialized using 'CodeIgniter\Session\Handlers\FileHandler' driver.
DEBUG - 2025-05-20 09:00:36 --> Session: Class initialized using 'CodeIgniter\Session\Handlers\FileHandler' driver.
DEBUG - 2025-05-20 09:00:52 --> Session: Class initialized using 'CodeIgniter\Session\Handlers\FileHandler' driver.
DEBUG - 2025-05-20 09:00:52 --> Session: Class initialized using 'CodeIgniter\Session\Handlers\FileHandler' driver.
DEBUG - 2025-05-20 09:00:58 --> Session: Class initialized using 'CodeIgniter\Session\Handlers\FileHandler' driver.
DEBUG - 2025-05-20 09:00:58 --> Session: Class initialized using 'CodeIgniter\Session\Handlers\FileHandler' driver.
DEBUG - 2025-05-20 09:01:03 --> Session: Class initialized using 'CodeIgniter\Session\Handlers\FileHandler' driver.
DEBUG - 2025-05-20 09:01:04 --> Session: Class initialized using 'CodeIgniter\Session\Handlers\FileHandler' driver.
DEBUG - 2025-05-20 09:01:08 --> Session: Class initialized using 'CodeIgniter\Session\Handlers\FileHandler' driver.
DEBUG - 2025-05-20 09:01:08 --> Session: Class initialized using 'CodeIgniter\Session\Handlers\FileHandler' driver.
DEBUG - 2025-05-20 09:01:58 --> Session: Class initialized using 'CodeIgniter\Session\Handlers\FileHandler' driver.
DEBUG - 2025-05-20 09:01:58 --> Session: Class initialized using 'CodeIgniter\Session\Handlers\FileHandler' driver.
DEBUG - 2025-05-20 09:01:59 --> Session: Class initialized using 'CodeIgniter\Session\Handlers\FileHandler' driver.
DEBUG - 2025-05-20 09:01:59 --> Session: Class initialized using 'CodeIgniter\Session\Handlers\FileHandler' driver.
DEBUG - 2025-05-20 09:02:00 --> Session: Class initialized using 'CodeIgniter\Session\Handlers\FileHandler' driver.
DEBUG - 2025-05-20 09:02:00 --> Session: Class initialized using 'CodeIgniter\Session\Handlers\FileHandler' driver.
DEBUG - 2025-05-20 09:02:01 --> Session: Class initialized using 'CodeIgniter\Session\Handlers\FileHandler' driver.
DEBUG - 2025-05-20 09:02:01 --> Session: Class initialized using 'CodeIgniter\Session\Handlers\FileHandler' driver.
DEBUG - 2025-05-20 09:02:01 --> Session: Class initialized using 'CodeIgniter\Session\Handlers\FileHandler' driver.
DEBUG - 2025-05-20 09:02:02 --> Session: Class initialized using 'CodeIgniter\Session\Handlers\FileHandler' driver.
DEBUG - 2025-05-20 09:02:02 --> Session: Class initialized using 'CodeIgniter\Session\Handlers\FileHandler' driver.
DEBUG - 2025-05-20 09:02:03 --> Session: Class initialized using 'CodeIgniter\Session\Handlers\FileHandler' driver.
DEBUG - 2025-05-20 09:08:04 --> Session: Class initialized using 'CodeIgniter\Session\Handlers\FileHandler' driver.
DEBUG - 2025-05-20 09:08:04 --> Session: Class initialized using 'CodeIgniter\Session\Handlers\FileHandler' driver.
ERROR - 2025-05-20 09:08:25 --> mysqli_sql_exception: Unknown column 'inmates_name' in 'field list' in C:\xampp\htdocs\saiyoojyam\system\Database\MySQLi\Connection.php:327
Stack trace:
#0 C:\xampp\htdocs\saiyoojyam\system\Database\MySQLi\Connection.php(327): mysqli->query('INSERT INTO `sa...', 0)
#1 C:\xampp\htdocs\saiyoojyam\system\Database\BaseConnection.php(738): CodeIgniter\Database\MySQLi\Connection->execute('INSERT INTO `sa...')
#2 C:\xampp\htdocs\saiyoojyam\system\Database\BaseConnection.php(652): CodeIgniter\Database\BaseConnection->simpleQuery('INSERT INTO `sa...')
#3 C:\xampp\htdocs\saiyoojyam\system\Database\BaseBuilder.php(2345): CodeIgniter\Database\BaseConnection->query('INSERT INTO `sa...', Array, false)
#4 C:\xampp\htdocs\saiyoojyam\app\Models\CommonModel.php(32): CodeIgniter\Database\BaseBuilder->insert(Array)
#5 C:\xampp\htdocs\saiyoojyam\app\Controllers\Admin\Facilities.php(48): App\Models\CommonModel->InsertData('saiyoojyam_faci...', Array)
#6 C:\xampp\htdocs\saiyoojyam\system\CodeIgniter.php(933): App\Controllers\Admin\Facilities->Add()
#7 C:\xampp\htdocs\saiyoojyam\system\CodeIgniter.php(507): CodeIgniter\CodeIgniter->runController(Object(App\Controllers\Admin\Facilities))
#8 C:\xampp\htdocs\saiyoojyam\system\CodeIgniter.php(354): CodeIgniter\CodeIgniter->handleRequest(NULL, Object(Config\Cache), false)
#9 C:\xampp\htdocs\saiyoojyam\system\Boot.php(334): CodeIgniter\CodeIgniter->run()
#10 C:\xampp\htdocs\saiyoojyam\system\Boot.php(67): CodeIgniter\Boot::runCodeIgniter(Object(CodeIgniter\CodeIgniter))
#11 C:\xampp\htdocs\saiyoojyam\public\index.php(59): CodeIgniter\Boot::bootWeb(Object(Config\Paths))
#12 {main}
CRITICAL - 2025-05-20 09:08:25 --> CodeIgniter\Database\Exceptions\DatabaseException: Unknown column 'inmates_name' in 'field list'
[Method: POST, Route: Admin/Facilities/Add]
in SYSTEMPATH\Database\BaseConnection.php on line 692.
 1 SYSTEMPATH\Database\BaseBuilder.php(2345): CodeIgniter\Database\BaseConnection->query('INSERT INTO `saiyoojyam_facilities` (`inmates_name`, `inmates_gender`, `inmates_photo`) VALUES (:inmates_name:, :inmates_gender:, :inmates_photo:)', [...], false)
 2 APPPATH\Models\CommonModel.php(32): CodeIgniter\Database\BaseBuilder->insert([...])
 3 APPPATH\Controllers\Admin\Facilities.php(48): App\Models\CommonModel->InsertData('saiyoojyam_facilities', [...])
 4 SYSTEMPATH\CodeIgniter.php(933): App\Controllers\Admin\Facilities->Add()
 5 SYSTEMPATH\CodeIgniter.php(507): CodeIgniter\CodeIgniter->runController(Object(App\Controllers\Admin\Facilities))
 6 SYSTEMPATH\CodeIgniter.php(354): CodeIgniter\CodeIgniter->handleRequest(null, Object(Config\Cache), false)
 7 SYSTEMPATH\Boot.php(334): CodeIgniter\CodeIgniter->run()
 8 SYSTEMPATH\Boot.php(67): CodeIgniter\Boot::runCodeIgniter(Object(CodeIgniter\CodeIgniter))
 9 FCPATH\index.php(59): CodeIgniter\Boot::bootWeb(Object(Config\Paths))
CRITICAL - 2025-05-20 09:08:25 --> [Caused by] CodeIgniter\Database\Exceptions\DatabaseException: Unknown column 'inmates_name' in 'field list'
in SYSTEMPATH\Database\MySQLi\Connection.php on line 332.
 1 SYSTEMPATH\Database\BaseConnection.php(738): CodeIgniter\Database\MySQLi\Connection->execute('INSERT INTO `saiyoojyam_facilities` (`inmates_name`, `inmates_gender`, `inmates_photo`) VALUES (\'test title\', \'test description\', \'1747732105_9891d75c51543f8a16a1.webp\')')
 2 SYSTEMPATH\Database\BaseConnection.php(652): CodeIgniter\Database\BaseConnection->simpleQuery('INSERT INTO `saiyoojyam_facilities` (`inmates_name`, `inmates_gender`, `inmates_photo`) VALUES (\'test title\', \'test description\', \'1747732105_9891d75c51543f8a16a1.webp\')')
 3 SYSTEMPATH\Database\BaseBuilder.php(2345): CodeIgniter\Database\BaseConnection->query('INSERT INTO `saiyoojyam_facilities` (`inmates_name`, `inmates_gender`, `inmates_photo`) VALUES (:inmates_name:, :inmates_gender:, :inmates_photo:)', [...], false)
 4 APPPATH\Models\CommonModel.php(32): CodeIgniter\Database\BaseBuilder->insert([...])
 5 APPPATH\Controllers\Admin\Facilities.php(48): App\Models\CommonModel->InsertData('saiyoojyam_facilities', [...])
 6 SYSTEMPATH\CodeIgniter.php(933): App\Controllers\Admin\Facilities->Add()
 7 SYSTEMPATH\CodeIgniter.php(507): CodeIgniter\CodeIgniter->runController(Object(App\Controllers\Admin\Facilities))
 8 SYSTEMPATH\CodeIgniter.php(354): CodeIgniter\CodeIgniter->handleRequest(null, Object(Config\Cache), false)
 9 SYSTEMPATH\Boot.php(334): CodeIgniter\CodeIgniter->run()
10 SYSTEMPATH\Boot.php(67): CodeIgniter\Boot::runCodeIgniter(Object(CodeIgniter\CodeIgniter))
11 FCPATH\index.php(59): CodeIgniter\Boot::bootWeb(Object(Config\Paths))
CRITICAL - 2025-05-20 09:08:25 --> [Caused by] mysqli_sql_exception: Unknown column 'inmates_name' in 'field list'
in SYSTEMPATH\Database\MySQLi\Connection.php on line 327.
 1 SYSTEMPATH\Database\MySQLi\Connection.php(327): mysqli->query('INSERT INTO `saiyoojyam_facilities` (`inmates_name`, `inmates_gender`, `inmates_photo`) VALUES (\'test title\', \'test description\', \'1747732105_9891d75c51543f8a16a1.webp\')', 0)
 2 SYSTEMPATH\Database\BaseConnection.php(738): CodeIgniter\Database\MySQLi\Connection->execute('INSERT INTO `saiyoojyam_facilities` (`inmates_name`, `inmates_gender`, `inmates_photo`) VALUES (\'test title\', \'test description\', \'1747732105_9891d75c51543f8a16a1.webp\')')
 3 SYSTEMPATH\Database\BaseConnection.php(652): CodeIgniter\Database\BaseConnection->simpleQuery('INSERT INTO `saiyoojyam_facilities` (`inmates_name`, `inmates_gender`, `inmates_photo`) VALUES (\'test title\', \'test description\', \'1747732105_9891d75c51543f8a16a1.webp\')')
 4 SYSTEMPATH\Database\BaseBuilder.php(2345): CodeIgniter\Database\BaseConnection->query('INSERT INTO `saiyoojyam_facilities` (`inmates_name`, `inmates_gender`, `inmates_photo`) VALUES (:inmates_name:, :inmates_gender:, :inmates_photo:)', [...], false)
 5 APPPATH\Models\CommonModel.php(32): CodeIgniter\Database\BaseBuilder->insert([...])
 6 APPPATH\Controllers\Admin\Facilities.php(48): App\Models\CommonModel->InsertData('saiyoojyam_facilities', [...])
 7 SYSTEMPATH\CodeIgniter.php(933): App\Controllers\Admin\Facilities->Add()
 8 SYSTEMPATH\CodeIgniter.php(507): CodeIgniter\CodeIgniter->runController(Object(App\Controllers\Admin\Facilities))
 9 SYSTEMPATH\CodeIgniter.php(354): CodeIgniter\CodeIgniter->handleRequest(null, Object(Config\Cache), false)
10 SYSTEMPATH\Boot.php(334): CodeIgniter\CodeIgniter->run()
11 SYSTEMPATH\Boot.php(67): CodeIgniter\Boot::runCodeIgniter(Object(CodeIgniter\CodeIgniter))
12 FCPATH\index.php(59): CodeIgniter\Boot::bootWeb(Object(Config\Paths))
ERROR - 2025-05-20 09:08:38 --> mysqli_sql_exception: Unknown column 'inmates_name' in 'field list' in C:\xampp\htdocs\saiyoojyam\system\Database\MySQLi\Connection.php:327
Stack trace:
#0 C:\xampp\htdocs\saiyoojyam\system\Database\MySQLi\Connection.php(327): mysqli->query('INSERT INTO `sa...', 0)
#1 C:\xampp\htdocs\saiyoojyam\system\Database\BaseConnection.php(738): CodeIgniter\Database\MySQLi\Connection->execute('INSERT INTO `sa...')
#2 C:\xampp\htdocs\saiyoojyam\system\Database\BaseConnection.php(652): CodeIgniter\Database\BaseConnection->simpleQuery('INSERT INTO `sa...')
#3 C:\xampp\htdocs\saiyoojyam\system\Database\BaseBuilder.php(2345): CodeIgniter\Database\BaseConnection->query('INSERT INTO `sa...', Array, false)
#4 C:\xampp\htdocs\saiyoojyam\app\Models\CommonModel.php(32): CodeIgniter\Database\BaseBuilder->insert(Array)
#5 C:\xampp\htdocs\saiyoojyam\app\Controllers\Admin\Facilities.php(48): App\Models\CommonModel->InsertData('saiyoojyam_faci...', Array)
#6 C:\xampp\htdocs\saiyoojyam\system\CodeIgniter.php(933): App\Controllers\Admin\Facilities->Add()
#7 C:\xampp\htdocs\saiyoojyam\system\CodeIgniter.php(507): CodeIgniter\CodeIgniter->runController(Object(App\Controllers\Admin\Facilities))
#8 C:\xampp\htdocs\saiyoojyam\system\CodeIgniter.php(354): CodeIgniter\CodeIgniter->handleRequest(NULL, Object(Config\Cache), false)
#9 C:\xampp\htdocs\saiyoojyam\system\Boot.php(334): CodeIgniter\CodeIgniter->run()
#10 C:\xampp\htdocs\saiyoojyam\system\Boot.php(67): CodeIgniter\Boot::runCodeIgniter(Object(CodeIgniter\CodeIgniter))
#11 C:\xampp\htdocs\saiyoojyam\public\index.php(59): CodeIgniter\Boot::bootWeb(Object(Config\Paths))
#12 {main}
CRITICAL - 2025-05-20 09:08:38 --> CodeIgniter\Database\Exceptions\DatabaseException: Unknown column 'inmates_name' in 'field list'
[Method: POST, Route: Admin/Facilities/Add]
in SYSTEMPATH\Database\BaseConnection.php on line 692.
 1 SYSTEMPATH\Database\BaseBuilder.php(2345): CodeIgniter\Database\BaseConnection->query('INSERT INTO `saiyoojyam_facilities` (`inmates_name`, `inmates_gender`, `inmates_photo`) VALUES (:inmates_name:, :inmates_gender:, :inmates_photo:)', [...], false)
 2 APPPATH\Models\CommonModel.php(32): CodeIgniter\Database\BaseBuilder->insert([...])
 3 APPPATH\Controllers\Admin\Facilities.php(48): App\Models\CommonModel->InsertData('saiyoojyam_facilities', [...])
 4 SYSTEMPATH\CodeIgniter.php(933): App\Controllers\Admin\Facilities->Add()
 5 SYSTEMPATH\CodeIgniter.php(507): CodeIgniter\CodeIgniter->runController(Object(App\Controllers\Admin\Facilities))
 6 SYSTEMPATH\CodeIgniter.php(354): CodeIgniter\CodeIgniter->handleRequest(null, Object(Config\Cache), false)
 7 SYSTEMPATH\Boot.php(334): CodeIgniter\CodeIgniter->run()
 8 SYSTEMPATH\Boot.php(67): CodeIgniter\Boot::runCodeIgniter(Object(CodeIgniter\CodeIgniter))
 9 FCPATH\index.php(59): CodeIgniter\Boot::bootWeb(Object(Config\Paths))
CRITICAL - 2025-05-20 09:08:38 --> [Caused by] CodeIgniter\Database\Exceptions\DatabaseException: Unknown column 'inmates_name' in 'field list'
in SYSTEMPATH\Database\MySQLi\Connection.php on line 332.
 1 SYSTEMPATH\Database\BaseConnection.php(738): CodeIgniter\Database\MySQLi\Connection->execute('INSERT INTO `saiyoojyam_facilities` (`inmates_name`, `inmates_gender`, `inmates_photo`) VALUES (\'test title\', \'test description\', \'1747732118_52749a968cc73a8f7664.webp\')')
 2 SYSTEMPATH\Database\BaseConnection.php(652): CodeIgniter\Database\BaseConnection->simpleQuery('INSERT INTO `saiyoojyam_facilities` (`inmates_name`, `inmates_gender`, `inmates_photo`) VALUES (\'test title\', \'test description\', \'1747732118_52749a968cc73a8f7664.webp\')')
 3 SYSTEMPATH\Database\BaseBuilder.php(2345): CodeIgniter\Database\BaseConnection->query('INSERT INTO `saiyoojyam_facilities` (`inmates_name`, `inmates_gender`, `inmates_photo`) VALUES (:inmates_name:, :inmates_gender:, :inmates_photo:)', [...], false)
 4 APPPATH\Models\CommonModel.php(32): CodeIgniter\Database\BaseBuilder->insert([...])
 5 APPPATH\Controllers\Admin\Facilities.php(48): App\Models\CommonModel->InsertData('saiyoojyam_facilities', [...])
 6 SYSTEMPATH\CodeIgniter.php(933): App\Controllers\Admin\Facilities->Add()
 7 SYSTEMPATH\CodeIgniter.php(507): CodeIgniter\CodeIgniter->runController(Object(App\Controllers\Admin\Facilities))
 8 SYSTEMPATH\CodeIgniter.php(354): CodeIgniter\CodeIgniter->handleRequest(null, Object(Config\Cache), false)
 9 SYSTEMPATH\Boot.php(334): CodeIgniter\CodeIgniter->run()
10 SYSTEMPATH\Boot.php(67): CodeIgniter\Boot::runCodeIgniter(Object(CodeIgniter\CodeIgniter))
11 FCPATH\index.php(59): CodeIgniter\Boot::bootWeb(Object(Config\Paths))
CRITICAL - 2025-05-20 09:08:38 --> [Caused by] mysqli_sql_exception: Unknown column 'inmates_name' in 'field list'
in SYSTEMPATH\Database\MySQLi\Connection.php on line 327.
 1 SYSTEMPATH\Database\MySQLi\Connection.php(327): mysqli->query('INSERT INTO `saiyoojyam_facilities` (`inmates_name`, `inmates_gender`, `inmates_photo`) VALUES (\'test title\', \'test description\', \'1747732118_52749a968cc73a8f7664.webp\')', 0)
 2 SYSTEMPATH\Database\BaseConnection.php(738): CodeIgniter\Database\MySQLi\Connection->execute('INSERT INTO `saiyoojyam_facilities` (`inmates_name`, `inmates_gender`, `inmates_photo`) VALUES (\'test title\', \'test description\', \'1747732118_52749a968cc73a8f7664.webp\')')
 3 SYSTEMPATH\Database\BaseConnection.php(652): CodeIgniter\Database\BaseConnection->simpleQuery('INSERT INTO `saiyoojyam_facilities` (`inmates_name`, `inmates_gender`, `inmates_photo`) VALUES (\'test title\', \'test description\', \'1747732118_52749a968cc73a8f7664.webp\')')
 4 SYSTEMPATH\Database\BaseBuilder.php(2345): CodeIgniter\Database\BaseConnection->query('INSERT INTO `saiyoojyam_facilities` (`inmates_name`, `inmates_gender`, `inmates_photo`) VALUES (:inmates_name:, :inmates_gender:, :inmates_photo:)', [...], false)
 5 APPPATH\Models\CommonModel.php(32): CodeIgniter\Database\BaseBuilder->insert([...])
 6 APPPATH\Controllers\Admin\Facilities.php(48): App\Models\CommonModel->InsertData('saiyoojyam_facilities', [...])
 7 SYSTEMPATH\CodeIgniter.php(933): App\Controllers\Admin\Facilities->Add()
 8 SYSTEMPATH\CodeIgniter.php(507): CodeIgniter\CodeIgniter->runController(Object(App\Controllers\Admin\Facilities))
 9 SYSTEMPATH\CodeIgniter.php(354): CodeIgniter\CodeIgniter->handleRequest(null, Object(Config\Cache), false)
10 SYSTEMPATH\Boot.php(334): CodeIgniter\CodeIgniter->run()
11 SYSTEMPATH\Boot.php(67): CodeIgniter\Boot::runCodeIgniter(Object(CodeIgniter\CodeIgniter))
12 FCPATH\index.php(59): CodeIgniter\Boot::bootWeb(Object(Config\Paths))
DEBUG - 2025-05-20 09:12:35 --> Session: Class initialized using 'CodeIgniter\Session\Handlers\FileHandler' driver.
DEBUG - 2025-05-20 09:12:36 --> Session: Class initialized using 'CodeIgniter\Session\Handlers\FileHandler' driver.
DEBUG - 2025-05-20 09:12:44 --> Session: Class initialized using 'CodeIgniter\Session\Handlers\FileHandler' driver.
DEBUG - 2025-05-20 09:13:04 --> Session: Class initialized using 'CodeIgniter\Session\Handlers\FileHandler' driver.
DEBUG - 2025-05-20 09:13:04 --> Session: Class initialized using 'CodeIgniter\Session\Handlers\FileHandler' driver.
DEBUG - 2025-05-20 09:13:14 --> Session: Class initialized using 'CodeIgniter\Session\Handlers\FileHandler' driver.
DEBUG - 2025-05-20 09:13:51 --> Session: Class initialized using 'CodeIgniter\Session\Handlers\FileHandler' driver.
DEBUG - 2025-05-20 09:13:51 --> Session: Class initialized using 'CodeIgniter\Session\Handlers\FileHandler' driver.
DEBUG - 2025-05-20 09:13:57 --> Session: Class initialized using 'CodeIgniter\Session\Handlers\FileHandler' driver.
DEBUG - 2025-05-20 09:14:27 --> Session: Class initialized using 'CodeIgniter\Session\Handlers\FileHandler' driver.
DEBUG - 2025-05-20 09:14:27 --> Session: Class initialized using 'CodeIgniter\Session\Handlers\FileHandler' driver.
DEBUG - 2025-05-20 09:14:31 --> Session: Class initialized using 'CodeIgniter\Session\Handlers\FileHandler' driver.
DEBUG - 2025-05-20 09:14:31 --> Session: Class initialized using 'CodeIgniter\Session\Handlers\FileHandler' driver.
DEBUG - 2025-05-20 09:15:01 --> Session: Class initialized using 'CodeIgniter\Session\Handlers\FileHandler' driver.
DEBUG - 2025-05-20 09:15:01 --> Session: Class initialized using 'CodeIgniter\Session\Handlers\FileHandler' driver.
DEBUG - 2025-05-20 09:18:36 --> Session: Class initialized using 'CodeIgniter\Session\Handlers\FileHandler' driver.
DEBUG - 2025-05-20 09:18:37 --> Session: Class initialized using 'CodeIgniter\Session\Handlers\FileHandler' driver.
ERROR - 2025-05-20 09:18:43 --> mysqli_sql_exception: Unknown column 'gallery_path' in 'field list' in C:\xampp\htdocs\saiyoojyam\system\Database\MySQLi\Connection.php:327
Stack trace:
#0 C:\xampp\htdocs\saiyoojyam\system\Database\MySQLi\Connection.php(327): mysqli->query('INSERT INTO `sa...', 0)
#1 C:\xampp\htdocs\saiyoojyam\system\Database\BaseConnection.php(738): CodeIgniter\Database\MySQLi\Connection->execute('INSERT INTO `sa...')
#2 C:\xampp\htdocs\saiyoojyam\system\Database\BaseConnection.php(652): CodeIgniter\Database\BaseConnection->simpleQuery('INSERT INTO `sa...')
#3 C:\xampp\htdocs\saiyoojyam\system\Database\BaseBuilder.php(2345): CodeIgniter\Database\BaseConnection->query('INSERT INTO `sa...', Array, false)
#4 C:\xampp\htdocs\saiyoojyam\app\Models\CommonModel.php(32): CodeIgniter\Database\BaseBuilder->insert(Array)
#5 C:\xampp\htdocs\saiyoojyam\app\Controllers\Admin\Gallery.php(37): App\Models\CommonModel->InsertData('saiyoojyam_faci...', Array)
#6 C:\xampp\htdocs\saiyoojyam\system\CodeIgniter.php(933): App\Controllers\Admin\Gallery->Add()
#7 C:\xampp\htdocs\saiyoojyam\system\CodeIgniter.php(507): CodeIgniter\CodeIgniter->runController(Object(App\Controllers\Admin\Gallery))
#8 C:\xampp\htdocs\saiyoojyam\system\CodeIgniter.php(354): CodeIgniter\CodeIgniter->handleRequest(NULL, Object(Config\Cache), false)
#9 C:\xampp\htdocs\saiyoojyam\system\Boot.php(334): CodeIgniter\CodeIgniter->run()
#10 C:\xampp\htdocs\saiyoojyam\system\Boot.php(67): CodeIgniter\Boot::runCodeIgniter(Object(CodeIgniter\CodeIgniter))
#11 C:\xampp\htdocs\saiyoojyam\public\index.php(59): CodeIgniter\Boot::bootWeb(Object(Config\Paths))
#12 {main}
CRITICAL - 2025-05-20 09:18:43 --> CodeIgniter\Database\Exceptions\DatabaseException: Unknown column 'gallery_path' in 'field list'
[Method: POST, Route: Admin/Gallery/Add]
in SYSTEMPATH\Database\BaseConnection.php on line 692.
 1 SYSTEMPATH\Database\BaseBuilder.php(2345): CodeIgniter\Database\BaseConnection->query('INSERT INTO `saiyoojyam_facilities` (`gallery_path`) VALUES (:gallery_path:)', [...], false)
 2 APPPATH\Models\CommonModel.php(32): CodeIgniter\Database\BaseBuilder->insert([...])
 3 APPPATH\Controllers\Admin\Gallery.php(37): App\Models\CommonModel->InsertData('saiyoojyam_facilities', [...])
 4 SYSTEMPATH\CodeIgniter.php(933): App\Controllers\Admin\Gallery->Add()
 5 SYSTEMPATH\CodeIgniter.php(507): CodeIgniter\CodeIgniter->runController(Object(App\Controllers\Admin\Gallery))
 6 SYSTEMPATH\CodeIgniter.php(354): CodeIgniter\CodeIgniter->handleRequest(null, Object(Config\Cache), false)
 7 SYSTEMPATH\Boot.php(334): CodeIgniter\CodeIgniter->run()
 8 SYSTEMPATH\Boot.php(67): CodeIgniter\Boot::runCodeIgniter(Object(CodeIgniter\CodeIgniter))
 9 FCPATH\index.php(59): CodeIgniter\Boot::bootWeb(Object(Config\Paths))
CRITICAL - 2025-05-20 09:18:43 --> [Caused by] CodeIgniter\Database\Exceptions\DatabaseException: Unknown column 'gallery_path' in 'field list'
in SYSTEMPATH\Database\MySQLi\Connection.php on line 332.
 1 SYSTEMPATH\Database\BaseConnection.php(738): CodeIgniter\Database\MySQLi\Connection->execute('INSERT INTO `saiyoojyam_facilities` (`gallery_path`) VALUES (\'1747732723_a70f2509d35805c50d90.jpg\')')
 2 SYSTEMPATH\Database\BaseConnection.php(652): CodeIgniter\Database\BaseConnection->simpleQuery('INSERT INTO `saiyoojyam_facilities` (`gallery_path`) VALUES (\'1747732723_a70f2509d35805c50d90.jpg\')')
 3 SYSTEMPATH\Database\BaseBuilder.php(2345): CodeIgniter\Database\BaseConnection->query('INSERT INTO `saiyoojyam_facilities` (`gallery_path`) VALUES (:gallery_path:)', [...], false)
 4 APPPATH\Models\CommonModel.php(32): CodeIgniter\Database\BaseBuilder->insert([...])
 5 APPPATH\Controllers\Admin\Gallery.php(37): App\Models\CommonModel->InsertData('saiyoojyam_facilities', [...])
 6 SYSTEMPATH\CodeIgniter.php(933): App\Controllers\Admin\Gallery->Add()
 7 SYSTEMPATH\CodeIgniter.php(507): CodeIgniter\CodeIgniter->runController(Object(App\Controllers\Admin\Gallery))
 8 SYSTEMPATH\CodeIgniter.php(354): CodeIgniter\CodeIgniter->handleRequest(null, Object(Config\Cache), false)
 9 SYSTEMPATH\Boot.php(334): CodeIgniter\CodeIgniter->run()
10 SYSTEMPATH\Boot.php(67): CodeIgniter\Boot::runCodeIgniter(Object(CodeIgniter\CodeIgniter))
11 FCPATH\index.php(59): CodeIgniter\Boot::bootWeb(Object(Config\Paths))
CRITICAL - 2025-05-20 09:18:43 --> [Caused by] mysqli_sql_exception: Unknown column 'gallery_path' in 'field list'
in SYSTEMPATH\Database\MySQLi\Connection.php on line 327.
 1 SYSTEMPATH\Database\MySQLi\Connection.php(327): mysqli->query('INSERT INTO `saiyoojyam_facilities` (`gallery_path`) VALUES (\'1747732723_a70f2509d35805c50d90.jpg\')', 0)
 2 SYSTEMPATH\Database\BaseConnection.php(738): CodeIgniter\Database\MySQLi\Connection->execute('INSERT INTO `saiyoojyam_facilities` (`gallery_path`) VALUES (\'1747732723_a70f2509d35805c50d90.jpg\')')
 3 SYSTEMPATH\Database\BaseConnection.php(652): CodeIgniter\Database\BaseConnection->simpleQuery('INSERT INTO `saiyoojyam_facilities` (`gallery_path`) VALUES (\'1747732723_a70f2509d35805c50d90.jpg\')')
 4 SYSTEMPATH\Database\BaseBuilder.php(2345): CodeIgniter\Database\BaseConnection->query('INSERT INTO `saiyoojyam_facilities` (`gallery_path`) VALUES (:gallery_path:)', [...], false)
 5 APPPATH\Models\CommonModel.php(32): CodeIgniter\Database\BaseBuilder->insert([...])
 6 APPPATH\Controllers\Admin\Gallery.php(37): App\Models\CommonModel->InsertData('saiyoojyam_facilities', [...])
 7 SYSTEMPATH\CodeIgniter.php(933): App\Controllers\Admin\Gallery->Add()
 8 SYSTEMPATH\CodeIgniter.php(507): CodeIgniter\CodeIgniter->runController(Object(App\Controllers\Admin\Gallery))
 9 SYSTEMPATH\CodeIgniter.php(354): CodeIgniter\CodeIgniter->handleRequest(null, Object(Config\Cache), false)
10 SYSTEMPATH\Boot.php(334): CodeIgniter\CodeIgniter->run()
11 SYSTEMPATH\Boot.php(67): CodeIgniter\Boot::runCodeIgniter(Object(CodeIgniter\CodeIgniter))
12 FCPATH\index.php(59): CodeIgniter\Boot::bootWeb(Object(Config\Paths))
DEBUG - 2025-05-20 10:11:06 --> Session: Class initialized using 'CodeIgniter\Session\Handlers\FileHandler' driver.
DEBUG - 2025-05-20 10:11:06 --> Session: Class initialized using 'CodeIgniter\Session\Handlers\FileHandler' driver.
DEBUG - 2025-05-20 10:11:10 --> Session: Class initialized using 'CodeIgniter\Session\Handlers\FileHandler' driver.
DEBUG - 2025-05-20 10:11:12 --> Session: Class initialized using 'CodeIgniter\Session\Handlers\FileHandler' driver.
DEBUG - 2025-05-20 10:11:57 --> Session: Class initialized using 'CodeIgniter\Session\Handlers\FileHandler' driver.
DEBUG - 2025-05-20 10:11:58 --> Session: Class initialized using 'CodeIgniter\Session\Handlers\FileHandler' driver.
DEBUG - 2025-05-20 10:12:01 --> Session: Class initialized using 'CodeIgniter\Session\Handlers\FileHandler' driver.
DEBUG - 2025-05-20 10:12:43 --> Session: Class initialized using 'CodeIgniter\Session\Handlers\FileHandler' driver.
DEBUG - 2025-05-20 10:12:44 --> Session: Class initialized using 'CodeIgniter\Session\Handlers\FileHandler' driver.
DEBUG - 2025-05-20 10:12:48 --> Session: Class initialized using 'CodeIgniter\Session\Handlers\FileHandler' driver.
DEBUG - 2025-05-20 10:12:57 --> Session: Class initialized using 'CodeIgniter\Session\Handlers\FileHandler' driver.
DEBUG - 2025-05-20 10:12:57 --> Session: Class initialized using 'CodeIgniter\Session\Handlers\FileHandler' driver.
DEBUG - 2025-05-20 10:13:00 --> Session: Class initialized using 'CodeIgniter\Session\Handlers\FileHandler' driver.
DEBUG - 2025-05-20 10:13:00 --> Session: Class initialized using 'CodeIgniter\Session\Handlers\FileHandler' driver.
DEBUG - 2025-05-20 10:13:12 --> Session: Class initialized using 'CodeIgniter\Session\Handlers\FileHandler' driver.
DEBUG - 2025-05-20 10:13:13 --> Session: Class initialized using 'CodeIgniter\Session\Handlers\FileHandler' driver.
DEBUG - 2025-05-20 10:15:30 --> Session: Class initialized using 'CodeIgniter\Session\Handlers\FileHandler' driver.
DEBUG - 2025-05-20 10:16:13 --> Session: Class initialized using 'CodeIgniter\Session\Handlers\FileHandler' driver.
DEBUG - 2025-05-20 10:16:13 --> Session: Class initialized using 'CodeIgniter\Session\Handlers\FileHandler' driver.
DEBUG - 2025-05-20 10:16:19 --> Session: Class initialized using 'CodeIgniter\Session\Handlers\FileHandler' driver.
DEBUG - 2025-05-20 10:16:30 --> Session: Class initialized using 'CodeIgniter\Session\Handlers\FileHandler' driver.
DEBUG - 2025-05-20 10:17:08 --> Session: Class initialized using 'CodeIgniter\Session\Handlers\FileHandler' driver.
DEBUG - 2025-05-20 10:17:09 --> Session: Class initialized using 'CodeIgniter\Session\Handlers\FileHandler' driver.
DEBUG - 2025-05-20 10:17:14 --> Session: Class initialized using 'CodeIgniter\Session\Handlers\FileHandler' driver.
DEBUG - 2025-05-20 10:18:20 --> Session: Class initialized using 'CodeIgniter\Session\Handlers\FileHandler' driver.
DEBUG - 2025-05-20 10:18:21 --> Session: Class initialized using 'CodeIgniter\Session\Handlers\FileHandler' driver.
DEBUG - 2025-05-20 10:18:27 --> Session: Class initialized using 'CodeIgniter\Session\Handlers\FileHandler' driver.
DEBUG - 2025-05-20 10:18:34 --> Session: Class initialized using 'CodeIgniter\Session\Handlers\FileHandler' driver.
DEBUG - 2025-05-20 10:18:34 --> Session: Class initialized using 'CodeIgniter\Session\Handlers\FileHandler' driver.
DEBUG - 2025-05-20 10:21:09 --> Session: Class initialized using 'CodeIgniter\Session\Handlers\FileHandler' driver.
DEBUG - 2025-05-20 10:21:09 --> Session: Class initialized using 'CodeIgniter\Session\Handlers\FileHandler' driver.
DEBUG - 2025-05-20 10:21:19 --> Session: Class initialized using 'CodeIgniter\Session\Handlers\FileHandler' driver.
DEBUG - 2025-05-20 10:21:19 --> Session: Class initialized using 'CodeIgniter\Session\Handlers\FileHandler' driver.
DEBUG - 2025-05-20 10:21:24 --> Session: Class initialized using 'CodeIgniter\Session\Handlers\FileHandler' driver.
DEBUG - 2025-05-20 10:21:56 --> Session: Class initialized using 'CodeIgniter\Session\Handlers\FileHandler' driver.
DEBUG - 2025-05-20 10:29:43 --> Session: Class initialized using 'CodeIgniter\Session\Handlers\FileHandler' driver.
DEBUG - 2025-05-20 10:29:43 --> Session: Class initialized using 'CodeIgniter\Session\Handlers\FileHandler' driver.
DEBUG - 2025-05-20 10:30:41 --> Session: Class initialized using 'CodeIgniter\Session\Handlers\FileHandler' driver.
DEBUG - 2025-05-20 10:30:42 --> Session: Class initialized using 'CodeIgniter\Session\Handlers\FileHandler' driver.
DEBUG - 2025-05-20 10:30:42 --> Session: Class initialized using 'CodeIgniter\Session\Handlers\FileHandler' driver.
DEBUG - 2025-05-20 10:30:43 --> Session: Class initialized using 'CodeIgniter\Session\Handlers\FileHandler' driver.
DEBUG - 2025-05-20 10:34:23 --> Session: Class initialized using 'CodeIgniter\Session\Handlers\FileHandler' driver.
DEBUG - 2025-05-20 10:34:23 --> Session: Class initialized using 'CodeIgniter\Session\Handlers\FileHandler' driver.
DEBUG - 2025-05-20 10:36:25 --> Session: Class initialized using 'CodeIgniter\Session\Handlers\FileHandler' driver.
DEBUG - 2025-05-20 10:37:44 --> Session: Class initialized using 'CodeIgniter\Session\Handlers\FileHandler' driver.
DEBUG - 2025-05-20 10:37:45 --> Session: Class initialized using 'CodeIgniter\Session\Handlers\FileHandler' driver.
DEBUG - 2025-05-20 10:38:11 --> Session: Class initialized using 'CodeIgniter\Session\Handlers\FileHandler' driver.
DEBUG - 2025-05-20 10:38:11 --> Session: Class initialized using 'CodeIgniter\Session\Handlers\FileHandler' driver.
DEBUG - 2025-05-20 10:39:00 --> Session: Class initialized using 'CodeIgniter\Session\Handlers\FileHandler' driver.
DEBUG - 2025-05-20 10:39:00 --> Session: Class initialized using 'CodeIgniter\Session\Handlers\FileHandler' driver.
DEBUG - 2025-05-20 10:39:01 --> Session: Class initialized using 'CodeIgniter\Session\Handlers\FileHandler' driver.
DEBUG - 2025-05-20 10:39:01 --> Session: Class initialized using 'CodeIgniter\Session\Handlers\FileHandler' driver.
DEBUG - 2025-05-20 10:39:02 --> Session: Class initialized using 'CodeIgniter\Session\Handlers\FileHandler' driver.
DEBUG - 2025-05-20 10:39:02 --> Session: Class initialized using 'CodeIgniter\Session\Handlers\FileHandler' driver.
DEBUG - 2025-05-20 10:39:02 --> Session: Class initialized using 'CodeIgniter\Session\Handlers\FileHandler' driver.
DEBUG - 2025-05-20 10:39:02 --> Session: Class initialized using 'CodeIgniter\Session\Handlers\FileHandler' driver.
DEBUG - 2025-05-20 10:39:03 --> Session: Class initialized using 'CodeIgniter\Session\Handlers\FileHandler' driver.
DEBUG - 2025-05-20 10:39:09 --> Session: Class initialized using 'CodeIgniter\Session\Handlers\FileHandler' driver.
DEBUG - 2025-05-20 10:41:52 --> Session: Class initialized using 'CodeIgniter\Session\Handlers\FileHandler' driver.
DEBUG - 2025-05-20 10:41:52 --> Session: Class initialized using 'CodeIgniter\Session\Handlers\FileHandler' driver.
DEBUG - 2025-05-20 10:49:36 --> Session: Class initialized using 'CodeIgniter\Session\Handlers\FileHandler' driver.
DEBUG - 2025-05-20 10:49:37 --> Session: Class initialized using 'CodeIgniter\Session\Handlers\FileHandler' driver.
DEBUG - 2025-05-20 10:50:32 --> Session: Class initialized using 'CodeIgniter\Session\Handlers\FileHandler' driver.
DEBUG - 2025-05-20 10:50:33 --> Session: Class initialized using 'CodeIgniter\Session\Handlers\FileHandler' driver.
DEBUG - 2025-05-20 10:50:33 --> Session: Class initialized using 'CodeIgniter\Session\Handlers\FileHandler' driver.
DEBUG - 2025-05-20 10:50:34 --> Session: Class initialized using 'CodeIgniter\Session\Handlers\FileHandler' driver.
